Total number of independent runs: 10000
Average total items pushed: 17.55
Average total items checked: 10.02
Average path cost of solution: 6.12
Max total items pushed: 420
Max total items checked: 244
Percentage failed: 0.0
Max path cost of solution: 18


[[[[0, 1, 2, 3, 4, 5, 6, 7, 8], '<<vv>^<^'], 20, 11, 8, True], [[[0, 1, 2, 3, 4, 5, 6, 7, 8], '>>^<<^'], 12, 7, 6, True], [[[0, 1, 2, 3, 4, 5, 6, 7, 8], '>v<^<'], 12, 7, 5, True], [[[0, 1, 2, 3, 4, 5, 6, 7, 8], '<vv>^^<<'], 16, 10, 8, True], [[[0, 1, 2, 3, 4, 5, 6, 7, 8], '^<<'], 6, 4, 3, True], [[[0, 1, 2, 3, 4, 5, 6, 7, 8], 'v<^<^>>vv<^<^'], 34, 20, 13, True], [[[0, 1, 2, 3, 4, 5, 6, 7, 8], '^^>vv<^^'], 15, 9, 8, True], [[[0, 1, 2, 3, 4, 5, 6, 7, 8], ''], 0, 1, 0, True], [[[0, 1, 2, 3, 4, 5, 6, 7, 8], '<^<^'], 9, 5, 4, True], [[[0, 1, 2, 3, 4, 5, 6, 7, 8], '^>v<^^<'], 19, 10, 7, True], [[[0, 1, 2, 3, 4, 5, 6, 7, 8], '<v<^^'], 11, 6, 5, True], [[[0, 1, 2, 3, 4, 5, 6, 7, 8], '<^<^>v>^<v<^'], 42, 23, 12, True], [[[0, 1, 2, 3, 4, 5, 6, 7, 8], '<vv<^^'], 12, 7, 6, True], [[[0, 1, 2, 3, 4, 5, 6, 7, 8], '^<'], 6, 3, 2, True], [[[0, 1, 2, 3, 4, 5, 6, 7, 8], '<v>^<<'], 13, 8, 6, True], [[[0, 1, 2, 3, 4, 5, 6, 7, 8], '^>v<^^'], 13, 8, 6, True], [[[0, 1, 2, 3, 4, 5, 6, 7, 8], 'v>^^<<'], 12, 7, 6, True], [[[0, 1, 2, 3, 4, 5, 6, 7, 8], 'v<v<^^'], 12, 7, 6, True], [[[0, 1, 2, 3, 4, 5, 6, 7, 8], '<'], 3, 2, 1, True], [[[0, 1, 2, 3, 4, 5, 6, 7, 8], '<^'], 6, 3, 2, True], [[[0, 1, 2, 3, 4, 5, 6, 7, 8], '<^>vv<<^^'], 24, 15, 9, True], [[[0, 1, 2, 3, 4, 5, 6, 7, 8], 'v<^^<'], 11, 6, 5, True], [[[0, 1, 2, 3, 4, 5, 6, 7, 8], '<'], 3, 2, 1, True], [[[0, 1, 2, 3, 4, 5, 6, 7, 8], '>>^<^<'], 12, 7, 6, True], [[[0, 1, 2, 3, 4, 5, 6, 7, 8], '^>vv<^^'], 14, 8, 7, True], [[[0, 1, 2, 3, 4, 5, 6, 7, 8], '>^>^<<'], 12, 7, 6, True], [[[0, 1, 2, 3, 4, 5, 6, 7, 8], '>^^<'], 9, 5, 4, True], [[[0, 1, 2, 3, 4, 5, 6, 7, 8], 'vv<^>v>^<<^'], 42, 24, 11, True], [[[0, 1, 2, 3, 4, 5, 6, 7, 8], '<^<'], 8, 4, 3, True], [[[0, 1, 2, 3, 4, 5, 6, 7, 8], '<v<^^'], 11, 6, 5, True], [[[0, 1, 2, 3, 4, 5, 6, 7, 8], '^'], 3, 2, 1, True], [[[0, 1, 2, 3, 4, 5, 6, 7, 8], '<^<'], 8, 4, 3, True], [[[0, 1, 2, 3, 4, 5, 6, 7, 8], 'v<^^'], 9, 5, 4, True], [[[0, 1, 2, 3, 4, 5, 6, 7, 8], '<^^'], 6, 4, 3, True], [[[0, 1, 2, 3, 4, 5, 6, 7, 8], 'v<^'], 8, 4, 3, True], [[[0, 1, 2, 3, 4, 5, 6, 7, 8], '<<'], 4, 3, 2, True], [[[0, 1, 2, 3, 4, 5, 6, 7, 8], '<^>v<v>^<v<^^'], 61, 37, 13, True], [[[0, 1, 2, 3, 4, 5, 6, 7, 8], '^>v<^^'], 13, 8, 6, True], [[[0, 1, 2, 3, 4, 5, 6, 7, 8], '^'], 3, 2, 1, True], [[[0, 1, 2, 3, 4, 5, 6, 7, 8], '^<v<^'], 11, 6, 5, True], [[[0, 1, 2, 3, 4, 5, 6, 7, 8], '^>v>^<^<'], 20, 11, 8, True], [[[0, 1, 2, 3, 4, 5, 6, 7, 8], '^<^<'], 9, 5, 4, True], [[[0, 1, 2, 3, 4, 5, 6, 7, 8], '<v>^<<'], 13, 8, 6, True], [[[0, 1, 2, 3, 4, 5, 6, 7, 8], 'vv>>^<<^'], 17, 10, 8, True], [[[0, 1, 2, 3, 4, 5, 6, 7, 8], '^^<<v>^<'], 15, 9, 8, True], [[[0, 1, 2, 3, 4, 5, 6, 7, 8], '<<^'], 8, 4, 3, True], [[[0, 1, 2, 3, 4, 5, 6, 7, 8], '<^^>>v<^<'], 24, 13, 9, True], [[[0, 1, 2, 3, 4, 5, 6, 7, 8], 'v<^>vv>^^<<'], 45, 27, 11, True], [[[0, 1, 2, 3, 4, 5, 6, 7, 8], '^^>v<^'], 12, 7, 6, True], [[[0, 1, 2, 3, 4, 5, 6, 7, 8], '<vv>>^<<^'], 21, 12, 9, True], [[[0, 1, 2, 3, 4, 5, 6, 7, 8], '<vv>^>v<^<^'], 32, 18, 11, True], [[[0, 1, 2, 3, 4, 5, 6, 7, 8], '<^^>>v<<^'], 17, 10, 9, True], [[[0, 1, 2, 3, 4, 5, 6, 7, 8], 'v<^<^>v<^'], 29, 15, 9, True], [[[0, 1, 2, 3, 4, 5, 6, 7, 8], '^>vv<<^^'], 15, 9, 8, True], [[[0, 1, 2, 3, 4, 5, 6, 7, 8], '>^^<<'], 9, 6, 5, True], [[[0, 1, 2, 3, 4, 5, 6, 7, 8], 'vv<<^>^<'], 15, 9, 8, True], [[[0, 1, 2, 3, 4, 5, 6, 7, 8], '>vv<^>^<'], 24, 13, 8, True], [[[0, 1, 2, 3, 4, 5, 6, 7, 8], '>^<^'], 9, 5, 4, True], [[[0, 1, 2, 3, 4, 5, 6, 7, 8], '^'], 3, 2, 1, True], [[[0, 1, 2, 3, 4, 5, 6, 7, 8], '>>vv<^<^'], 15, 9, 8, True], [[[0, 1, 2, 3, 4, 5, 6, 7, 8], '<v>^<'], 11, 6, 5, True], [[[0, 1, 2, 3, 4, 5, 6, 7, 8], '^>^<<'], 11, 6, 5, True], [[[0, 1, 2, 3, 4, 5, 6, 7, 8], '>v<^'], 9, 5, 4, True], [[[0, 1, 2, 3, 4, 5, 6, 7, 8], '<^'], 6, 3, 2, True], [[[0, 1, 2, 3, 4, 5, 6, 7, 8], '>v<^<'], 12, 7, 5, True], [[[0, 1, 2, 3, 4, 5, 6, 7, 8], '^<<v>v>^^<<'], 20, 12, 11, True], [[[0, 1, 2, 3, 4, 5, 6, 7, 8], '>v<<^^'], 12, 7, 6, True], [[[0, 1, 2, 3, 4, 5, 6, 7, 8], '^'], 3, 2, 1, True], [[[0, 1, 2, 3, 4, 5, 6, 7, 8], 'v>>^<v<^'], 24, 13, 8, True], [[[0, 1, 2, 3, 4, 5, 6, 7, 8], '^>^>v<<^'], 25, 14, 8, True], [[[0, 1, 2, 3, 4, 5, 6, 7, 8], '>>^<<'], 11, 6, 5, True], [[[0, 1, 2, 3, 4, 5, 6, 7, 8], '>^<v>>v<<^^'], 45, 27, 11, True], [[[0, 1, 2, 3, 4, 5, 6, 7, 8], '>^<v>^^<<'], 36, 21, 9, True], [[[0, 1, 2, 3, 4, 5, 6, 7, 8], '>^>^<v<^'], 20, 11, 8, True], [[[0, 1, 2, 3, 4, 5, 6, 7, 8], 'vv<<^^'], 10, 7, 6, True], [[[0, 1, 2, 3, 4, 5, 6, 7, 8], '^^'], 4, 3, 2, True], [[[0, 1, 2, 3, 4, 5, 6, 7, 8], '<v>v<^^'], 21, 12, 7, True], [[[0, 1, 2, 3, 4, 5, 6, 7, 8], '>>^<v<^>^<'], 29, 16, 10, True], [[[0, 1, 2, 3, 4, 5, 6, 7, 8], '>v<<^^'], 12, 7, 6, True], [[[0, 1, 2, 3, 4, 5, 6, 7, 8], '^'], 3, 2, 1, True], [[[0, 1, 2, 3, 4, 5, 6, 7, 8], 'v>^<<'], 12, 7, 5, True], [[[0, 1, 2, 3, 4, 5, 6, 7, 8], '>^<<'], 9, 5, 4, True], [[[0, 1, 2, 3, 4, 5, 6, 7, 8], '^>v<^^'], 13, 8, 6, True], [[[0, 1, 2, 3, 4, 5, 6, 7, 8], '<<'], 4, 3, 2, True], [[[0, 1, 2, 3, 4, 5, 6, 7, 8], 'v<<^^'], 9, 6, 5, True], [[[0, 1, 2, 3, 4, 5, 6, 7, 8], '^<v<^>v>^<<^'], 65, 37, 12, True], [[[0, 1, 2, 3, 4, 5, 6, 7, 8], '<v>v>^^<<'], 17, 10, 9, True], [[[0, 1, 2, 3, 4, 5, 6, 7, 8], '^>^<'], 9, 5, 4, True], [[[0, 1, 2, 3, 4, 5, 6, 7, 8], 'vv>^^<'], 12, 7, 6, True], [[[0, 1, 2, 3, 4, 5, 6, 7, 8], '^'], 3, 2, 1, True], [[[0, 1, 2, 3, 4, 5, 6, 7, 8], 'v<<^^'], 9, 6, 5, True], [[[0, 1, 2, 3, 4, 5, 6, 7, 8], '>>^^<v<^'], 15, 9, 8, True], [[[0, 1, 2, 3, 4, 5, 6, 7, 8], 'v>v<^^'], 14, 8, 6, True], [[[0, 1, 2, 3, 4, 5, 6, 7, 8], '>^^<vv<^^'], 21, 13, 9, True], [[[0, 1, 2, 3, 4, 5, 6, 7, 8], '<<v>v<^^'], 23, 13, 8, True], [[[0, 1, 2, 3, 4, 5, 6, 7, 8], '>v>^<v<^'], 20, 11, 8, True], [[[0, 1, 2, 3, 4, 5, 6, 7, 8], '<^<'], 8, 4, 3, True], [[[0, 1, 2, 3, 4, 5, 6, 7, 8], '<v>^<<'], 13, 8, 6, True], [[[0, 1, 2, 3, 4, 5, 6, 7, 8], '<^>>^<v<^'], 37, 20, 9, True], [[[0, 1, 2, 3, 4, 5, 6, 7, 8], '>vv>^<^>v<^<'], 58, 32, 12, True], [[[0, 1, 2, 3, 4, 5, 6, 7, 8], 'v>>^<<^'], 15, 9, 7, True], [[[0, 1, 2, 3, 4, 5, 6, 7, 8], '>^<'], 8, 4, 3, True], [[[0, 1, 2, 3, 4, 5, 6, 7, 8], '^^'], 4, 3, 2, True], [[[0, 1, 2, 3, 4, 5, 6, 7, 8], '>v<^^'], 12, 7, 5, True], [[[0, 1, 2, 3, 4, 5, 6, 7, 8], '>^<^'], 9, 5, 4, True], [[[0, 1, 2, 3, 4, 5, 6, 7, 8], '<v<^^'], 11, 6, 5, True], [[[0, 1, 2, 3, 4, 5, 6, 7, 8], '>^^<<'], 9, 6, 5, True], [[[0, 1, 2, 3, 4, 5, 6, 7, 8], '>v<^<^'], 17, 9, 6, True], [[[0, 1, 2, 3, 4, 5, 6, 7, 8], '<^>^<'], 11, 6, 5, True], [[[0, 1, 2, 3, 4, 5, 6, 7, 8], '<<^^'], 7, 5, 4, True], [[[0, 1, 2, 3, 4, 5, 6, 7, 8], '<<v>>v<^^<'], 23, 13, 10, True], [[[0, 1, 2, 3, 4, 5, 6, 7, 8], '>^^<vv<^^'], 21, 13, 9, True], [[[0, 1, 2, 3, 4, 5, 6, 7, 8], 'v<<^>v<^'], 27, 14, 8, True], [[[0, 1, 2, 3, 4, 5, 6, 7, 8], 'v<^>v>^<<'], 32, 19, 9, True], [[[0, 1, 2, 3, 4, 5, 6, 7, 8], '<'], 3, 2, 1, True], [[[0, 1, 2, 3, 4, 5, 6, 7, 8], '<v>^^<vv<^>>^<<'], 77, 45, 15, True], [[[0, 1, 2, 3, 4, 5, 6, 7, 8], 'vv<^^'], 11, 6, 5, True], [[[0, 1, 2, 3, 4, 5, 6, 7, 8], '^<^<'], 9, 5, 4, True], [[[0, 1, 2, 3, 4, 5, 6, 7, 8], '^^<<'], 7, 5, 4, True], [[[0, 1, 2, 3, 4, 5, 6, 7, 8], 'v>^^<'], 11, 6, 5, True], [[[0, 1, 2, 3, 4, 5, 6, 7, 8], 'v<v>>^^<<'], 18, 11, 9, True], [[[0, 1, 2, 3, 4, 5, 6, 7, 8], '<<^>^>v<^<'], 21, 12, 10, True], [[[0, 1, 2, 3, 4, 5, 6, 7, 8], 'v>^<'], 9, 5, 4, True], [[[0, 1, 2, 3, 4, 5, 6, 7, 8], '<^>v<^^'], 24, 14, 7, True], [[[0, 1, 2, 3, 4, 5, 6, 7, 8], '^>v<^'], 11, 6, 5, True], [[[0, 1, 2, 3, 4, 5, 6, 7, 8], ''], 0, 1, 0, True], [[[0, 1, 2, 3, 4, 5, 6, 7, 8], '>v>v<^<^'], 20, 11, 8, True], [[[0, 1, 2, 3, 4, 5, 6, 7, 8], 'v>>v<^^<'], 20, 11, 8, True], [[[0, 1, 2, 3, 4, 5, 6, 7, 8], '^>v<<^'], 17, 9, 6, True], [[[0, 1, 2, 3, 4, 5, 6, 7, 8], '<^'], 6, 3, 2, True], [[[0, 1, 2, 3, 4, 5, 6, 7, 8], '<<^^'], 7, 5, 4, True], [[[0, 1, 2, 3, 4, 5, 6, 7, 8], '<<^>^<'], 12, 7, 6, True], [[[0, 1, 2, 3, 4, 5, 6, 7, 8], '>^<^'], 9, 5, 4, True], [[[0, 1, 2, 3, 4, 5, 6, 7, 8], '<v>v>^<^<'], 22, 12, 9, True], [[[0, 1, 2, 3, 4, 5, 6, 7, 8], '>^^<'], 9, 5, 4, True], [[[0, 1, 2, 3, 4, 5, 6, 7, 8], '^^>v<^'], 12, 7, 6, True], [[[0, 1, 2, 3, 4, 5, 6, 7, 8], '>>^^<<'], 10, 7, 6, True], [[[0, 1, 2, 3, 4, 5, 6, 7, 8], '>^^<'], 9, 5, 4, True], [[[0, 1, 2, 3, 4, 5, 6, 7, 8], '>v>^<<v>^<'], 31, 17, 10, True], [[[0, 1, 2, 3, 4, 5, 6, 7, 8], '^<v<^^'], 12, 7, 6, True], [[[0, 1, 2, 3, 4, 5, 6, 7, 8], '>v>^^<v<^'], 20, 11, 9, True], [[[0, 1, 2, 3, 4, 5, 6, 7, 8], 'v<v>^^<<v>^<'], 50, 29, 12, True], [[[0, 1, 2, 3, 4, 5, 6, 7, 8], 'vv>^>^<<'], 15, 9, 8, True], [[[0, 1, 2, 3, 4, 5, 6, 7, 8], '^<^<'], 9, 5, 4, True], [[[0, 1, 2, 3, 4, 5, 6, 7, 8], '>v<<^^'], 12, 7, 6, True], [[[0, 1, 2, 3, 4, 5, 6, 7, 8], '^<v>^>^<<'], 25, 14, 9, True], [[[0, 1, 2, 3, 4, 5, 6, 7, 8], 'vv>^>^<<'], 15, 9, 8, True], [[[0, 1, 2, 3, 4, 5, 6, 7, 8], '^<v<^'], 11, 6, 5, True], [[[0, 1, 2, 3, 4, 5, 6, 7, 8], 'vv>^^<'], 12, 7, 6, True], [[[0, 1, 2, 3, 4, 5, 6, 7, 8], '^>^<'], 9, 5, 4, True], [[[0, 1, 2, 3, 4, 5, 6, 7, 8], '^<<v>^<'], 14, 8, 7, True], [[[0, 1, 2, 3, 4, 5, 6, 7, 8], 'vv>^<^<'], 20, 11, 7, True], [[[0, 1, 2, 3, 4, 5, 6, 7, 8], '<<^^'], 7, 5, 4, True], [[[0, 1, 2, 3, 4, 5, 6, 7, 8], '<<^^'], 7, 5, 4, True], [[[0, 1, 2, 3, 4, 5, 6, 7, 8], 'v<<^>^<'], 14, 8, 7, True], [[[0, 1, 2, 3, 4, 5, 6, 7, 8], 'vv<^^>v<^'], 21, 12, 9, True], [[[0, 1, 2, 3, 4, 5, 6, 7, 8], '^>v>^<^<'], 20, 11, 8, True], [[[0, 1, 2, 3, 4, 5, 6, 7, 8], '^^<<v>^<'], 15, 9, 8, True], [[[0, 1, 2, 3, 4, 5, 6, 7, 8], '<v>>^<<'], 14, 8, 7, True], [[[0, 1, 2, 3, 4, 5, 6, 7, 8], '^<^'], 8, 4, 3, True], [[[0, 1, 2, 3, 4, 5, 6, 7, 8], '^^'], 4, 3, 2, True], [[[0, 1, 2, 3, 4, 5, 6, 7, 8], '<^>v<^^'], 24, 14, 7, True], [[[0, 1, 2, 3, 4, 5, 6, 7, 8], 'v<^^<'], 11, 6, 5, True], [[[0, 1, 2, 3, 4, 5, 6, 7, 8], 'v>>^<<^'], 15, 9, 7, True], [[[0, 1, 2, 3, 4, 5, 6, 7, 8], '^>^<'], 9, 5, 4, True], [[[0, 1, 2, 3, 4, 5, 6, 7, 8], '<^>^<'], 11, 6, 5, True], [[[0, 1, 2, 3, 4, 5, 6, 7, 8], 'vv<^>^<'], 20, 11, 7, True], [[[0, 1, 2, 3, 4, 5, 6, 7, 8], '>v>^<<'], 14, 8, 6, True], [[[0, 1, 2, 3, 4, 5, 6, 7, 8], 'v>v>^<^<'], 20, 11, 8, True], [[[0, 1, 2, 3, 4, 5, 6, 7, 8], 'v<^^'], 9, 5, 4, True], [[[0, 1, 2, 3, 4, 5, 6, 7, 8], '>>^<v>^^<<'], 37, 22, 10, True], [[[0, 1, 2, 3, 4, 5, 6, 7, 8], '<'], 3, 2, 1, True], [[[0, 1, 2, 3, 4, 5, 6, 7, 8], '<<'], 4, 3, 2, True], [[[0, 1, 2, 3, 4, 5, 6, 7, 8], '<^'], 6, 3, 2, True], [[[0, 1, 2, 3, 4, 5, 6, 7, 8], '<v>v>^^<v>^<<'], 45, 26, 13, True], [[[0, 1, 2, 3, 4, 5, 6, 7, 8], '^>v<^<v>^>^<<'], 59, 35, 13, True], [[[0, 1, 2, 3, 4, 5, 6, 7, 8], '>v<^>>v<<^^'], 50, 30, 11, True], [[[0, 1, 2, 3, 4, 5, 6, 7, 8], '^^<<'], 7, 5, 4, True], [[[0, 1, 2, 3, 4, 5, 6, 7, 8], 'v>>^^<v<^'], 18, 11, 9, True], [[[0, 1, 2, 3, 4, 5, 6, 7, 8], '^<v<^'], 11, 6, 5, True], [[[0, 1, 2, 3, 4, 5, 6, 7, 8], '^>^<'], 9, 5, 4, True], [[[0, 1, 2, 3, 4, 5, 6, 7, 8], '>v<<^^'], 12, 7, 6, True], [[[0, 1, 2, 3, 4, 5, 6, 7, 8], '>^<^'], 9, 5, 4, True], [[[0, 1, 2, 3, 4, 5, 6, 7, 8], 'v>v<^^'], 14, 8, 6, True], [[[0, 1, 2, 3, 4, 5, 6, 7, 8], '<<^^'], 7, 5, 4, True], [[[0, 1, 2, 3, 4, 5, 6, 7, 8], 'v>>^^<<'], 12, 8, 7, True], [[[0, 1, 2, 3, 4, 5, 6, 7, 8], 'v>^<'], 9, 5, 4, True], [[[0, 1, 2, 3, 4, 5, 6, 7, 8], 'vv<<^^'], 10, 7, 6, True], [[[0, 1, 2, 3, 4, 5, 6, 7, 8], '<v>^<'], 11, 6, 5, True], [[[0, 1, 2, 3, 4, 5, 6, 7, 8], '^'], 3, 2, 1, True], [[[0, 1, 2, 3, 4, 5, 6, 7, 8], 'vv<^>^<v<^'], 29, 16, 10, True], [[[0, 1, 2, 3, 4, 5, 6, 7, 8], '>^<v<^'], 17, 9, 6, True], [[[0, 1, 2, 3, 4, 5, 6, 7, 8], '<v>^<<'], 13, 8, 6, True], [[[0, 1, 2, 3, 4, 5, 6, 7, 8], '<^'], 6, 3, 2, True], [[[0, 1, 2, 3, 4, 5, 6, 7, 8], '<^<^'], 9, 5, 4, True], [[[0, 1, 2, 3, 4, 5, 6, 7, 8], '^'], 3, 2, 1, True], [[[0, 1, 2, 3, 4, 5, 6, 7, 8], '<^>^<'], 11, 6, 5, True], [[[0, 1, 2, 3, 4, 5, 6, 7, 8], '<^^>vv<^>^<<'], 52, 31, 12, True], [[[0, 1, 2, 3, 4, 5, 6, 7, 8], 'v>^<<^>>vv<^^<'], 115, 64, 14, True], [[[0, 1, 2, 3, 4, 5, 6, 7, 8], '<<'], 4, 3, 2, True], [[[0, 1, 2, 3, 4, 5, 6, 7, 8], '<'], 3, 2, 1, True], [[[0, 1, 2, 3, 4, 5, 6, 7, 8], '<^>v<^^'], 24, 14, 7, True], [[[0, 1, 2, 3, 4, 5, 6, 7, 8], '<'], 3, 2, 1, True], [[[0, 1, 2, 3, 4, 5, 6, 7, 8], '>v<^'], 9, 5, 4, True], [[[0, 1, 2, 3, 4, 5, 6, 7, 8], '<^^'], 6, 4, 3, True], [[[0, 1, 2, 3, 4, 5, 6, 7, 8], '^^<vv>^^<vv<^^'], 36, 22, 14, True], [[[0, 1, 2, 3, 4, 5, 6, 7, 8], '^<<v>^<vv>^^<'], 100, 57, 13, True], [[[0, 1, 2, 3, 4, 5, 6, 7, 8], '<<'], 4, 3, 2, True], [[[0, 1, 2, 3, 4, 5, 6, 7, 8], 'v<<^>>v<<^^'], 21, 13, 11, True], [[[0, 1, 2, 3, 4, 5, 6, 7, 8], '<v>^<<^'], 19, 10, 7, True], [[[0, 1, 2, 3, 4, 5, 6, 7, 8], 'v>^<'], 9, 5, 4, True], [[[0, 1, 2, 3, 4, 5, 6, 7, 8], 'vv<^>^<<'], 23, 13, 8, True], [[[0, 1, 2, 3, 4, 5, 6, 7, 8], '<v>v<^<^'], 20, 11, 8, True], [[[0, 1, 2, 3, 4, 5, 6, 7, 8], '<^>v>^<^<'], 25, 14, 9, True], [[[0, 1, 2, 3, 4, 5, 6, 7, 8], 'v<<^^'], 9, 6, 5, True], [[[0, 1, 2, 3, 4, 5, 6, 7, 8], '^>v<^'], 11, 6, 5, True], [[[0, 1, 2, 3, 4, 5, 6, 7, 8], 'vv>^^<'], 12, 7, 6, True], [[[0, 1, 2, 3, 4, 5, 6, 7, 8], '<<v>^>v<^<'], 27, 15, 10, True], [[[0, 1, 2, 3, 4, 5, 6, 7, 8], '>vv<^<^'], 14, 8, 7, True], [[[0, 1, 2, 3, 4, 5, 6, 7, 8], '<v>^<^<'], 19, 10, 7, True], [[[0, 1, 2, 3, 4, 5, 6, 7, 8], '<v>>^<<^'], 18, 10, 8, True], [[[0, 1, 2, 3, 4, 5, 6, 7, 8], '<^'], 6, 3, 2, True], [[[0, 1, 2, 3, 4, 5, 6, 7, 8], '<^^'], 6, 4, 3, True], [[[0, 1, 2, 3, 4, 5, 6, 7, 8], '<'], 3, 2, 1, True], [[[0, 1, 2, 3, 4, 5, 6, 7, 8], 'v<^'], 8, 4, 3, True], [[[0, 1, 2, 3, 4, 5, 6, 7, 8], 'v<^'], 8, 4, 3, True], [[[0, 1, 2, 3, 4, 5, 6, 7, 8], '^'], 3, 2, 1, True], [[[0, 1, 2, 3, 4, 5, 6, 7, 8], 'v<<^^'], 9, 6, 5, True], [[[0, 1, 2, 3, 4, 5, 6, 7, 8], '<v>^<^'], 15, 8, 6, True], [[[0, 1, 2, 3, 4, 5, 6, 7, 8], '<^^>v>^<<'], 30, 17, 9, True], [[[0, 1, 2, 3, 4, 5, 6, 7, 8], '<<^>^<'], 12, 7, 6, True], [[[0, 1, 2, 3, 4, 5, 6, 7, 8], 'v>^<'], 9, 5, 4, True], [[[0, 1, 2, 3, 4, 5, 6, 7, 8], '<<^>v<^'], 26, 13, 7, True], [[[0, 1, 2, 3, 4, 5, 6, 7, 8], '^'], 3, 2, 1, True], [[[0, 1, 2, 3, 4, 5, 6, 7, 8], '^^<<'], 7, 5, 4, True], [[[0, 1, 2, 3, 4, 5, 6, 7, 8], '^^<'], 8, 4, 3, True], [[[0, 1, 2, 3, 4, 5, 6, 7, 8], '<v>^<<'], 13, 8, 6, True], [[[0, 1, 2, 3, 4, 5, 6, 7, 8], 'v<v<^^'], 12, 7, 6, True], [[[0, 1, 2, 3, 4, 5, 6, 7, 8], '>^<^'], 9, 5, 4, True], [[[0, 1, 2, 3, 4, 5, 6, 7, 8], '^<'], 6, 3, 2, True], [[[0, 1, 2, 3, 4, 5, 6, 7, 8], 'vv>>^<<^'], 17, 10, 8, True], [[[0, 1, 2, 3, 4, 5, 6, 7, 8], '^<'], 6, 3, 2, True], [[[0, 1, 2, 3, 4, 5, 6, 7, 8], '>v>v<^^<'], 32, 17, 8, True], [[[0, 1, 2, 3, 4, 5, 6, 7, 8], '>v<^>v>^<<'], 37, 21, 10, True], [[[0, 1, 2, 3, 4, 5, 6, 7, 8], '<v<^^'], 11, 6, 5, True], [[[0, 1, 2, 3, 4, 5, 6, 7, 8], '^^<<'], 7, 5, 4, True], [[[0, 1, 2, 3, 4, 5, 6, 7, 8], '>v<^^'], 12, 7, 5, True], [[[0, 1, 2, 3, 4, 5, 6, 7, 8], '^'], 3, 2, 1, True], [[[0, 1, 2, 3, 4, 5, 6, 7, 8], '^'], 3, 2, 1, True], [[[0, 1, 2, 3, 4, 5, 6, 7, 8], '>v>^<<^'], 20, 11, 7, True], [[[0, 1, 2, 3, 4, 5, 6, 7, 8], '<<vv>^<^'], 20, 11, 8, True], [[[0, 1, 2, 3, 4, 5, 6, 7, 8], '^<v<^^'], 12, 7, 6, True], [[[0, 1, 2, 3, 4, 5, 6, 7, 8], '^<^<v>>^<<'], 30, 17, 10, True], [[[0, 1, 2, 3, 4, 5, 6, 7, 8], '^<v<^'], 11, 6, 5, True], [[[0, 1, 2, 3, 4, 5, 6, 7, 8], 'v<^<'], 9, 5, 4, True], [[[0, 1, 2, 3, 4, 5, 6, 7, 8], '<<v>^<'], 12, 7, 6, True], [[[0, 1, 2, 3, 4, 5, 6, 7, 8], '^<<^'], 9, 5, 4, True], [[[0, 1, 2, 3, 4, 5, 6, 7, 8], '>^<<'], 9, 5, 4, True], [[[0, 1, 2, 3, 4, 5, 6, 7, 8], '>^<<'], 9, 5, 4, True], [[[0, 1, 2, 3, 4, 5, 6, 7, 8], '<<^'], 8, 4, 3, True], [[[0, 1, 2, 3, 4, 5, 6, 7, 8], '^<vv>>^<<^'], 31, 18, 10, True], [[[0, 1, 2, 3, 4, 5, 6, 7, 8], 'v>^^<<'], 12, 7, 6, True], [[[0, 1, 2, 3, 4, 5, 6, 7, 8], '^>^<<'], 11, 6, 5, True], [[[0, 1, 2, 3, 4, 5, 6, 7, 8], '<v<^^'], 11, 6, 5, True], [[[0, 1, 2, 3, 4, 5, 6, 7, 8], 'v<v>^<^'], 17, 9, 7, True], [[[0, 1, 2, 3, 4, 5, 6, 7, 8], 'v>>v<^>^<<'], 24, 14, 10, True], [[[0, 1, 2, 3, 4, 5, 6, 7, 8], 'v>^<<vv>^<^'], 38, 22, 11, True], [[[0, 1, 2, 3, 4, 5, 6, 7, 8], '<v>>v<^^<'], 22, 12, 9, True], [[[0, 1, 2, 3, 4, 5, 6, 7, 8], ''], 0, 1, 0, True], [[[0, 1, 2, 3, 4, 5, 6, 7, 8], '<'], 3, 2, 1, True], [[[0, 1, 2, 3, 4, 5, 6, 7, 8], '>^<'], 8, 4, 3, True], [[[0, 1, 2, 3, 4, 5, 6, 7, 8], '<v>v<^<^'], 20, 11, 8, True], [[[0, 1, 2, 3, 4, 5, 6, 7, 8], '<^>v<^'], 24, 12, 6, True], [[[0, 1, 2, 3, 4, 5, 6, 7, 8], '^<v>v<^^'], 28, 16, 8, True], [[[0, 1, 2, 3, 4, 5, 6, 7, 8], '^^<'], 8, 4, 3, True], [[[0, 1, 2, 3, 4, 5, 6, 7, 8], '<^>^<<'], 12, 7, 6, True], [[[0, 1, 2, 3, 4, 5, 6, 7, 8], '^<'], 6, 3, 2, True], [[[0, 1, 2, 3, 4, 5, 6, 7, 8], '<'], 3, 2, 1, True], [[[0, 1, 2, 3, 4, 5, 6, 7, 8], '<^<'], 8, 4, 3, True], [[[0, 1, 2, 3, 4, 5, 6, 7, 8], ''], 0, 1, 0, True], [[[0, 1, 2, 3, 4, 5, 6, 7, 8], '<v>^<<'], 13, 8, 6, True], [[[0, 1, 2, 3, 4, 5, 6, 7, 8], 'v>^<'], 9, 5, 4, True], [[[0, 1, 2, 3, 4, 5, 6, 7, 8], 'v<^'], 8, 4, 3, True], [[[0, 1, 2, 3, 4, 5, 6, 7, 8], '>v<^>vv<^>^<<'], 82, 48, 13, True], [[[0, 1, 2, 3, 4, 5, 6, 7, 8], '^>^<v<^'], 19, 10, 7, True], [[[0, 1, 2, 3, 4, 5, 6, 7, 8], '<<^'], 8, 4, 3, True], [[[0, 1, 2, 3, 4, 5, 6, 7, 8], '>v<^<'], 12, 7, 5, True], [[[0, 1, 2, 3, 4, 5, 6, 7, 8], '<<^>>v<^<^'], 28, 15, 10, True], [[[0, 1, 2, 3, 4, 5, 6, 7, 8], '<^<'], 8, 4, 3, True], [[[0, 1, 2, 3, 4, 5, 6, 7, 8], '^^<'], 8, 4, 3, True], [[[0, 1, 2, 3, 4, 5, 6, 7, 8], '>^>^<<'], 12, 7, 6, True], [[[0, 1, 2, 3, 4, 5, 6, 7, 8], '<'], 3, 2, 1, True], [[[0, 1, 2, 3, 4, 5, 6, 7, 8], 'v<v<^^'], 12, 7, 6, True], [[[0, 1, 2, 3, 4, 5, 6, 7, 8], 'vv<^^'], 11, 6, 5, True], [[[0, 1, 2, 3, 4, 5, 6, 7, 8], '>v>^<^<'], 19, 10, 7, True], [[[0, 1, 2, 3, 4, 5, 6, 7, 8], '^>^<'], 9, 5, 4, True], [[[0, 1, 2, 3, 4, 5, 6, 7, 8], '<^'], 6, 3, 2, True], [[[0, 1, 2, 3, 4, 5, 6, 7, 8], '<<v>>^<v<^'], 40, 22, 10, True], [[[0, 1, 2, 3, 4, 5, 6, 7, 8], '^>vv<^^'], 14, 8, 7, True], [[[0, 1, 2, 3, 4, 5, 6, 7, 8], '>^<^>v<^<'], 30, 17, 9, True], [[[0, 1, 2, 3, 4, 5, 6, 7, 8], '<^<'], 8, 4, 3, True], [[[0, 1, 2, 3, 4, 5, 6, 7, 8], '<v<^'], 9, 5, 4, True], [[[0, 1, 2, 3, 4, 5, 6, 7, 8], '<v>>^<^<'], 17, 9, 8, True], [[[0, 1, 2, 3, 4, 5, 6, 7, 8], '<'], 3, 2, 1, True], [[[0, 1, 2, 3, 4, 5, 6, 7, 8], '>>vv<<^^'], 13, 9, 8, True], [[[0, 1, 2, 3, 4, 5, 6, 7, 8], '<v>^^<<vv>^^<'], 37, 23, 13, True], [[[0, 1, 2, 3, 4, 5, 6, 7, 8], 'v>^<'], 9, 5, 4, True], [[[0, 1, 2, 3, 4, 5, 6, 7, 8], '^'], 3, 2, 1, True], [[[0, 1, 2, 3, 4, 5, 6, 7, 8], 'v>>^^<<'], 12, 8, 7, True], [[[0, 1, 2, 3, 4, 5, 6, 7, 8], 'vv>^^<'], 12, 7, 6, True], [[[0, 1, 2, 3, 4, 5, 6, 7, 8], 'v>^<'], 9, 5, 4, True], [[[0, 1, 2, 3, 4, 5, 6, 7, 8], '>vv<^<^'], 14, 8, 7, True], [[[0, 1, 2, 3, 4, 5, 6, 7, 8], '^<v>v<^^<'], 32, 17, 9, True], [[[0, 1, 2, 3, 4, 5, 6, 7, 8], '>^^<<'], 9, 6, 5, True], [[[0, 1, 2, 3, 4, 5, 6, 7, 8], '^>>^<<'], 12, 7, 6, True], [[[0, 1, 2, 3, 4, 5, 6, 7, 8], '>^<^'], 9, 5, 4, True], [[[0, 1, 2, 3, 4, 5, 6, 7, 8], 'v>^^<<'], 12, 7, 6, True], [[[0, 1, 2, 3, 4, 5, 6, 7, 8], '<^>^<<v>>^<<'], 25, 14, 12, True], [[[0, 1, 2, 3, 4, 5, 6, 7, 8], 'v>^<'], 9, 5, 4, True], [[[0, 1, 2, 3, 4, 5, 6, 7, 8], 'v<^<^'], 11, 6, 5, True], [[[0, 1, 2, 3, 4, 5, 6, 7, 8], '<^^<v>^>v<<^'], 64, 38, 12, True], [[[0, 1, 2, 3, 4, 5, 6, 7, 8], 'v>>^<vv>^<^<'], 40, 23, 12, True], [[[0, 1, 2, 3, 4, 5, 6, 7, 8], 'v<^<'], 9, 5, 4, True], [[[0, 1, 2, 3, 4, 5, 6, 7, 8], '>v<v>^<v<^^'], 40, 23, 11, True], [[[0, 1, 2, 3, 4, 5, 6, 7, 8], '^<^<'], 9, 5, 4, True], [[[0, 1, 2, 3, 4, 5, 6, 7, 8], '^<'], 6, 3, 2, True], [[[0, 1, 2, 3, 4, 5, 6, 7, 8], 'v>>^<<'], 12, 7, 6, True], [[[0, 1, 2, 3, 4, 5, 6, 7, 8], '>>v<^<'], 14, 8, 6, True], [[[0, 1, 2, 3, 4, 5, 6, 7, 8], '^^>v<^'], 12, 7, 6, True], [[[0, 1, 2, 3, 4, 5, 6, 7, 8], '^<v>^<<'], 29, 16, 7, True], [[[0, 1, 2, 3, 4, 5, 6, 7, 8], '<^>v<v>^<v<^^'], 61, 37, 13, True], [[[0, 1, 2, 3, 4, 5, 6, 7, 8], '<^^>v<^'], 14, 8, 7, True], [[[0, 1, 2, 3, 4, 5, 6, 7, 8], 'v>>v<<^^'], 17, 10, 8, True], [[[0, 1, 2, 3, 4, 5, 6, 7, 8], '<^>v<^^<'], 31, 17, 8, True], [[[0, 1, 2, 3, 4, 5, 6, 7, 8], '<^^<'], 9, 5, 4, True], [[[0, 1, 2, 3, 4, 5, 6, 7, 8], '^'], 3, 2, 1, True], [[[0, 1, 2, 3, 4, 5, 6, 7, 8], '>^<'], 8, 4, 3, True], [[[0, 1, 2, 3, 4, 5, 6, 7, 8], '<vv<^^'], 12, 7, 6, True], [[[0, 1, 2, 3, 4, 5, 6, 7, 8], '<^>>v<<^'], 17, 9, 8, True], [[[0, 1, 2, 3, 4, 5, 6, 7, 8], ''], 0, 1, 0, True], [[[0, 1, 2, 3, 4, 5, 6, 7, 8], 'v<^<^'], 11, 6, 5, True], [[[0, 1, 2, 3, 4, 5, 6, 7, 8], '>^<<^'], 11, 6, 5, True], [[[0, 1, 2, 3, 4, 5, 6, 7, 8], 'v<^<'], 9, 5, 4, True], [[[0, 1, 2, 3, 4, 5, 6, 7, 8], '^>>v<^<'], 18, 10, 7, True], [[[0, 1, 2, 3, 4, 5, 6, 7, 8], '>>v<<^^'], 15, 9, 7, True], [[[0, 1, 2, 3, 4, 5, 6, 7, 8], '<^<^'], 9, 5, 4, True], [[[0, 1, 2, 3, 4, 5, 6, 7, 8], '>^^<'], 9, 5, 4, True], [[[0, 1, 2, 3, 4, 5, 6, 7, 8], '<v<^'], 9, 5, 4, True], [[[0, 1, 2, 3, 4, 5, 6, 7, 8], '^<^'], 8, 4, 3, True], [[[0, 1, 2, 3, 4, 5, 6, 7, 8], '<<^'], 8, 4, 3, True], [[[0, 1, 2, 3, 4, 5, 6, 7, 8], 'vv>^^<'], 12, 7, 6, True], [[[0, 1, 2, 3, 4, 5, 6, 7, 8], '>^^<'], 9, 5, 4, True], [[[0, 1, 2, 3, 4, 5, 6, 7, 8], '<v>>^^<<v>v<^^'], 99, 58, 14, True], [[[0, 1, 2, 3, 4, 5, 6, 7, 8], '^^'], 4, 3, 2, True], [[[0, 1, 2, 3, 4, 5, 6, 7, 8], '^<<'], 6, 4, 3, True], [[[0, 1, 2, 3, 4, 5, 6, 7, 8], 'v<^'], 8, 4, 3, True], [[[0, 1, 2, 3, 4, 5, 6, 7, 8], '^>>^<<'], 12, 7, 6, True], [[[0, 1, 2, 3, 4, 5, 6, 7, 8], '<vv>^^<'], 14, 8, 7, True], [[[0, 1, 2, 3, 4, 5, 6, 7, 8], '>v<v>>^<^<'], 38, 20, 10, True], [[[0, 1, 2, 3, 4, 5, 6, 7, 8], 'v<^'], 8, 4, 3, True], [[[0, 1, 2, 3, 4, 5, 6, 7, 8], '>^^>v<<^'], 20, 11, 8, True], [[[0, 1, 2, 3, 4, 5, 6, 7, 8], '^>^>v<^<'], 18, 10, 8, True], [[[0, 1, 2, 3, 4, 5, 6, 7, 8], '>vv<^^'], 12, 7, 6, True], [[[0, 1, 2, 3, 4, 5, 6, 7, 8], '<^^>>v<<^'], 17, 10, 9, True], [[[0, 1, 2, 3, 4, 5, 6, 7, 8], 'v<^'], 8, 4, 3, True], [[[0, 1, 2, 3, 4, 5, 6, 7, 8], '<v>^>v<^<^'], 29, 16, 10, True], [[[0, 1, 2, 3, 4, 5, 6, 7, 8], '>>v<^<'], 14, 8, 6, True], [[[0, 1, 2, 3, 4, 5, 6, 7, 8], '>>v<<^>v<^'], 36, 19, 10, True], [[[0, 1, 2, 3, 4, 5, 6, 7, 8], 'v>v<^<^'], 19, 10, 7, True], [[[0, 1, 2, 3, 4, 5, 6, 7, 8], '^^>v<^<'], 17, 9, 7, True], [[[0, 1, 2, 3, 4, 5, 6, 7, 8], '>>v<<^'], 12, 7, 6, True], [[[0, 1, 2, 3, 4, 5, 6, 7, 8], '<v<^'], 9, 5, 4, True], [[[0, 1, 2, 3, 4, 5, 6, 7, 8], '^<^>v<^'], 26, 13, 7, True], [[[0, 1, 2, 3, 4, 5, 6, 7, 8], '>>v<^<'], 14, 8, 6, True], [[[0, 1, 2, 3, 4, 5, 6, 7, 8], '<<^^'], 7, 5, 4, True], [[[0, 1, 2, 3, 4, 5, 6, 7, 8], '<v>^^<'], 17, 9, 6, True], [[[0, 1, 2, 3, 4, 5, 6, 7, 8], 'v<^^'], 9, 5, 4, True], [[[0, 1, 2, 3, 4, 5, 6, 7, 8], '^<^<v>>^<<'], 30, 17, 10, True], [[[0, 1, 2, 3, 4, 5, 6, 7, 8], '^<v<^'], 11, 6, 5, True], [[[0, 1, 2, 3, 4, 5, 6, 7, 8], '<^>v<^^'], 24, 14, 7, True], [[[0, 1, 2, 3, 4, 5, 6, 7, 8], 'v<<v>^<^'], 18, 10, 8, True], [[[0, 1, 2, 3, 4, 5, 6, 7, 8], '^'], 3, 2, 1, True], [[[0, 1, 2, 3, 4, 5, 6, 7, 8], '<<v>^<'], 12, 7, 6, True], [[[0, 1, 2, 3, 4, 5, 6, 7, 8], 'v>v>^^<<'], 15, 9, 8, True], [[[0, 1, 2, 3, 4, 5, 6, 7, 8], 'v>^<'], 9, 5, 4, True], [[[0, 1, 2, 3, 4, 5, 6, 7, 8], '>^<v>^^<'], 31, 17, 8, True], [[[0, 1, 2, 3, 4, 5, 6, 7, 8], '<^>vv<^^'], 22, 12, 8, True], [[[0, 1, 2, 3, 4, 5, 6, 7, 8], '>^<v>^^>v<^<'], 49, 27, 12, True], [[[0, 1, 2, 3, 4, 5, 6, 7, 8], '^^>v<<^'], 19, 10, 7, True], [[[0, 1, 2, 3, 4, 5, 6, 7, 8], '<^^'], 6, 4, 3, True], [[[0, 1, 2, 3, 4, 5, 6, 7, 8], '<<^'], 8, 4, 3, True], [[[0, 1, 2, 3, 4, 5, 6, 7, 8], '^'], 3, 2, 1, True], [[[0, 1, 2, 3, 4, 5, 6, 7, 8], 'v>>v<^>^<<'], 24, 14, 10, True], [[[0, 1, 2, 3, 4, 5, 6, 7, 8], '>^<v<^>^<'], 25, 14, 9, True], [[[0, 1, 2, 3, 4, 5, 6, 7, 8], '>v<^'], 9, 5, 4, True], [[[0, 1, 2, 3, 4, 5, 6, 7, 8], '<vv>^^>v<<^'], 35, 19, 11, True], [[[0, 1, 2, 3, 4, 5, 6, 7, 8], '^^'], 4, 3, 2, True], [[[0, 1, 2, 3, 4, 5, 6, 7, 8], '^^'], 4, 3, 2, True], [[[0, 1, 2, 3, 4, 5, 6, 7, 8], 'vv<^^'], 11, 6, 5, True], [[[0, 1, 2, 3, 4, 5, 6, 7, 8], '<<^^'], 7, 5, 4, True], [[[0, 1, 2, 3, 4, 5, 6, 7, 8], 'v<<^'], 9, 5, 4, True], [[[0, 1, 2, 3, 4, 5, 6, 7, 8], '^>>v<^<'], 18, 10, 7, True], [[[0, 1, 2, 3, 4, 5, 6, 7, 8], 'v>v<^<^'], 19, 10, 7, True], [[[0, 1, 2, 3, 4, 5, 6, 7, 8], '<<'], 4, 3, 2, True], [[[0, 1, 2, 3, 4, 5, 6, 7, 8], '^<^<'], 9, 5, 4, True], [[[0, 1, 2, 3, 4, 5, 6, 7, 8], '^>^<<'], 11, 6, 5, True], [[[0, 1, 2, 3, 4, 5, 6, 7, 8], '<v<^'], 9, 5, 4, True], [[[0, 1, 2, 3, 4, 5, 6, 7, 8], '>vv<^<^'], 14, 8, 7, True], [[[0, 1, 2, 3, 4, 5, 6, 7, 8], '>^^<<'], 9, 6, 5, True], [[[0, 1, 2, 3, 4, 5, 6, 7, 8], '<v<^^>v<^'], 21, 11, 9, True], [[[0, 1, 2, 3, 4, 5, 6, 7, 8], '^'], 3, 2, 1, True], [[[0, 1, 2, 3, 4, 5, 6, 7, 8], '>v<^^<'], 17, 9, 6, True], [[[0, 1, 2, 3, 4, 5, 6, 7, 8], 'v<^^'], 9, 5, 4, True], [[[0, 1, 2, 3, 4, 5, 6, 7, 8], '^<v>^<<'], 29, 16, 7, True], [[[0, 1, 2, 3, 4, 5, 6, 7, 8], 'v<^^>>v<<^'], 26, 15, 10, True], [[[0, 1, 2, 3, 4, 5, 6, 7, 8], '^'], 3, 2, 1, True], [[[0, 1, 2, 3, 4, 5, 6, 7, 8], '>>^<<^'], 12, 7, 6, True], [[[0, 1, 2, 3, 4, 5, 6, 7, 8], '<^^<'], 9, 5, 4, True], [[[0, 1, 2, 3, 4, 5, 6, 7, 8], '^^<v<^'], 12, 7, 6, True], [[[0, 1, 2, 3, 4, 5, 6, 7, 8], '>^<<^'], 11, 6, 5, True], [[[0, 1, 2, 3, 4, 5, 6, 7, 8], 'v>^>v<<^>v<^'], 61, 33, 12, True], [[[0, 1, 2, 3, 4, 5, 6, 7, 8], 'v<<^^>vv<^^'], 20, 12, 11, True], [[[0, 1, 2, 3, 4, 5, 6, 7, 8], '>>^<<'], 11, 6, 5, True], [[[0, 1, 2, 3, 4, 5, 6, 7, 8], '^^'], 4, 3, 2, True], [[[0, 1, 2, 3, 4, 5, 6, 7, 8], '^<<^'], 9, 5, 4, True], [[[0, 1, 2, 3, 4, 5, 6, 7, 8], ''], 0, 1, 0, True], [[[0, 1, 2, 3, 4, 5, 6, 7, 8], '<^>^<<'], 12, 7, 6, True], [[[0, 1, 2, 3, 4, 5, 6, 7, 8], 'v<^<v>^^<'], 22, 12, 9, True], [[[0, 1, 2, 3, 4, 5, 6, 7, 8], 'v>v<^^<'], 20, 11, 7, True], [[[0, 1, 2, 3, 4, 5, 6, 7, 8], '>^<^'], 9, 5, 4, True], [[[0, 1, 2, 3, 4, 5, 6, 7, 8], '^^'], 4, 3, 2, True], [[[0, 1, 2, 3, 4, 5, 6, 7, 8], '<<v>v<^^'], 23, 13, 8, True], [[[0, 1, 2, 3, 4, 5, 6, 7, 8], '<^^>vv<<^^'], 22, 14, 10, True], [[[0, 1, 2, 3, 4, 5, 6, 7, 8], '^>^>vv<<^^'], 19, 12, 10, True], [[[0, 1, 2, 3, 4, 5, 6, 7, 8], 'v<^'], 8, 4, 3, True], [[[0, 1, 2, 3, 4, 5, 6, 7, 8], '<^>>^<<'], 14, 8, 7, True], [[[0, 1, 2, 3, 4, 5, 6, 7, 8], '<v>>^^<<'], 15, 9, 8, True], [[[0, 1, 2, 3, 4, 5, 6, 7, 8], '^^>>vv<^^<'], 23, 13, 10, True], [[[0, 1, 2, 3, 4, 5, 6, 7, 8], '<<'], 4, 3, 2, True], [[[0, 1, 2, 3, 4, 5, 6, 7, 8], '>^>^<v<^'], 20, 11, 8, True], [[[0, 1, 2, 3, 4, 5, 6, 7, 8], '>^^<<'], 9, 6, 5, True], [[[0, 1, 2, 3, 4, 5, 6, 7, 8], '>^<'], 8, 4, 3, True], [[[0, 1, 2, 3, 4, 5, 6, 7, 8], 'v<^'], 8, 4, 3, True], [[[0, 1, 2, 3, 4, 5, 6, 7, 8], '<^>>^<<'], 14, 8, 7, True], [[[0, 1, 2, 3, 4, 5, 6, 7, 8], '>vv<^^<'], 15, 9, 7, True], [[[0, 1, 2, 3, 4, 5, 6, 7, 8], '<^>v<<^>v>^<<^'], 139, 79, 14, True], [[[0, 1, 2, 3, 4, 5, 6, 7, 8], '>^^<'], 9, 5, 4, True], [[[0, 1, 2, 3, 4, 5, 6, 7, 8], '>^^<'], 9, 5, 4, True], [[[0, 1, 2, 3, 4, 5, 6, 7, 8], '^>v<^^'], 13, 8, 6, True], [[[0, 1, 2, 3, 4, 5, 6, 7, 8], '>>v<^<'], 14, 8, 6, True], [[[0, 1, 2, 3, 4, 5, 6, 7, 8], '^>^<<'], 11, 6, 5, True], [[[0, 1, 2, 3, 4, 5, 6, 7, 8], 'v>^^<'], 11, 6, 5, True], [[[0, 1, 2, 3, 4, 5, 6, 7, 8], '>v<^^'], 12, 7, 5, True], [[[0, 1, 2, 3, 4, 5, 6, 7, 8], 'vv>^^<v<^'], 19, 10, 9, True], [[[0, 1, 2, 3, 4, 5, 6, 7, 8], '<^^'], 6, 4, 3, True], [[[0, 1, 2, 3, 4, 5, 6, 7, 8], '^>vv<^^'], 14, 8, 7, True], [[[0, 1, 2, 3, 4, 5, 6, 7, 8], '^^'], 4, 3, 2, True], [[[0, 1, 2, 3, 4, 5, 6, 7, 8], 'vv>^>^<<'], 15, 9, 8, True], [[[0, 1, 2, 3, 4, 5, 6, 7, 8], 'vv>>^^<v<^'], 20, 12, 10, True], [[[0, 1, 2, 3, 4, 5, 6, 7, 8], '^<^'], 8, 4, 3, True], [[[0, 1, 2, 3, 4, 5, 6, 7, 8], 'v<^'], 8, 4, 3, True], [[[0, 1, 2, 3, 4, 5, 6, 7, 8], '^<v>^^<<'], 19, 12, 8, True], [[[0, 1, 2, 3, 4, 5, 6, 7, 8], '>^<'], 8, 4, 3, True], [[[0, 1, 2, 3, 4, 5, 6, 7, 8], '<<'], 4, 3, 2, True], [[[0, 1, 2, 3, 4, 5, 6, 7, 8], '<v<^'], 9, 5, 4, True], [[[0, 1, 2, 3, 4, 5, 6, 7, 8], '>^<'], 8, 4, 3, True], [[[0, 1, 2, 3, 4, 5, 6, 7, 8], 'v>^<<v>>^<<'], 39, 22, 11, True], [[[0, 1, 2, 3, 4, 5, 6, 7, 8], '^>^<'], 9, 5, 4, True], [[[0, 1, 2, 3, 4, 5, 6, 7, 8], '<<^'], 8, 4, 3, True], [[[0, 1, 2, 3, 4, 5, 6, 7, 8], '<^>>v<^<^'], 26, 14, 9, True], [[[0, 1, 2, 3, 4, 5, 6, 7, 8], 'vv>^<^'], 14, 8, 6, True], [[[0, 1, 2, 3, 4, 5, 6, 7, 8], '^'], 3, 2, 1, True], [[[0, 1, 2, 3, 4, 5, 6, 7, 8], '^<^'], 8, 4, 3, True], [[[0, 1, 2, 3, 4, 5, 6, 7, 8], 'v<^^>>v<^<'], 32, 18, 10, True], [[[0, 1, 2, 3, 4, 5, 6, 7, 8], '^<'], 6, 3, 2, True], [[[0, 1, 2, 3, 4, 5, 6, 7, 8], '<v<^'], 9, 5, 4, True], [[[0, 1, 2, 3, 4, 5, 6, 7, 8], '^>^>v<<^'], 25, 14, 8, True], [[[0, 1, 2, 3, 4, 5, 6, 7, 8], '<<'], 4, 3, 2, True], [[[0, 1, 2, 3, 4, 5, 6, 7, 8], '^>vv<<^>^<'], 21, 12, 10, True], [[[0, 1, 2, 3, 4, 5, 6, 7, 8], '>^<'], 8, 4, 3, True], [[[0, 1, 2, 3, 4, 5, 6, 7, 8], '^>>^<<'], 12, 7, 6, True], [[[0, 1, 2, 3, 4, 5, 6, 7, 8], '<<vv>^^<'], 15, 9, 8, True], [[[0, 1, 2, 3, 4, 5, 6, 7, 8], '<^<'], 8, 4, 3, True], [[[0, 1, 2, 3, 4, 5, 6, 7, 8], '<<^^'], 7, 5, 4, True], [[[0, 1, 2, 3, 4, 5, 6, 7, 8], '<v<^'], 9, 5, 4, True], [[[0, 1, 2, 3, 4, 5, 6, 7, 8], 'v>v<^^<'], 20, 11, 7, True], [[[0, 1, 2, 3, 4, 5, 6, 7, 8], '^<<^'], 9, 5, 4, True], [[[0, 1, 2, 3, 4, 5, 6, 7, 8], '^<v<v>^<^'], 20, 11, 9, True], [[[0, 1, 2, 3, 4, 5, 6, 7, 8], 'v>^<<^>vv<^^'], 58, 32, 12, True], [[[0, 1, 2, 3, 4, 5, 6, 7, 8], '<<'], 4, 3, 2, True], [[[0, 1, 2, 3, 4, 5, 6, 7, 8], 'v<^^'], 9, 5, 4, True], [[[0, 1, 2, 3, 4, 5, 6, 7, 8], '<v>v<<^^'], 15, 9, 8, True], [[[0, 1, 2, 3, 4, 5, 6, 7, 8], '^<^'], 8, 4, 3, True], [[[0, 1, 2, 3, 4, 5, 6, 7, 8], '>>^^<<'], 10, 7, 6, True], [[[0, 1, 2, 3, 4, 5, 6, 7, 8], '^>v<^^'], 13, 8, 6, True], [[[0, 1, 2, 3, 4, 5, 6, 7, 8], '^^<<'], 7, 5, 4, True], [[[0, 1, 2, 3, 4, 5, 6, 7, 8], '<v>>^^<<'], 15, 9, 8, True], [[[0, 1, 2, 3, 4, 5, 6, 7, 8], '<<^^'], 7, 5, 4, True], [[[0, 1, 2, 3, 4, 5, 6, 7, 8], '>^<v>v<^<^'], 31, 17, 10, True], [[[0, 1, 2, 3, 4, 5, 6, 7, 8], 'v<<^^'], 9, 6, 5, True], [[[0, 1, 2, 3, 4, 5, 6, 7, 8], '^<<^'], 9, 5, 4, True], [[[0, 1, 2, 3, 4, 5, 6, 7, 8], '<vv<^^'], 12, 7, 6, True], [[[0, 1, 2, 3, 4, 5, 6, 7, 8], '^<<'], 6, 4, 3, True], [[[0, 1, 2, 3, 4, 5, 6, 7, 8], '>>v<<^>vv<^^'], 30, 17, 12, True], [[[0, 1, 2, 3, 4, 5, 6, 7, 8], 'v>^<v<^'], 19, 10, 7, True], [[[0, 1, 2, 3, 4, 5, 6, 7, 8], '>>^^<<'], 10, 7, 6, True], [[[0, 1, 2, 3, 4, 5, 6, 7, 8], 'v>^>^<<'], 14, 8, 7, True], [[[0, 1, 2, 3, 4, 5, 6, 7, 8], '>v<^<'], 12, 7, 5, True], [[[0, 1, 2, 3, 4, 5, 6, 7, 8], 'v>>^^<<'], 12, 8, 7, True], [[[0, 1, 2, 3, 4, 5, 6, 7, 8], 'vv<^^<'], 12, 7, 6, True], [[[0, 1, 2, 3, 4, 5, 6, 7, 8], 'vv<<^^'], 10, 7, 6, True], [[[0, 1, 2, 3, 4, 5, 6, 7, 8], '<<^^>v<^'], 15, 9, 8, True], [[[0, 1, 2, 3, 4, 5, 6, 7, 8], '>>^<^<'], 12, 7, 6, True], [[[0, 1, 2, 3, 4, 5, 6, 7, 8], '^<^>v<v>^^<<'], 69, 40, 12, True], [[[0, 1, 2, 3, 4, 5, 6, 7, 8], 'vv>^^<'], 12, 7, 6, True], [[[0, 1, 2, 3, 4, 5, 6, 7, 8], '^<<^>v<^'], 27, 14, 8, True], [[[0, 1, 2, 3, 4, 5, 6, 7, 8], '<<'], 4, 3, 2, True], [[[0, 1, 2, 3, 4, 5, 6, 7, 8], '<'], 3, 2, 1, True], [[[0, 1, 2, 3, 4, 5, 6, 7, 8], '>>v<<^^'], 15, 9, 7, True], [[[0, 1, 2, 3, 4, 5, 6, 7, 8], '>^<<'], 9, 5, 4, True], [[[0, 1, 2, 3, 4, 5, 6, 7, 8], 'vv<^^<'], 12, 7, 6, True], [[[0, 1, 2, 3, 4, 5, 6, 7, 8], '<<'], 4, 3, 2, True], [[[0, 1, 2, 3, 4, 5, 6, 7, 8], '^<v<^'], 11, 6, 5, True], [[[0, 1, 2, 3, 4, 5, 6, 7, 8], '^^'], 4, 3, 2, True], [[[0, 1, 2, 3, 4, 5, 6, 7, 8], '<^^<'], 9, 5, 4, True], [[[0, 1, 2, 3, 4, 5, 6, 7, 8], '<'], 3, 2, 1, True], [[[0, 1, 2, 3, 4, 5, 6, 7, 8], '>v<<^^'], 12, 7, 6, True], [[[0, 1, 2, 3, 4, 5, 6, 7, 8], '^>v<^^<'], 19, 10, 7, True], [[[0, 1, 2, 3, 4, 5, 6, 7, 8], '^'], 3, 2, 1, True], [[[0, 1, 2, 3, 4, 5, 6, 7, 8], '>>v<^<'], 14, 8, 6, True], [[[0, 1, 2, 3, 4, 5, 6, 7, 8], '^<v<v>^<^'], 20, 11, 9, True], [[[0, 1, 2, 3, 4, 5, 6, 7, 8], '^>v>v<^<^'], 22, 12, 9, True], [[[0, 1, 2, 3, 4, 5, 6, 7, 8], '>v<^'], 9, 5, 4, True], [[[0, 1, 2, 3, 4, 5, 6, 7, 8], '>v>v<^^<'], 32, 17, 8, True], [[[0, 1, 2, 3, 4, 5, 6, 7, 8], 'v<^>^<'], 17, 9, 6, True], [[[0, 1, 2, 3, 4, 5, 6, 7, 8], '<<^>v<^'], 26, 13, 7, True], [[[0, 1, 2, 3, 4, 5, 6, 7, 8], '>>^^<<'], 10, 7, 6, True], [[[0, 1, 2, 3, 4, 5, 6, 7, 8], 'v>^>vv<^<^'], 38, 20, 10, True], [[[0, 1, 2, 3, 4, 5, 6, 7, 8], '<^^'], 6, 4, 3, True], [[[0, 1, 2, 3, 4, 5, 6, 7, 8], 'vv<<^^'], 10, 7, 6, True], [[[0, 1, 2, 3, 4, 5, 6, 7, 8], '^>^<v<^'], 19, 10, 7, True], [[[0, 1, 2, 3, 4, 5, 6, 7, 8], '^>v>^<<'], 21, 12, 7, True], [[[0, 1, 2, 3, 4, 5, 6, 7, 8], '<^^>v<v>^^<'], 77, 43, 11, True], [[[0, 1, 2, 3, 4, 5, 6, 7, 8], '>>^<<'], 11, 6, 5, True], [[[0, 1, 2, 3, 4, 5, 6, 7, 8], '<v<v>^<^'], 18, 10, 8, True], [[[0, 1, 2, 3, 4, 5, 6, 7, 8], '<<'], 4, 3, 2, True], [[[0, 1, 2, 3, 4, 5, 6, 7, 8], '^<<'], 6, 4, 3, True], [[[0, 1, 2, 3, 4, 5, 6, 7, 8], '^<<'], 6, 4, 3, True], [[[0, 1, 2, 3, 4, 5, 6, 7, 8], '<<^>^<'], 12, 7, 6, True], [[[0, 1, 2, 3, 4, 5, 6, 7, 8], '>v>^^<<'], 14, 8, 7, True], [[[0, 1, 2, 3, 4, 5, 6, 7, 8], '<^>^<<'], 12, 7, 6, True], [[[0, 1, 2, 3, 4, 5, 6, 7, 8], '<<^>>^<<'], 15, 9, 8, True], [[[0, 1, 2, 3, 4, 5, 6, 7, 8], ''], 0, 1, 0, True], [[[0, 1, 2, 3, 4, 5, 6, 7, 8], '^>v>^^<<'], 15, 9, 8, True], [[[0, 1, 2, 3, 4, 5, 6, 7, 8], '^>^<'], 9, 5, 4, True], [[[0, 1, 2, 3, 4, 5, 6, 7, 8], '>^^>v<<^'], 20, 11, 8, True], [[[0, 1, 2, 3, 4, 5, 6, 7, 8], 'v<v>^^<v<^'], 29, 16, 10, True], [[[0, 1, 2, 3, 4, 5, 6, 7, 8], 'v>^<'], 9, 5, 4, True], [[[0, 1, 2, 3, 4, 5, 6, 7, 8], '>>v<^<'], 14, 8, 6, True], [[[0, 1, 2, 3, 4, 5, 6, 7, 8], 'v>^^<'], 11, 6, 5, True], [[[0, 1, 2, 3, 4, 5, 6, 7, 8], '>^<<'], 9, 5, 4, True], [[[0, 1, 2, 3, 4, 5, 6, 7, 8], '<v>^<^'], 15, 8, 6, True], [[[0, 1, 2, 3, 4, 5, 6, 7, 8], '^^<'], 8, 4, 3, True], [[[0, 1, 2, 3, 4, 5, 6, 7, 8], '>^<<^'], 11, 6, 5, True], [[[0, 1, 2, 3, 4, 5, 6, 7, 8], '<^>^<<'], 12, 7, 6, True], [[[0, 1, 2, 3, 4, 5, 6, 7, 8], '<v>^>v<<^'], 45, 24, 9, True], [[[0, 1, 2, 3, 4, 5, 6, 7, 8], '>v<<^'], 11, 6, 5, True], [[[0, 1, 2, 3, 4, 5, 6, 7, 8], '>^<v>^^<'], 31, 17, 8, True], [[[0, 1, 2, 3, 4, 5, 6, 7, 8], '<<^^'], 7, 5, 4, True], [[[0, 1, 2, 3, 4, 5, 6, 7, 8], '<<^^'], 7, 5, 4, True], [[[0, 1, 2, 3, 4, 5, 6, 7, 8], 'v<^^<'], 11, 6, 5, True], [[[0, 1, 2, 3, 4, 5, 6, 7, 8], '<^<'], 8, 4, 3, True], [[[0, 1, 2, 3, 4, 5, 6, 7, 8], '>^<<'], 9, 5, 4, True], [[[0, 1, 2, 3, 4, 5, 6, 7, 8], '>v<^^'], 12, 7, 5, True], [[[0, 1, 2, 3, 4, 5, 6, 7, 8], 'v<<^'], 9, 5, 4, True], [[[0, 1, 2, 3, 4, 5, 6, 7, 8], 'vv<<^^'], 10, 7, 6, True], [[[0, 1, 2, 3, 4, 5, 6, 7, 8], ''], 0, 1, 0, True], [[[0, 1, 2, 3, 4, 5, 6, 7, 8], '>v>^<<'], 14, 8, 6, True], [[[0, 1, 2, 3, 4, 5, 6, 7, 8], '^<vv<^>^<'], 34, 18, 9, True], [[[0, 1, 2, 3, 4, 5, 6, 7, 8], '<<^^'], 7, 5, 4, True], [[[0, 1, 2, 3, 4, 5, 6, 7, 8], '<<^'], 8, 4, 3, True], [[[0, 1, 2, 3, 4, 5, 6, 7, 8], 'vv>>^<<^'], 17, 10, 8, True], [[[0, 1, 2, 3, 4, 5, 6, 7, 8], '^<v>^<<'], 29, 16, 7, True], [[[0, 1, 2, 3, 4, 5, 6, 7, 8], 'v>>^<v<^^'], 33, 18, 9, True], [[[0, 1, 2, 3, 4, 5, 6, 7, 8], '^^<vv>^<^<'], 28, 15, 10, True], [[[0, 1, 2, 3, 4, 5, 6, 7, 8], 'v>>v<^^<'], 20, 11, 8, True], [[[0, 1, 2, 3, 4, 5, 6, 7, 8], '^>>^<<v>^<'], 23, 13, 10, True], [[[0, 1, 2, 3, 4, 5, 6, 7, 8], '^>>vv<^<^>v>^<<'], 88, 52, 15, True], [[[0, 1, 2, 3, 4, 5, 6, 7, 8], '^>^<'], 9, 5, 4, True], [[[0, 1, 2, 3, 4, 5, 6, 7, 8], '>^<<'], 9, 5, 4, True], [[[0, 1, 2, 3, 4, 5, 6, 7, 8], '^>^<<'], 11, 6, 5, True], [[[0, 1, 2, 3, 4, 5, 6, 7, 8], '<^^'], 6, 4, 3, True], [[[0, 1, 2, 3, 4, 5, 6, 7, 8], '<^>v>^<<^'], 32, 17, 9, True], [[[0, 1, 2, 3, 4, 5, 6, 7, 8], 'v<^^'], 9, 5, 4, True], [[[0, 1, 2, 3, 4, 5, 6, 7, 8], '>^<'], 8, 4, 3, True], [[[0, 1, 2, 3, 4, 5, 6, 7, 8], '>v<<^'], 11, 6, 5, True], [[[0, 1, 2, 3, 4, 5, 6, 7, 8], '<<^'], 8, 4, 3, True], [[[0, 1, 2, 3, 4, 5, 6, 7, 8], 'v>^<vv<^^'], 25, 14, 9, True], [[[0, 1, 2, 3, 4, 5, 6, 7, 8], '>^<<'], 9, 5, 4, True], [[[0, 1, 2, 3, 4, 5, 6, 7, 8], '^<<'], 6, 4, 3, True], [[[0, 1, 2, 3, 4, 5, 6, 7, 8], '>v<^<'], 12, 7, 5, True], [[[0, 1, 2, 3, 4, 5, 6, 7, 8], '^<<'], 6, 4, 3, True], [[[0, 1, 2, 3, 4, 5, 6, 7, 8], '^<vv<^>>^<<'], 68, 38, 11, True], [[[0, 1, 2, 3, 4, 5, 6, 7, 8], '>>v<^^<'], 19, 10, 7, True], [[[0, 1, 2, 3, 4, 5, 6, 7, 8], '>v<^'], 9, 5, 4, True], [[[0, 1, 2, 3, 4, 5, 6, 7, 8], '<'], 3, 2, 1, True], [[[0, 1, 2, 3, 4, 5, 6, 7, 8], '<v>^>^<<v>^<'], 33, 18, 12, True], [[[0, 1, 2, 3, 4, 5, 6, 7, 8], 'v>v<^^'], 14, 8, 6, True], [[[0, 1, 2, 3, 4, 5, 6, 7, 8], '>v<^>vv<^^>>v<<^'], 189, 111, 16, True], [[[0, 1, 2, 3, 4, 5, 6, 7, 8], '^^<'], 8, 4, 3, True], [[[0, 1, 2, 3, 4, 5, 6, 7, 8], ''], 0, 1, 0, True], [[[0, 1, 2, 3, 4, 5, 6, 7, 8], 'v>^<'], 9, 5, 4, True], [[[0, 1, 2, 3, 4, 5, 6, 7, 8], '^>vv<<^>^<'], 21, 12, 10, True], [[[0, 1, 2, 3, 4, 5, 6, 7, 8], '^^<<'], 7, 5, 4, True], [[[0, 1, 2, 3, 4, 5, 6, 7, 8], 'v<<^^>>v<<^'], 20, 12, 11, True], [[[0, 1, 2, 3, 4, 5, 6, 7, 8], '>^<v>>^<<'], 35, 20, 9, True], [[[0, 1, 2, 3, 4, 5, 6, 7, 8], '>>v<^<^'], 20, 11, 7, True], [[[0, 1, 2, 3, 4, 5, 6, 7, 8], '<^>^<<'], 12, 7, 6, True], [[[0, 1, 2, 3, 4, 5, 6, 7, 8], '>>^^<v<^'], 15, 9, 8, True], [[[0, 1, 2, 3, 4, 5, 6, 7, 8], '<^'], 6, 3, 2, True], [[[0, 1, 2, 3, 4, 5, 6, 7, 8], '>>^^<<'], 10, 7, 6, True], [[[0, 1, 2, 3, 4, 5, 6, 7, 8], '^<<^'], 9, 5, 4, True], [[[0, 1, 2, 3, 4, 5, 6, 7, 8], '^^<<v>^<'], 15, 9, 8, True], [[[0, 1, 2, 3, 4, 5, 6, 7, 8], 'v<<^'], 9, 5, 4, True], [[[0, 1, 2, 3, 4, 5, 6, 7, 8], '<^<'], 8, 4, 3, True], [[[0, 1, 2, 3, 4, 5, 6, 7, 8], '>^<<^'], 11, 6, 5, True], [[[0, 1, 2, 3, 4, 5, 6, 7, 8], ''], 0, 1, 0, True], [[[0, 1, 2, 3, 4, 5, 6, 7, 8], '^^>v<^'], 12, 7, 6, True], [[[0, 1, 2, 3, 4, 5, 6, 7, 8], '<v>^<'], 11, 6, 5, True], [[[0, 1, 2, 3, 4, 5, 6, 7, 8], '^<^'], 8, 4, 3, True], [[[0, 1, 2, 3, 4, 5, 6, 7, 8], '<v<^>^<'], 19, 10, 7, True], [[[0, 1, 2, 3, 4, 5, 6, 7, 8], 'v<<^^>v<^'], 17, 10, 9, True], [[[0, 1, 2, 3, 4, 5, 6, 7, 8], 'v<v>^<^'], 17, 9, 7, True], [[[0, 1, 2, 3, 4, 5, 6, 7, 8], '>^<'], 8, 4, 3, True], [[[0, 1, 2, 3, 4, 5, 6, 7, 8], 'v>v<^^'], 14, 8, 6, True], [[[0, 1, 2, 3, 4, 5, 6, 7, 8], '^<'], 6, 3, 2, True], [[[0, 1, 2, 3, 4, 5, 6, 7, 8], '^>>v<^<'], 18, 10, 7, True], [[[0, 1, 2, 3, 4, 5, 6, 7, 8], '<v>^<'], 11, 6, 5, True], [[[0, 1, 2, 3, 4, 5, 6, 7, 8], '^<<'], 6, 4, 3, True], [[[0, 1, 2, 3, 4, 5, 6, 7, 8], '>>vv<^>^<<'], 42, 23, 10, True], [[[0, 1, 2, 3, 4, 5, 6, 7, 8], '<<v>>^<<vv>^^<'], 75, 44, 14, True], [[[0, 1, 2, 3, 4, 5, 6, 7, 8], '<^^<'], 9, 5, 4, True], [[[0, 1, 2, 3, 4, 5, 6, 7, 8], '<v<^>vv<^^'], 37, 21, 10, True], [[[0, 1, 2, 3, 4, 5, 6, 7, 8], '>>^<<'], 11, 6, 5, True], [[[0, 1, 2, 3, 4, 5, 6, 7, 8], '<^^>v<^<'], 18, 10, 8, True], [[[0, 1, 2, 3, 4, 5, 6, 7, 8], '^<v<^^'], 12, 7, 6, True], [[[0, 1, 2, 3, 4, 5, 6, 7, 8], '^>^<'], 9, 5, 4, True], [[[0, 1, 2, 3, 4, 5, 6, 7, 8], 'vv>^>^<<v>v<^^'], 93, 54, 14, True], [[[0, 1, 2, 3, 4, 5, 6, 7, 8], 'v>^<^'], 12, 7, 5, True], [[[0, 1, 2, 3, 4, 5, 6, 7, 8], ''], 0, 1, 0, True], [[[0, 1, 2, 3, 4, 5, 6, 7, 8], '^^<'], 8, 4, 3, True], [[[0, 1, 2, 3, 4, 5, 6, 7, 8], '^'], 3, 2, 1, True], [[[0, 1, 2, 3, 4, 5, 6, 7, 8], '<^<^>>v<^<'], 28, 16, 10, True], [[[0, 1, 2, 3, 4, 5, 6, 7, 8], '^^<v<v>^<^'], 21, 12, 10, True], [[[0, 1, 2, 3, 4, 5, 6, 7, 8], '^^<'], 8, 4, 3, True], [[[0, 1, 2, 3, 4, 5, 6, 7, 8], '<v>v<^<^'], 20, 11, 8, True], [[[0, 1, 2, 3, 4, 5, 6, 7, 8], 'v>v<^>^<<'], 24, 14, 9, True], [[[0, 1, 2, 3, 4, 5, 6, 7, 8], '^>^<'], 9, 5, 4, True], [[[0, 1, 2, 3, 4, 5, 6, 7, 8], '<<'], 4, 3, 2, True], [[[0, 1, 2, 3, 4, 5, 6, 7, 8], '>v<^'], 9, 5, 4, True], [[[0, 1, 2, 3, 4, 5, 6, 7, 8], '<^>^>v<^<'], 20, 11, 9, True], [[[0, 1, 2, 3, 4, 5, 6, 7, 8], '>^<v<^'], 17, 9, 6, True], [[[0, 1, 2, 3, 4, 5, 6, 7, 8], ''], 0, 1, 0, True], [[[0, 1, 2, 3, 4, 5, 6, 7, 8], 'v<<^>v>^<<^'], 62, 35, 11, True], [[[0, 1, 2, 3, 4, 5, 6, 7, 8], '^>>v<^^<'], 20, 11, 8, True], [[[0, 1, 2, 3, 4, 5, 6, 7, 8], '>^<^<vv>^>^<<'], 34, 20, 13, True], [[[0, 1, 2, 3, 4, 5, 6, 7, 8], '>^<'], 8, 4, 3, True], [[[0, 1, 2, 3, 4, 5, 6, 7, 8], '<^^>v<^<'], 18, 10, 8, True], [[[0, 1, 2, 3, 4, 5, 6, 7, 8], '>v<^'], 9, 5, 4, True], [[[0, 1, 2, 3, 4, 5, 6, 7, 8], '>^<^>v<v>^<^'], 52, 28, 12, True], [[[0, 1, 2, 3, 4, 5, 6, 7, 8], '>v<^'], 9, 5, 4, True], [[[0, 1, 2, 3, 4, 5, 6, 7, 8], '>^<v>^>^<<'], 38, 21, 10, True], [[[0, 1, 2, 3, 4, 5, 6, 7, 8], ''], 0, 1, 0, True], [[[0, 1, 2, 3, 4, 5, 6, 7, 8], '^^<<'], 7, 5, 4, True], [[[0, 1, 2, 3, 4, 5, 6, 7, 8], '^<^'], 8, 4, 3, True], [[[0, 1, 2, 3, 4, 5, 6, 7, 8], '>>v<^<'], 14, 8, 6, True], [[[0, 1, 2, 3, 4, 5, 6, 7, 8], '<^>v<^<^'], 33, 18, 8, True], [[[0, 1, 2, 3, 4, 5, 6, 7, 8], '<^>>^<v<^'], 37, 20, 9, True], [[[0, 1, 2, 3, 4, 5, 6, 7, 8], 'v<^<'], 9, 5, 4, True], [[[0, 1, 2, 3, 4, 5, 6, 7, 8], 'vv>^^<'], 12, 7, 6, True], [[[0, 1, 2, 3, 4, 5, 6, 7, 8], '<<^^'], 7, 5, 4, True], [[[0, 1, 2, 3, 4, 5, 6, 7, 8], 'v<<^>v<^'], 27, 14, 8, True], [[[0, 1, 2, 3, 4, 5, 6, 7, 8], '^^<'], 8, 4, 3, True], [[[0, 1, 2, 3, 4, 5, 6, 7, 8], '<v>^<'], 11, 6, 5, True], [[[0, 1, 2, 3, 4, 5, 6, 7, 8], '>^<^'], 9, 5, 4, True], [[[0, 1, 2, 3, 4, 5, 6, 7, 8], '^^<<v>^<'], 15, 9, 8, True], [[[0, 1, 2, 3, 4, 5, 6, 7, 8], '^^<'], 8, 4, 3, True], [[[0, 1, 2, 3, 4, 5, 6, 7, 8], '>v>^<<^'], 20, 11, 7, True], [[[0, 1, 2, 3, 4, 5, 6, 7, 8], 'v>^<v<^>^<'], 31, 17, 10, True], [[[0, 1, 2, 3, 4, 5, 6, 7, 8], '<^>v<<^>^<'], 23, 13, 10, True], [[[0, 1, 2, 3, 4, 5, 6, 7, 8], '^<<^'], 9, 5, 4, True], [[[0, 1, 2, 3, 4, 5, 6, 7, 8], '<^^'], 6, 4, 3, True], [[[0, 1, 2, 3, 4, 5, 6, 7, 8], '>^>v<<^^'], 26, 15, 8, True], [[[0, 1, 2, 3, 4, 5, 6, 7, 8], '^^<<'], 7, 5, 4, True], [[[0, 1, 2, 3, 4, 5, 6, 7, 8], '^<<^'], 9, 5, 4, True], [[[0, 1, 2, 3, 4, 5, 6, 7, 8], '^^<'], 8, 4, 3, True], [[[0, 1, 2, 3, 4, 5, 6, 7, 8], '^<'], 6, 3, 2, True], [[[0, 1, 2, 3, 4, 5, 6, 7, 8], 'v<^'], 8, 4, 3, True], [[[0, 1, 2, 3, 4, 5, 6, 7, 8], '<<v>v<^^'], 23, 13, 8, True], [[[0, 1, 2, 3, 4, 5, 6, 7, 8], '^>^<'], 9, 5, 4, True], [[[0, 1, 2, 3, 4, 5, 6, 7, 8], '^<v<^'], 11, 6, 5, True], [[[0, 1, 2, 3, 4, 5, 6, 7, 8], '>v<<^>^<'], 17, 9, 8, True], [[[0, 1, 2, 3, 4, 5, 6, 7, 8], '>v<^<v>^^>v<^<'], 61, 34, 14, True], [[[0, 1, 2, 3, 4, 5, 6, 7, 8], '^<^<'], 9, 5, 4, True], [[[0, 1, 2, 3, 4, 5, 6, 7, 8], 'vv<^^'], 11, 6, 5, True], [[[0, 1, 2, 3, 4, 5, 6, 7, 8], '<<'], 4, 3, 2, True], [[[0, 1, 2, 3, 4, 5, 6, 7, 8], 'v<v>^<<^'], 20, 11, 8, True], [[[0, 1, 2, 3, 4, 5, 6, 7, 8], '^<v>v<^^'], 28, 16, 8, True], [[[0, 1, 2, 3, 4, 5, 6, 7, 8], '^>^<'], 9, 5, 4, True], [[[0, 1, 2, 3, 4, 5, 6, 7, 8], '<^<'], 8, 4, 3, True], [[[0, 1, 2, 3, 4, 5, 6, 7, 8], 'v>^<<^'], 17, 9, 6, True], [[[0, 1, 2, 3, 4, 5, 6, 7, 8], '^'], 3, 2, 1, True], [[[0, 1, 2, 3, 4, 5, 6, 7, 8], 'v>^<^'], 12, 7, 5, True], [[[0, 1, 2, 3, 4, 5, 6, 7, 8], 'v>v<<^>^<'], 20, 11, 9, True], [[[0, 1, 2, 3, 4, 5, 6, 7, 8], 'vv<^<^>vv<^^'], 51, 28, 12, True], [[[0, 1, 2, 3, 4, 5, 6, 7, 8], '^^<<'], 7, 5, 4, True], [[[0, 1, 2, 3, 4, 5, 6, 7, 8], 'v<<^'], 9, 5, 4, True], [[[0, 1, 2, 3, 4, 5, 6, 7, 8], '<v>v<^^'], 21, 12, 7, True], [[[0, 1, 2, 3, 4, 5, 6, 7, 8], '>^<'], 8, 4, 3, True], [[[0, 1, 2, 3, 4, 5, 6, 7, 8], 'vv<^>^<'], 20, 11, 7, True], [[[0, 1, 2, 3, 4, 5, 6, 7, 8], '>^^<<'], 9, 6, 5, True], [[[0, 1, 2, 3, 4, 5, 6, 7, 8], '<'], 3, 2, 1, True], [[[0, 1, 2, 3, 4, 5, 6, 7, 8], 'v<^^>>v<^<'], 32, 18, 10, True], [[[0, 1, 2, 3, 4, 5, 6, 7, 8], '>^<<^'], 11, 6, 5, True], [[[0, 1, 2, 3, 4, 5, 6, 7, 8], '^<v>^<<'], 29, 16, 7, True], [[[0, 1, 2, 3, 4, 5, 6, 7, 8], '^>vv>^^<<'], 27, 16, 9, True], [[[0, 1, 2, 3, 4, 5, 6, 7, 8], '<vv>>^^<<'], 15, 10, 9, True], [[[0, 1, 2, 3, 4, 5, 6, 7, 8], 'v>^<^'], 12, 7, 5, True], [[[0, 1, 2, 3, 4, 5, 6, 7, 8], '>>v<^^<'], 19, 10, 7, True], [[[0, 1, 2, 3, 4, 5, 6, 7, 8], '^<'], 6, 3, 2, True], [[[0, 1, 2, 3, 4, 5, 6, 7, 8], '>v>^<<'], 14, 8, 6, True], [[[0, 1, 2, 3, 4, 5, 6, 7, 8], '^<^'], 8, 4, 3, True], [[[0, 1, 2, 3, 4, 5, 6, 7, 8], 'v<^^<'], 11, 6, 5, True], [[[0, 1, 2, 3, 4, 5, 6, 7, 8], '<'], 3, 2, 1, True], [[[0, 1, 2, 3, 4, 5, 6, 7, 8], '<^<^'], 9, 5, 4, True], [[[0, 1, 2, 3, 4, 5, 6, 7, 8], '^^>>v<^<'], 20, 11, 8, True], [[[0, 1, 2, 3, 4, 5, 6, 7, 8], '>^<<'], 9, 5, 4, True], [[[0, 1, 2, 3, 4, 5, 6, 7, 8], 'v<^<vv>^<^'], 29, 17, 10, True], [[[0, 1, 2, 3, 4, 5, 6, 7, 8], ''], 0, 1, 0, True], [[[0, 1, 2, 3, 4, 5, 6, 7, 8], '<^>^<'], 11, 6, 5, True], [[[0, 1, 2, 3, 4, 5, 6, 7, 8], '^'], 3, 2, 1, True], [[[0, 1, 2, 3, 4, 5, 6, 7, 8], '<<^^'], 7, 5, 4, True], [[[0, 1, 2, 3, 4, 5, 6, 7, 8], '>^>v<^<'], 17, 9, 7, True], [[[0, 1, 2, 3, 4, 5, 6, 7, 8], 'v>^<<'], 12, 7, 5, True], [[[0, 1, 2, 3, 4, 5, 6, 7, 8], '^<<^'], 9, 5, 4, True], [[[0, 1, 2, 3, 4, 5, 6, 7, 8], '^>v<v>^<^'], 23, 13, 9, True], [[[0, 1, 2, 3, 4, 5, 6, 7, 8], 'v>^^<<'], 12, 7, 6, True], [[[0, 1, 2, 3, 4, 5, 6, 7, 8], '>v>^<<'], 14, 8, 6, True], [[[0, 1, 2, 3, 4, 5, 6, 7, 8], '^>v<<^^'], 18, 11, 7, True], [[[0, 1, 2, 3, 4, 5, 6, 7, 8], 'v<^<^'], 11, 6, 5, True], [[[0, 1, 2, 3, 4, 5, 6, 7, 8], 'v<^^'], 9, 5, 4, True], [[[0, 1, 2, 3, 4, 5, 6, 7, 8], 'v<v>^<^'], 17, 9, 7, True], [[[0, 1, 2, 3, 4, 5, 6, 7, 8], 'v>>^<v<^'], 24, 13, 8, True], [[[0, 1, 2, 3, 4, 5, 6, 7, 8], '<<'], 4, 3, 2, True], [[[0, 1, 2, 3, 4, 5, 6, 7, 8], '>^<'], 8, 4, 3, True], [[[0, 1, 2, 3, 4, 5, 6, 7, 8], 'v<<^^'], 9, 6, 5, True], [[[0, 1, 2, 3, 4, 5, 6, 7, 8], '>^<^<'], 11, 6, 5, True], [[[0, 1, 2, 3, 4, 5, 6, 7, 8], '<^'], 6, 3, 2, True], [[[0, 1, 2, 3, 4, 5, 6, 7, 8], 'v<v>^^<v<^'], 29, 16, 10, True], [[[0, 1, 2, 3, 4, 5, 6, 7, 8], '^>vv<^^'], 14, 8, 7, True], [[[0, 1, 2, 3, 4, 5, 6, 7, 8], '>>^<v<^'], 20, 11, 7, True], [[[0, 1, 2, 3, 4, 5, 6, 7, 8], '^<'], 6, 3, 2, True], [[[0, 1, 2, 3, 4, 5, 6, 7, 8], '^>v<^^'], 13, 8, 6, True], [[[0, 1, 2, 3, 4, 5, 6, 7, 8], '^^<v<^'], 12, 7, 6, True], [[[0, 1, 2, 3, 4, 5, 6, 7, 8], 'v<<^^'], 9, 6, 5, True], [[[0, 1, 2, 3, 4, 5, 6, 7, 8], '^>v<^'], 11, 6, 5, True], [[[0, 1, 2, 3, 4, 5, 6, 7, 8], '^^<<'], 7, 5, 4, True], [[[0, 1, 2, 3, 4, 5, 6, 7, 8], 'v>>^<<'], 12, 7, 6, True], [[[0, 1, 2, 3, 4, 5, 6, 7, 8], '<^<'], 8, 4, 3, True], [[[0, 1, 2, 3, 4, 5, 6, 7, 8], 'v>v>^^<<'], 15, 9, 8, True], [[[0, 1, 2, 3, 4, 5, 6, 7, 8], '<'], 3, 2, 1, True], [[[0, 1, 2, 3, 4, 5, 6, 7, 8], '^>^<<'], 11, 6, 5, True], [[[0, 1, 2, 3, 4, 5, 6, 7, 8], '>vv<<^^'], 12, 8, 7, True], [[[0, 1, 2, 3, 4, 5, 6, 7, 8], ''], 0, 1, 0, True], [[[0, 1, 2, 3, 4, 5, 6, 7, 8], '>^^<<'], 9, 6, 5, True], [[[0, 1, 2, 3, 4, 5, 6, 7, 8], '>^<'], 8, 4, 3, True], [[[0, 1, 2, 3, 4, 5, 6, 7, 8], 'v>^<^>vv<^^'], 51, 28, 11, True], [[[0, 1, 2, 3, 4, 5, 6, 7, 8], 'v<^^<'], 11, 6, 5, True], [[[0, 1, 2, 3, 4, 5, 6, 7, 8], '^^<<'], 7, 5, 4, True], [[[0, 1, 2, 3, 4, 5, 6, 7, 8], '>^>v<^^<'], 20, 11, 8, True], [[[0, 1, 2, 3, 4, 5, 6, 7, 8], '^<^<'], 9, 5, 4, True], [[[0, 1, 2, 3, 4, 5, 6, 7, 8], '^^<v<^'], 12, 7, 6, True], [[[0, 1, 2, 3, 4, 5, 6, 7, 8], 'v>>^<<'], 12, 7, 6, True], [[[0, 1, 2, 3, 4, 5, 6, 7, 8], '<^>v<^^<'], 31, 17, 8, True], [[[0, 1, 2, 3, 4, 5, 6, 7, 8], 'vv<^^<'], 12, 7, 6, True], [[[0, 1, 2, 3, 4, 5, 6, 7, 8], '<<^>>v<^<^'], 28, 15, 10, True], [[[0, 1, 2, 3, 4, 5, 6, 7, 8], '^<<'], 6, 4, 3, True], [[[0, 1, 2, 3, 4, 5, 6, 7, 8], '^>>v<v>^^<<'], 66, 39, 11, True], [[[0, 1, 2, 3, 4, 5, 6, 7, 8], '^<<'], 6, 4, 3, True], [[[0, 1, 2, 3, 4, 5, 6, 7, 8], '^<^'], 8, 4, 3, True], [[[0, 1, 2, 3, 4, 5, 6, 7, 8], 'v<<^'], 9, 5, 4, True], [[[0, 1, 2, 3, 4, 5, 6, 7, 8], '>^<<^>>vv<<^^'], 67, 39, 13, True], [[[0, 1, 2, 3, 4, 5, 6, 7, 8], '<^>v>^<<^'], 32, 17, 9, True], [[[0, 1, 2, 3, 4, 5, 6, 7, 8], '>>v<<^>>v<^<'], 58, 33, 12, True], [[[0, 1, 2, 3, 4, 5, 6, 7, 8], '^<<'], 6, 4, 3, True], [[[0, 1, 2, 3, 4, 5, 6, 7, 8], '<^'], 6, 3, 2, True], [[[0, 1, 2, 3, 4, 5, 6, 7, 8], '<v>^^<'], 17, 9, 6, True], [[[0, 1, 2, 3, 4, 5, 6, 7, 8], '>^^<<'], 9, 6, 5, True], [[[0, 1, 2, 3, 4, 5, 6, 7, 8], '>>v<v<^^'], 15, 9, 8, True], [[[0, 1, 2, 3, 4, 5, 6, 7, 8], '<^>v>^<<'], 28, 16, 8, True], [[[0, 1, 2, 3, 4, 5, 6, 7, 8], 'vv>^<^<'], 20, 11, 7, True], [[[0, 1, 2, 3, 4, 5, 6, 7, 8], '>vv<^^'], 12, 7, 6, True], [[[0, 1, 2, 3, 4, 5, 6, 7, 8], '>^<v>^^<<'], 36, 21, 9, True], [[[0, 1, 2, 3, 4, 5, 6, 7, 8], 'v>^<<v>^<^'], 28, 16, 10, True], [[[0, 1, 2, 3, 4, 5, 6, 7, 8], '^<<v>v<^>^<'], 25, 14, 11, True], [[[0, 1, 2, 3, 4, 5, 6, 7, 8], '<v<v>^<^'], 18, 10, 8, True], [[[0, 1, 2, 3, 4, 5, 6, 7, 8], 'v<<^>v<^'], 27, 14, 8, True], [[[0, 1, 2, 3, 4, 5, 6, 7, 8], 'v>v<^^'], 14, 8, 6, True], [[[0, 1, 2, 3, 4, 5, 6, 7, 8], '<'], 3, 2, 1, True], [[[0, 1, 2, 3, 4, 5, 6, 7, 8], '^<v>v<^>^<<'], 45, 26, 11, True], [[[0, 1, 2, 3, 4, 5, 6, 7, 8], '^>>v<^^<'], 20, 11, 8, True], [[[0, 1, 2, 3, 4, 5, 6, 7, 8], 'v<^'], 8, 4, 3, True], [[[0, 1, 2, 3, 4, 5, 6, 7, 8], '<<v>^<^'], 17, 9, 7, True], [[[0, 1, 2, 3, 4, 5, 6, 7, 8], 'v>^>^<<'], 14, 8, 7, True], [[[0, 1, 2, 3, 4, 5, 6, 7, 8], '>>v<^<'], 14, 8, 6, True], [[[0, 1, 2, 3, 4, 5, 6, 7, 8], 'v>>^<<^'], 15, 9, 7, True], [[[0, 1, 2, 3, 4, 5, 6, 7, 8], 'v>^<<'], 12, 7, 5, True], [[[0, 1, 2, 3, 4, 5, 6, 7, 8], '^^<'], 8, 4, 3, True], [[[0, 1, 2, 3, 4, 5, 6, 7, 8], '<<'], 4, 3, 2, True], [[[0, 1, 2, 3, 4, 5, 6, 7, 8], 'vv<^^<'], 12, 7, 6, True], [[[0, 1, 2, 3, 4, 5, 6, 7, 8], '<v>^<'], 11, 6, 5, True], [[[0, 1, 2, 3, 4, 5, 6, 7, 8], '^^>vv<^^>v<^<'], 55, 32, 13, True], [[[0, 1, 2, 3, 4, 5, 6, 7, 8], '^>v<^'], 11, 6, 5, True], [[[0, 1, 2, 3, 4, 5, 6, 7, 8], '>^^<<'], 9, 6, 5, True], [[[0, 1, 2, 3, 4, 5, 6, 7, 8], '<v<v>^>^<<'], 27, 16, 10, True], [[[0, 1, 2, 3, 4, 5, 6, 7, 8], '>^^<'], 9, 5, 4, True], [[[0, 1, 2, 3, 4, 5, 6, 7, 8], ''], 0, 1, 0, True], [[[0, 1, 2, 3, 4, 5, 6, 7, 8], '<^>>v<^<'], 24, 13, 8, True], [[[0, 1, 2, 3, 4, 5, 6, 7, 8], 'v<^<'], 9, 5, 4, True], [[[0, 1, 2, 3, 4, 5, 6, 7, 8], '>^<'], 8, 4, 3, True], [[[0, 1, 2, 3, 4, 5, 6, 7, 8], '^>^>v<<^'], 25, 14, 8, True], [[[0, 1, 2, 3, 4, 5, 6, 7, 8], '<^<'], 8, 4, 3, True], [[[0, 1, 2, 3, 4, 5, 6, 7, 8], '^<v<v>>^<<^'], 23, 13, 11, True], [[[0, 1, 2, 3, 4, 5, 6, 7, 8], '^<^'], 8, 4, 3, True], [[[0, 1, 2, 3, 4, 5, 6, 7, 8], '>^^<'], 9, 5, 4, True], [[[0, 1, 2, 3, 4, 5, 6, 7, 8], '>>^<<^'], 12, 7, 6, True], [[[0, 1, 2, 3, 4, 5, 6, 7, 8], '^'], 3, 2, 1, True], [[[0, 1, 2, 3, 4, 5, 6, 7, 8], '<^^'], 6, 4, 3, True], [[[0, 1, 2, 3, 4, 5, 6, 7, 8], '<<v>^<'], 12, 7, 6, True], [[[0, 1, 2, 3, 4, 5, 6, 7, 8], '<^'], 6, 3, 2, True], [[[0, 1, 2, 3, 4, 5, 6, 7, 8], '>v>^<<'], 14, 8, 6, True], [[[0, 1, 2, 3, 4, 5, 6, 7, 8], '^<<'], 6, 4, 3, True], [[[0, 1, 2, 3, 4, 5, 6, 7, 8], '<^>v<^'], 24, 12, 6, True], [[[0, 1, 2, 3, 4, 5, 6, 7, 8], 'v>v<<^^'], 14, 8, 7, True], [[[0, 1, 2, 3, 4, 5, 6, 7, 8], '<v<^>^<'], 19, 10, 7, True], [[[0, 1, 2, 3, 4, 5, 6, 7, 8], '>>^<v<^'], 20, 11, 7, True], [[[0, 1, 2, 3, 4, 5, 6, 7, 8], '^>^<<'], 11, 6, 5, True], [[[0, 1, 2, 3, 4, 5, 6, 7, 8], '<<^'], 8, 4, 3, True], [[[0, 1, 2, 3, 4, 5, 6, 7, 8], '^^'], 4, 3, 2, True], [[[0, 1, 2, 3, 4, 5, 6, 7, 8], 'v>v<^^'], 14, 8, 6, True], [[[0, 1, 2, 3, 4, 5, 6, 7, 8], 'v>^<<'], 12, 7, 5, True], [[[0, 1, 2, 3, 4, 5, 6, 7, 8], '<<^>v<^^'], 25, 15, 8, True], [[[0, 1, 2, 3, 4, 5, 6, 7, 8], '>>^<v<^'], 20, 11, 7, True], [[[0, 1, 2, 3, 4, 5, 6, 7, 8], '^^>vv<^^'], 15, 9, 8, True], [[[0, 1, 2, 3, 4, 5, 6, 7, 8], 'v>v<<^^'], 14, 8, 7, True], [[[0, 1, 2, 3, 4, 5, 6, 7, 8], 'v>^<<^'], 17, 9, 6, True], [[[0, 1, 2, 3, 4, 5, 6, 7, 8], '<^^'], 6, 4, 3, True], [[[0, 1, 2, 3, 4, 5, 6, 7, 8], '^<<v>>^<<'], 17, 10, 9, True], [[[0, 1, 2, 3, 4, 5, 6, 7, 8], '^^<v<^'], 12, 7, 6, True], [[[0, 1, 2, 3, 4, 5, 6, 7, 8], '>^<^<'], 11, 6, 5, True], [[[0, 1, 2, 3, 4, 5, 6, 7, 8], 'vv>>^<^<'], 15, 9, 8, True], [[[0, 1, 2, 3, 4, 5, 6, 7, 8], '<^<^'], 9, 5, 4, True], [[[0, 1, 2, 3, 4, 5, 6, 7, 8], '<<^>>vv<<^^'], 24, 15, 11, True], [[[0, 1, 2, 3, 4, 5, 6, 7, 8], '^>^<'], 9, 5, 4, True], [[[0, 1, 2, 3, 4, 5, 6, 7, 8], '>>vv<<^^'], 13, 9, 8, True], [[[0, 1, 2, 3, 4, 5, 6, 7, 8], '<^<^'], 9, 5, 4, True], [[[0, 1, 2, 3, 4, 5, 6, 7, 8], '>^<<vv>^^<'], 26, 15, 10, True], [[[0, 1, 2, 3, 4, 5, 6, 7, 8], '>vv<^^'], 12, 7, 6, True], [[[0, 1, 2, 3, 4, 5, 6, 7, 8], '>>^<<'], 11, 6, 5, True], [[[0, 1, 2, 3, 4, 5, 6, 7, 8], 'v>^>^<<'], 14, 8, 7, True], [[[0, 1, 2, 3, 4, 5, 6, 7, 8], 'v<^<'], 9, 5, 4, True], [[[0, 1, 2, 3, 4, 5, 6, 7, 8], '<<'], 4, 3, 2, True], [[[0, 1, 2, 3, 4, 5, 6, 7, 8], '>v<v>^<^'], 18, 10, 8, True], [[[0, 1, 2, 3, 4, 5, 6, 7, 8], 'v<^>v>^^<v<^'], 50, 28, 12, True], [[[0, 1, 2, 3, 4, 5, 6, 7, 8], '<'], 3, 2, 1, True], [[[0, 1, 2, 3, 4, 5, 6, 7, 8], '>>v<<^>^<'], 19, 10, 9, True], [[[0, 1, 2, 3, 4, 5, 6, 7, 8], '^<<v>^<'], 14, 8, 7, True], [[[0, 1, 2, 3, 4, 5, 6, 7, 8], 'v>^^<<'], 12, 7, 6, True], [[[0, 1, 2, 3, 4, 5, 6, 7, 8], '<<^>v<^^'], 25, 15, 8, True], [[[0, 1, 2, 3, 4, 5, 6, 7, 8], '^<^<'], 9, 5, 4, True], [[[0, 1, 2, 3, 4, 5, 6, 7, 8], 'vv>^>^<<'], 15, 9, 8, True], [[[0, 1, 2, 3, 4, 5, 6, 7, 8], '<^>v<^'], 24, 12, 6, True], [[[0, 1, 2, 3, 4, 5, 6, 7, 8], '>vv>^^<<v>^<'], 41, 24, 12, True], [[[0, 1, 2, 3, 4, 5, 6, 7, 8], '^<v<^^'], 12, 7, 6, True], [[[0, 1, 2, 3, 4, 5, 6, 7, 8], 'v>^<^'], 12, 7, 5, True], [[[0, 1, 2, 3, 4, 5, 6, 7, 8], '<^'], 6, 3, 2, True], [[[0, 1, 2, 3, 4, 5, 6, 7, 8], '>^<vv<^^'], 23, 13, 8, True], [[[0, 1, 2, 3, 4, 5, 6, 7, 8], 'v<v<^^'], 12, 7, 6, True], [[[0, 1, 2, 3, 4, 5, 6, 7, 8], 'v<v<^^'], 12, 7, 6, True], [[[0, 1, 2, 3, 4, 5, 6, 7, 8], '^'], 3, 2, 1, True], [[[0, 1, 2, 3, 4, 5, 6, 7, 8], '>^<v>v<^<^'], 31, 17, 10, True], [[[0, 1, 2, 3, 4, 5, 6, 7, 8], '>^<<^'], 11, 6, 5, True], [[[0, 1, 2, 3, 4, 5, 6, 7, 8], '^>^<<'], 11, 6, 5, True], [[[0, 1, 2, 3, 4, 5, 6, 7, 8], '>>^<<'], 11, 6, 5, True], [[[0, 1, 2, 3, 4, 5, 6, 7, 8], '^^'], 4, 3, 2, True], [[[0, 1, 2, 3, 4, 5, 6, 7, 8], '^<v<^^'], 12, 7, 6, True], [[[0, 1, 2, 3, 4, 5, 6, 7, 8], '>^<'], 8, 4, 3, True], [[[0, 1, 2, 3, 4, 5, 6, 7, 8], '>v<^<vv>^>^<<'], 80, 47, 13, True], [[[0, 1, 2, 3, 4, 5, 6, 7, 8], ''], 0, 1, 0, True], [[[0, 1, 2, 3, 4, 5, 6, 7, 8], '>^<^<'], 11, 6, 5, True], [[[0, 1, 2, 3, 4, 5, 6, 7, 8], '>v<^<^'], 17, 9, 6, True], [[[0, 1, 2, 3, 4, 5, 6, 7, 8], 'vv>^^<'], 12, 7, 6, True], [[[0, 1, 2, 3, 4, 5, 6, 7, 8], '<<^'], 8, 4, 3, True], [[[0, 1, 2, 3, 4, 5, 6, 7, 8], '<^>>v<v<^^'], 20, 11, 10, True], [[[0, 1, 2, 3, 4, 5, 6, 7, 8], '>^^<<'], 9, 6, 5, True], [[[0, 1, 2, 3, 4, 5, 6, 7, 8], '>^<<v>>v<^^<'], 33, 18, 12, True], [[[0, 1, 2, 3, 4, 5, 6, 7, 8], '^>^<<v>^<'], 21, 11, 9, True], [[[0, 1, 2, 3, 4, 5, 6, 7, 8], 'v>^>v<<^^'], 40, 23, 9, True], [[[0, 1, 2, 3, 4, 5, 6, 7, 8], '<^<'], 8, 4, 3, True], [[[0, 1, 2, 3, 4, 5, 6, 7, 8], '<^>>v<^<^'], 26, 14, 9, True], [[[0, 1, 2, 3, 4, 5, 6, 7, 8], '<^^'], 6, 4, 3, True], [[[0, 1, 2, 3, 4, 5, 6, 7, 8], '^'], 3, 2, 1, True], [[[0, 1, 2, 3, 4, 5, 6, 7, 8], 'v>v<^^<'], 20, 11, 7, True], [[[0, 1, 2, 3, 4, 5, 6, 7, 8], '^>v<v>^<^'], 23, 13, 9, True], [[[0, 1, 2, 3, 4, 5, 6, 7, 8], 'v<v<^^'], 12, 7, 6, True], [[[0, 1, 2, 3, 4, 5, 6, 7, 8], '>^<v>^^<'], 31, 17, 8, True], [[[0, 1, 2, 3, 4, 5, 6, 7, 8], '<^^>>v<<^'], 17, 10, 9, True], [[[0, 1, 2, 3, 4, 5, 6, 7, 8], '>^<'], 8, 4, 3, True], [[[0, 1, 2, 3, 4, 5, 6, 7, 8], '<^^>>v<v<^^>v>^<<'], 186, 109, 17, True], [[[0, 1, 2, 3, 4, 5, 6, 7, 8], 'v<^^'], 9, 5, 4, True], [[[0, 1, 2, 3, 4, 5, 6, 7, 8], '<<^^'], 7, 5, 4, True], [[[0, 1, 2, 3, 4, 5, 6, 7, 8], 'v<^^'], 9, 5, 4, True], [[[0, 1, 2, 3, 4, 5, 6, 7, 8], '<^^<'], 9, 5, 4, True], [[[0, 1, 2, 3, 4, 5, 6, 7, 8], 'v>^^<<'], 12, 7, 6, True], [[[0, 1, 2, 3, 4, 5, 6, 7, 8], '>v<^<'], 12, 7, 5, True], [[[0, 1, 2, 3, 4, 5, 6, 7, 8], '<^>vv<^<^'], 22, 12, 9, True], [[[0, 1, 2, 3, 4, 5, 6, 7, 8], '<<'], 4, 3, 2, True], [[[0, 1, 2, 3, 4, 5, 6, 7, 8], '<^'], 6, 3, 2, True], [[[0, 1, 2, 3, 4, 5, 6, 7, 8], '^>^<<'], 11, 6, 5, True], [[[0, 1, 2, 3, 4, 5, 6, 7, 8], '<vv>^>v<^^<'], 25, 14, 11, True], [[[0, 1, 2, 3, 4, 5, 6, 7, 8], 'vv>^<^'], 14, 8, 6, True], [[[0, 1, 2, 3, 4, 5, 6, 7, 8], 'v<^>vv<^^'], 35, 20, 9, True], [[[0, 1, 2, 3, 4, 5, 6, 7, 8], '^<v>^>vv<<^^'], 50, 29, 12, True], [[[0, 1, 2, 3, 4, 5, 6, 7, 8], 'v<^<'], 9, 5, 4, True], [[[0, 1, 2, 3, 4, 5, 6, 7, 8], '>v<^<'], 12, 7, 5, True], [[[0, 1, 2, 3, 4, 5, 6, 7, 8], '<v>v<^>^<'], 22, 12, 9, True], [[[0, 1, 2, 3, 4, 5, 6, 7, 8], '<v>^<<'], 13, 8, 6, True], [[[0, 1, 2, 3, 4, 5, 6, 7, 8], '<<^>v<^'], 26, 13, 7, True], [[[0, 1, 2, 3, 4, 5, 6, 7, 8], '>>vv<^<^>v<^'], 48, 27, 12, True], [[[0, 1, 2, 3, 4, 5, 6, 7, 8], 'vv<<^^'], 10, 7, 6, True], [[[0, 1, 2, 3, 4, 5, 6, 7, 8], '^>^>v<<^'], 25, 14, 8, True], [[[0, 1, 2, 3, 4, 5, 6, 7, 8], '^>vv<<^^'], 15, 9, 8, True], [[[0, 1, 2, 3, 4, 5, 6, 7, 8], 'v<<^>^<v>v<^^'], 50, 28, 13, True], [[[0, 1, 2, 3, 4, 5, 6, 7, 8], '<^'], 6, 3, 2, True], [[[0, 1, 2, 3, 4, 5, 6, 7, 8], '<v>>^<<'], 14, 8, 7, True], [[[0, 1, 2, 3, 4, 5, 6, 7, 8], '>>vv<^^<'], 17, 10, 8, True], [[[0, 1, 2, 3, 4, 5, 6, 7, 8], '^<^>v<v>^^<<'], 69, 40, 12, True], [[[0, 1, 2, 3, 4, 5, 6, 7, 8], '>^<^>v<^'], 27, 14, 8, True], [[[0, 1, 2, 3, 4, 5, 6, 7, 8], '^>v<^^'], 13, 8, 6, True], [[[0, 1, 2, 3, 4, 5, 6, 7, 8], '^<<v>^<^'], 18, 10, 8, True], [[[0, 1, 2, 3, 4, 5, 6, 7, 8], '^^<<'], 7, 5, 4, True], [[[0, 1, 2, 3, 4, 5, 6, 7, 8], '<vv>>^<<^'], 21, 12, 9, True], [[[0, 1, 2, 3, 4, 5, 6, 7, 8], '^<^>v<^'], 26, 13, 7, True], [[[0, 1, 2, 3, 4, 5, 6, 7, 8], '>^>^<<'], 12, 7, 6, True], [[[0, 1, 2, 3, 4, 5, 6, 7, 8], '>>^<<'], 11, 6, 5, True], [[[0, 1, 2, 3, 4, 5, 6, 7, 8], 'vv<^^'], 11, 6, 5, True], [[[0, 1, 2, 3, 4, 5, 6, 7, 8], '>v<^<'], 12, 7, 5, True], [[[0, 1, 2, 3, 4, 5, 6, 7, 8], '^^<<'], 7, 5, 4, True], [[[0, 1, 2, 3, 4, 5, 6, 7, 8], '<v>^<<^'], 19, 10, 7, True], [[[0, 1, 2, 3, 4, 5, 6, 7, 8], '^<'], 6, 3, 2, True], [[[0, 1, 2, 3, 4, 5, 6, 7, 8], '^>^<<'], 11, 6, 5, True], [[[0, 1, 2, 3, 4, 5, 6, 7, 8], '^'], 3, 2, 1, True], [[[0, 1, 2, 3, 4, 5, 6, 7, 8], '<v<^^'], 11, 6, 5, True], [[[0, 1, 2, 3, 4, 5, 6, 7, 8], '^<<^'], 9, 5, 4, True], [[[0, 1, 2, 3, 4, 5, 6, 7, 8], '^^<vv>>^^<<'], 24, 15, 11, True], [[[0, 1, 2, 3, 4, 5, 6, 7, 8], '^^<'], 8, 4, 3, True], [[[0, 1, 2, 3, 4, 5, 6, 7, 8], '<^<'], 8, 4, 3, True], [[[0, 1, 2, 3, 4, 5, 6, 7, 8], '^<'], 6, 3, 2, True], [[[0, 1, 2, 3, 4, 5, 6, 7, 8], '<<v>>^<<'], 15, 9, 8, True], [[[0, 1, 2, 3, 4, 5, 6, 7, 8], '^>v<^'], 11, 6, 5, True], [[[0, 1, 2, 3, 4, 5, 6, 7, 8], '^^<vv>^<^<'], 28, 15, 10, True], [[[0, 1, 2, 3, 4, 5, 6, 7, 8], '<<^^'], 7, 5, 4, True], [[[0, 1, 2, 3, 4, 5, 6, 7, 8], '^>vv<<^^'], 15, 9, 8, True], [[[0, 1, 2, 3, 4, 5, 6, 7, 8], '^^<<v>v<^^>v<^'], 76, 44, 14, True], [[[0, 1, 2, 3, 4, 5, 6, 7, 8], '<^<^'], 9, 5, 4, True], [[[0, 1, 2, 3, 4, 5, 6, 7, 8], '>^<vv>^<^<'], 34, 19, 10, True], [[[0, 1, 2, 3, 4, 5, 6, 7, 8], '>^>v<v<^^'], 26, 15, 9, True], [[[0, 1, 2, 3, 4, 5, 6, 7, 8], '^<'], 6, 3, 2, True], [[[0, 1, 2, 3, 4, 5, 6, 7, 8], '<^<^>>vv<<^^'], 22, 14, 12, True], [[[0, 1, 2, 3, 4, 5, 6, 7, 8], '>^^<'], 9, 5, 4, True], [[[0, 1, 2, 3, 4, 5, 6, 7, 8], '^>v<^<^'], 19, 10, 7, True], [[[0, 1, 2, 3, 4, 5, 6, 7, 8], '<^<^'], 9, 5, 4, True], [[[0, 1, 2, 3, 4, 5, 6, 7, 8], 'v>^^<'], 11, 6, 5, True], [[[0, 1, 2, 3, 4, 5, 6, 7, 8], '^>^<'], 9, 5, 4, True], [[[0, 1, 2, 3, 4, 5, 6, 7, 8], '<'], 3, 2, 1, True], [[[0, 1, 2, 3, 4, 5, 6, 7, 8], '>v<^'], 9, 5, 4, True], [[[0, 1, 2, 3, 4, 5, 6, 7, 8], 'vv<^<^'], 12, 7, 6, True], [[[0, 1, 2, 3, 4, 5, 6, 7, 8], '^<^<'], 9, 5, 4, True], [[[0, 1, 2, 3, 4, 5, 6, 7, 8], '^<vv<^^'], 14, 8, 7, True], [[[0, 1, 2, 3, 4, 5, 6, 7, 8], '^<^>>v<<^'], 19, 10, 9, True], [[[0, 1, 2, 3, 4, 5, 6, 7, 8], 'vv<^^'], 11, 6, 5, True], [[[0, 1, 2, 3, 4, 5, 6, 7, 8], '^>v<v<^^'], 23, 13, 8, True], [[[0, 1, 2, 3, 4, 5, 6, 7, 8], '>^^<<'], 9, 6, 5, True], [[[0, 1, 2, 3, 4, 5, 6, 7, 8], ''], 0, 1, 0, True], [[[0, 1, 2, 3, 4, 5, 6, 7, 8], 'v<^>^<<v>^<'], 30, 17, 11, True], [[[0, 1, 2, 3, 4, 5, 6, 7, 8], '>>v<<^'], 12, 7, 6, True], [[[0, 1, 2, 3, 4, 5, 6, 7, 8], '<^<^'], 9, 5, 4, True], [[[0, 1, 2, 3, 4, 5, 6, 7, 8], 'v>v<^^'], 14, 8, 6, True], [[[0, 1, 2, 3, 4, 5, 6, 7, 8], '<'], 3, 2, 1, True], [[[0, 1, 2, 3, 4, 5, 6, 7, 8], '^<'], 6, 3, 2, True], [[[0, 1, 2, 3, 4, 5, 6, 7, 8], '>^^<<'], 9, 6, 5, True], [[[0, 1, 2, 3, 4, 5, 6, 7, 8], '>v<^^'], 12, 7, 5, True], [[[0, 1, 2, 3, 4, 5, 6, 7, 8], '^>v<^^'], 13, 8, 6, True], [[[0, 1, 2, 3, 4, 5, 6, 7, 8], 'v<<^'], 9, 5, 4, True], [[[0, 1, 2, 3, 4, 5, 6, 7, 8], '<v>^<^<'], 19, 10, 7, True], [[[0, 1, 2, 3, 4, 5, 6, 7, 8], 'vv<<^>^<'], 15, 9, 8, True], [[[0, 1, 2, 3, 4, 5, 6, 7, 8], '^>v<v<^^'], 23, 13, 8, True], [[[0, 1, 2, 3, 4, 5, 6, 7, 8], 'v>v<<^^'], 14, 8, 7, True], [[[0, 1, 2, 3, 4, 5, 6, 7, 8], '^<v>^<<'], 29, 16, 7, True], [[[0, 1, 2, 3, 4, 5, 6, 7, 8], '<<v>>^<<'], 15, 9, 8, True], [[[0, 1, 2, 3, 4, 5, 6, 7, 8], '>v<^>^<'], 19, 10, 7, True], [[[0, 1, 2, 3, 4, 5, 6, 7, 8], 'v>v<<^^'], 14, 8, 7, True], [[[0, 1, 2, 3, 4, 5, 6, 7, 8], '<^^>v<^'], 14, 8, 7, True], [[[0, 1, 2, 3, 4, 5, 6, 7, 8], '>>^^<v<^'], 15, 9, 8, True], [[[0, 1, 2, 3, 4, 5, 6, 7, 8], 'v>>^^<<'], 12, 8, 7, True], [[[0, 1, 2, 3, 4, 5, 6, 7, 8], 'vv>^<^<'], 20, 11, 7, True], [[[0, 1, 2, 3, 4, 5, 6, 7, 8], '^>>vv<^^<'], 21, 12, 9, True], [[[0, 1, 2, 3, 4, 5, 6, 7, 8], 'v<<^>v<^^'], 32, 18, 9, True], [[[0, 1, 2, 3, 4, 5, 6, 7, 8], 'v<^>>v<^<'], 34, 19, 9, True], [[[0, 1, 2, 3, 4, 5, 6, 7, 8], 'v<v<^^'], 12, 7, 6, True], [[[0, 1, 2, 3, 4, 5, 6, 7, 8], '>^>vv<<^^'], 18, 11, 9, True], [[[0, 1, 2, 3, 4, 5, 6, 7, 8], '^>v<v>^>^<<'], 44, 25, 11, True], [[[0, 1, 2, 3, 4, 5, 6, 7, 8], '>^^<<'], 9, 6, 5, True], [[[0, 1, 2, 3, 4, 5, 6, 7, 8], ''], 0, 1, 0, True], [[[0, 1, 2, 3, 4, 5, 6, 7, 8], '>>v<^<^'], 20, 11, 7, True], [[[0, 1, 2, 3, 4, 5, 6, 7, 8], '^'], 3, 2, 1, True], [[[0, 1, 2, 3, 4, 5, 6, 7, 8], '>^<'], 8, 4, 3, True], [[[0, 1, 2, 3, 4, 5, 6, 7, 8], '^>^>v<<^'], 25, 14, 8, True], [[[0, 1, 2, 3, 4, 5, 6, 7, 8], '<^'], 6, 3, 2, True], [[[0, 1, 2, 3, 4, 5, 6, 7, 8], 'v>v<^^'], 14, 8, 6, True], [[[0, 1, 2, 3, 4, 5, 6, 7, 8], '<<^^'], 7, 5, 4, True], [[[0, 1, 2, 3, 4, 5, 6, 7, 8], '<^'], 6, 3, 2, True], [[[0, 1, 2, 3, 4, 5, 6, 7, 8], '^<'], 6, 3, 2, True], [[[0, 1, 2, 3, 4, 5, 6, 7, 8], '>^<'], 8, 4, 3, True], [[[0, 1, 2, 3, 4, 5, 6, 7, 8], '<<v>>v<<^^'], 33, 20, 10, True], [[[0, 1, 2, 3, 4, 5, 6, 7, 8], '>v>^<<v>^<'], 31, 17, 10, True], [[[0, 1, 2, 3, 4, 5, 6, 7, 8], 'v<^>^<v<^'], 25, 14, 9, True], [[[0, 1, 2, 3, 4, 5, 6, 7, 8], 'vv>^^<'], 12, 7, 6, True], [[[0, 1, 2, 3, 4, 5, 6, 7, 8], '>v<^'], 9, 5, 4, True], [[[0, 1, 2, 3, 4, 5, 6, 7, 8], '>vv<^^<'], 15, 9, 7, True], [[[0, 1, 2, 3, 4, 5, 6, 7, 8], 'v<^^<'], 11, 6, 5, True], [[[0, 1, 2, 3, 4, 5, 6, 7, 8], '<^>v<^<^'], 33, 18, 8, True], [[[0, 1, 2, 3, 4, 5, 6, 7, 8], '<^<^'], 9, 5, 4, True], [[[0, 1, 2, 3, 4, 5, 6, 7, 8], '>^<^'], 9, 5, 4, True], [[[0, 1, 2, 3, 4, 5, 6, 7, 8], 'vv<<^^'], 10, 7, 6, True], [[[0, 1, 2, 3, 4, 5, 6, 7, 8], 'vv>^>^<v<^'], 25, 14, 10, True], [[[0, 1, 2, 3, 4, 5, 6, 7, 8], 'vv>^^<'], 12, 7, 6, True], [[[0, 1, 2, 3, 4, 5, 6, 7, 8], '^>^<<'], 11, 6, 5, True], [[[0, 1, 2, 3, 4, 5, 6, 7, 8], ''], 0, 1, 0, True], [[[0, 1, 2, 3, 4, 5, 6, 7, 8], '<v>>^<<'], 14, 8, 7, True], [[[0, 1, 2, 3, 4, 5, 6, 7, 8], 'vv<^^<'], 12, 7, 6, True], [[[0, 1, 2, 3, 4, 5, 6, 7, 8], '^'], 3, 2, 1, True], [[[0, 1, 2, 3, 4, 5, 6, 7, 8], 'v<^>v>^^<<'], 27, 16, 10, True], [[[0, 1, 2, 3, 4, 5, 6, 7, 8], '^<v<^'], 11, 6, 5, True], [[[0, 1, 2, 3, 4, 5, 6, 7, 8], '>v<^<'], 12, 7, 5, True], [[[0, 1, 2, 3, 4, 5, 6, 7, 8], '>>^<<'], 11, 6, 5, True], [[[0, 1, 2, 3, 4, 5, 6, 7, 8], '>v<^^<'], 17, 9, 6, True], [[[0, 1, 2, 3, 4, 5, 6, 7, 8], 'v>^^<<v>^<'], 23, 13, 10, True], [[[0, 1, 2, 3, 4, 5, 6, 7, 8], '>v<^>^<<'], 21, 12, 8, True], [[[0, 1, 2, 3, 4, 5, 6, 7, 8], '^<<'], 6, 4, 3, True], [[[0, 1, 2, 3, 4, 5, 6, 7, 8], '^^<v>^<<'], 30, 17, 8, True], [[[0, 1, 2, 3, 4, 5, 6, 7, 8], 'v>v<^>>^<<'], 26, 15, 10, True], [[[0, 1, 2, 3, 4, 5, 6, 7, 8], '>^<^<'], 11, 6, 5, True], [[[0, 1, 2, 3, 4, 5, 6, 7, 8], '^>^<<'], 11, 6, 5, True], [[[0, 1, 2, 3, 4, 5, 6, 7, 8], '^<^<'], 9, 5, 4, True], [[[0, 1, 2, 3, 4, 5, 6, 7, 8], 'v>^<<^'], 17, 9, 6, True], [[[0, 1, 2, 3, 4, 5, 6, 7, 8], '>v>^<vv<^^'], 26, 15, 10, True], [[[0, 1, 2, 3, 4, 5, 6, 7, 8], '^^'], 4, 3, 2, True], [[[0, 1, 2, 3, 4, 5, 6, 7, 8], '>^<'], 8, 4, 3, True], [[[0, 1, 2, 3, 4, 5, 6, 7, 8], '>v<<^^'], 12, 7, 6, True], [[[0, 1, 2, 3, 4, 5, 6, 7, 8], 'v>>^<<^'], 15, 9, 7, True], [[[0, 1, 2, 3, 4, 5, 6, 7, 8], 'v>^<'], 9, 5, 4, True], [[[0, 1, 2, 3, 4, 5, 6, 7, 8], '^>v<^'], 11, 6, 5, True], [[[0, 1, 2, 3, 4, 5, 6, 7, 8], '<<^>^<'], 12, 7, 6, True], [[[0, 1, 2, 3, 4, 5, 6, 7, 8], 'v>^<^>v<v>^<^'], 70, 39, 13, True], [[[0, 1, 2, 3, 4, 5, 6, 7, 8], 'v>^^<vv>>^<^<'], 62, 36, 13, True], [[[0, 1, 2, 3, 4, 5, 6, 7, 8], '>^<<v>^<'], 19, 10, 8, True], [[[0, 1, 2, 3, 4, 5, 6, 7, 8], 'v<v>^<^'], 17, 9, 7, True], [[[0, 1, 2, 3, 4, 5, 6, 7, 8], '^'], 3, 2, 1, True], [[[0, 1, 2, 3, 4, 5, 6, 7, 8], '<<vv>>^^<<'], 16, 11, 10, True], [[[0, 1, 2, 3, 4, 5, 6, 7, 8], '<v>^<'], 11, 6, 5, True], [[[0, 1, 2, 3, 4, 5, 6, 7, 8], '<<^^'], 7, 5, 4, True], [[[0, 1, 2, 3, 4, 5, 6, 7, 8], '^>^<v<^'], 19, 10, 7, True], [[[0, 1, 2, 3, 4, 5, 6, 7, 8], '>v<v<^^'], 14, 8, 7, True], [[[0, 1, 2, 3, 4, 5, 6, 7, 8], 'v<v>^<^<'], 20, 11, 8, True], [[[0, 1, 2, 3, 4, 5, 6, 7, 8], '^^<v>^<<'], 30, 17, 8, True], [[[0, 1, 2, 3, 4, 5, 6, 7, 8], 'v>^<'], 9, 5, 4, True], [[[0, 1, 2, 3, 4, 5, 6, 7, 8], 'v>^>v<^^<'], 22, 12, 9, True], [[[0, 1, 2, 3, 4, 5, 6, 7, 8], '<^^<'], 9, 5, 4, True], [[[0, 1, 2, 3, 4, 5, 6, 7, 8], '<v>^<'], 11, 6, 5, True], [[[0, 1, 2, 3, 4, 5, 6, 7, 8], '<^>^<'], 11, 6, 5, True], [[[0, 1, 2, 3, 4, 5, 6, 7, 8], '<^<^'], 9, 5, 4, True], [[[0, 1, 2, 3, 4, 5, 6, 7, 8], 'vv<^^'], 11, 6, 5, True], [[[0, 1, 2, 3, 4, 5, 6, 7, 8], '<<v>^>v<<^>v<^^'], 158, 91, 15, True], [[[0, 1, 2, 3, 4, 5, 6, 7, 8], '<^^'], 6, 4, 3, True], [[[0, 1, 2, 3, 4, 5, 6, 7, 8], '>v<<^>v<^'], 32, 17, 9, True], [[[0, 1, 2, 3, 4, 5, 6, 7, 8], '^^<'], 8, 4, 3, True], [[[0, 1, 2, 3, 4, 5, 6, 7, 8], '^<'], 6, 3, 2, True], [[[0, 1, 2, 3, 4, 5, 6, 7, 8], '^^'], 4, 3, 2, True], [[[0, 1, 2, 3, 4, 5, 6, 7, 8], 'v<^^>vv<^^'], 22, 12, 10, True], [[[0, 1, 2, 3, 4, 5, 6, 7, 8], '^<<'], 6, 4, 3, True], [[[0, 1, 2, 3, 4, 5, 6, 7, 8], '<^<v>^^<'], 20, 11, 8, True], [[[0, 1, 2, 3, 4, 5, 6, 7, 8], 'v>^<v<^>^<'], 31, 17, 10, True], [[[0, 1, 2, 3, 4, 5, 6, 7, 8], 'vv>>^<<^'], 17, 10, 8, True], [[[0, 1, 2, 3, 4, 5, 6, 7, 8], 'vv<^^<'], 12, 7, 6, True], [[[0, 1, 2, 3, 4, 5, 6, 7, 8], '^<<'], 6, 4, 3, True], [[[0, 1, 2, 3, 4, 5, 6, 7, 8], '<v>^<^'], 15, 8, 6, True], [[[0, 1, 2, 3, 4, 5, 6, 7, 8], 'vv<^>>^<<'], 26, 15, 9, True], [[[0, 1, 2, 3, 4, 5, 6, 7, 8], '>^<<^'], 11, 6, 5, True], [[[0, 1, 2, 3, 4, 5, 6, 7, 8], '^>>v<<^'], 14, 8, 7, True], [[[0, 1, 2, 3, 4, 5, 6, 7, 8], '<v>^<^<'], 19, 10, 7, True], [[[0, 1, 2, 3, 4, 5, 6, 7, 8], '<<'], 4, 3, 2, True], [[[0, 1, 2, 3, 4, 5, 6, 7, 8], '<^<^'], 9, 5, 4, True], [[[0, 1, 2, 3, 4, 5, 6, 7, 8], '>^^<'], 9, 5, 4, True], [[[0, 1, 2, 3, 4, 5, 6, 7, 8], '^>v<^'], 11, 6, 5, True], [[[0, 1, 2, 3, 4, 5, 6, 7, 8], '<<'], 4, 3, 2, True], [[[0, 1, 2, 3, 4, 5, 6, 7, 8], 'v>^<^>v<v>^>v<^^<'], 248, 144, 17, True], [[[0, 1, 2, 3, 4, 5, 6, 7, 8], '>^<<v>>^<^<'], 22, 12, 11, True], [[[0, 1, 2, 3, 4, 5, 6, 7, 8], '<<^^'], 7, 5, 4, True], [[[0, 1, 2, 3, 4, 5, 6, 7, 8], '>v>^<v<^>>v<^>^<<'], 204, 120, 17, True], [[[0, 1, 2, 3, 4, 5, 6, 7, 8], '<<^>^<'], 12, 7, 6, True], [[[0, 1, 2, 3, 4, 5, 6, 7, 8], '^^>v<<^'], 19, 10, 7, True], [[[0, 1, 2, 3, 4, 5, 6, 7, 8], '<^<'], 8, 4, 3, True], [[[0, 1, 2, 3, 4, 5, 6, 7, 8], '<^>v<^^'], 24, 14, 7, True], [[[0, 1, 2, 3, 4, 5, 6, 7, 8], 'v<v<^^'], 12, 7, 6, True], [[[0, 1, 2, 3, 4, 5, 6, 7, 8], '>v>^^<<'], 14, 8, 7, True], [[[0, 1, 2, 3, 4, 5, 6, 7, 8], '>>v<^>^<<'], 23, 13, 9, True], [[[0, 1, 2, 3, 4, 5, 6, 7, 8], '<^>^<'], 11, 6, 5, True], [[[0, 1, 2, 3, 4, 5, 6, 7, 8], '>>v<^^<'], 19, 10, 7, True], [[[0, 1, 2, 3, 4, 5, 6, 7, 8], '^>^>v<<^'], 25, 14, 8, True], [[[0, 1, 2, 3, 4, 5, 6, 7, 8], '^>v>^<<v>^<^'], 48, 27, 12, True], [[[0, 1, 2, 3, 4, 5, 6, 7, 8], 'v<^'], 8, 4, 3, True], [[[0, 1, 2, 3, 4, 5, 6, 7, 8], '<v<v>^^<'], 25, 14, 8, True], [[[0, 1, 2, 3, 4, 5, 6, 7, 8], 'v<<^'], 9, 5, 4, True], [[[0, 1, 2, 3, 4, 5, 6, 7, 8], 'vv<^<^'], 12, 7, 6, True], [[[0, 1, 2, 3, 4, 5, 6, 7, 8], '>vv>^<v<^^'], 24, 14, 10, True], [[[0, 1, 2, 3, 4, 5, 6, 7, 8], '<<^>v<^^'], 25, 15, 8, True], [[[0, 1, 2, 3, 4, 5, 6, 7, 8], 'v>>^^<<'], 12, 8, 7, True], [[[0, 1, 2, 3, 4, 5, 6, 7, 8], '^>v<^<'], 15, 8, 6, True], [[[0, 1, 2, 3, 4, 5, 6, 7, 8], 'v<^^'], 9, 5, 4, True], [[[0, 1, 2, 3, 4, 5, 6, 7, 8], '>>^<^<'], 12, 7, 6, True], [[[0, 1, 2, 3, 4, 5, 6, 7, 8], '^<'], 6, 3, 2, True], [[[0, 1, 2, 3, 4, 5, 6, 7, 8], '<^<^'], 9, 5, 4, True], [[[0, 1, 2, 3, 4, 5, 6, 7, 8], '<^>>^<<'], 14, 8, 7, True], [[[0, 1, 2, 3, 4, 5, 6, 7, 8], '<<^^>>v<<^'], 18, 11, 10, True], [[[0, 1, 2, 3, 4, 5, 6, 7, 8], '>v<^^'], 12, 7, 5, True], [[[0, 1, 2, 3, 4, 5, 6, 7, 8], '<^>v<<^^'], 19, 12, 8, True], [[[0, 1, 2, 3, 4, 5, 6, 7, 8], 'vv<<^^>v<^'], 18, 11, 10, True], [[[0, 1, 2, 3, 4, 5, 6, 7, 8], '>>^^<<v>^<'], 18, 11, 10, True], [[[0, 1, 2, 3, 4, 5, 6, 7, 8], '^>v<<^^'], 18, 11, 7, True], [[[0, 1, 2, 3, 4, 5, 6, 7, 8], '^'], 3, 2, 1, True], [[[0, 1, 2, 3, 4, 5, 6, 7, 8], '>v>v<^^<'], 32, 17, 8, True], [[[0, 1, 2, 3, 4, 5, 6, 7, 8], '<^>v<^^'], 24, 14, 7, True], [[[0, 1, 2, 3, 4, 5, 6, 7, 8], '<v>^<<'], 13, 8, 6, True], [[[0, 1, 2, 3, 4, 5, 6, 7, 8], '^<^<'], 9, 5, 4, True], [[[0, 1, 2, 3, 4, 5, 6, 7, 8], '<vv<^^'], 12, 7, 6, True], [[[0, 1, 2, 3, 4, 5, 6, 7, 8], '<v>^>^<v<^'], 45, 24, 10, True], [[[0, 1, 2, 3, 4, 5, 6, 7, 8], '<<vv>>^^<<'], 16, 11, 10, True], [[[0, 1, 2, 3, 4, 5, 6, 7, 8], '>>v<^^<'], 19, 10, 7, True], [[[0, 1, 2, 3, 4, 5, 6, 7, 8], 'v>^<vv>^^<'], 45, 25, 10, True], [[[0, 1, 2, 3, 4, 5, 6, 7, 8], '^<v>v<^<^'], 25, 14, 9, True], [[[0, 1, 2, 3, 4, 5, 6, 7, 8], 'v>^<^'], 12, 7, 5, True], [[[0, 1, 2, 3, 4, 5, 6, 7, 8], '^>^>vv<<^^'], 19, 12, 10, True], [[[0, 1, 2, 3, 4, 5, 6, 7, 8], 'v<<^>v<^'], 27, 14, 8, True], [[[0, 1, 2, 3, 4, 5, 6, 7, 8], 'v>^^<'], 11, 6, 5, True], [[[0, 1, 2, 3, 4, 5, 6, 7, 8], '^<^'], 8, 4, 3, True], [[[0, 1, 2, 3, 4, 5, 6, 7, 8], '>>v<^<'], 14, 8, 6, True], [[[0, 1, 2, 3, 4, 5, 6, 7, 8], 'v>^^<<'], 12, 7, 6, True], [[[0, 1, 2, 3, 4, 5, 6, 7, 8], 'v>>v<<^^'], 17, 10, 8, True], [[[0, 1, 2, 3, 4, 5, 6, 7, 8], 'vv<^<^'], 12, 7, 6, True], [[[0, 1, 2, 3, 4, 5, 6, 7, 8], 'v>>^^<<'], 12, 8, 7, True], [[[0, 1, 2, 3, 4, 5, 6, 7, 8], '<<^>^<vv>>^<<^'], 172, 101, 14, True], [[[0, 1, 2, 3, 4, 5, 6, 7, 8], '>vv<^<^'], 14, 8, 7, True], [[[0, 1, 2, 3, 4, 5, 6, 7, 8], '^'], 3, 2, 1, True], [[[0, 1, 2, 3, 4, 5, 6, 7, 8], 'v>^^<'], 11, 6, 5, True], [[[0, 1, 2, 3, 4, 5, 6, 7, 8], '>^<v>>^^<<'], 25, 16, 10, True], [[[0, 1, 2, 3, 4, 5, 6, 7, 8], '<^>v<^^'], 24, 14, 7, True], [[[0, 1, 2, 3, 4, 5, 6, 7, 8], 'v>v>^<v<^>^<'], 34, 19, 12, True], [[[0, 1, 2, 3, 4, 5, 6, 7, 8], 'v>>^<^>v<<^'], 26, 15, 11, True], [[[0, 1, 2, 3, 4, 5, 6, 7, 8], '>^<'], 8, 4, 3, True], [[[0, 1, 2, 3, 4, 5, 6, 7, 8], '>vv>^<^<'], 29, 16, 8, True], [[[0, 1, 2, 3, 4, 5, 6, 7, 8], '<^<vv>^^<'], 19, 10, 9, True], [[[0, 1, 2, 3, 4, 5, 6, 7, 8], '^<v<^^'], 12, 7, 6, True], [[[0, 1, 2, 3, 4, 5, 6, 7, 8], 'vv<<^^'], 10, 7, 6, True], [[[0, 1, 2, 3, 4, 5, 6, 7, 8], '>>^^<<'], 10, 7, 6, True], [[[0, 1, 2, 3, 4, 5, 6, 7, 8], '<^>^<v>v<^^'], 41, 24, 11, True], [[[0, 1, 2, 3, 4, 5, 6, 7, 8], '>^<'], 8, 4, 3, True], [[[0, 1, 2, 3, 4, 5, 6, 7, 8], 'v<^^'], 9, 5, 4, True], [[[0, 1, 2, 3, 4, 5, 6, 7, 8], '>v<^<'], 12, 7, 5, True], [[[0, 1, 2, 3, 4, 5, 6, 7, 8], 'v>v<^>^<'], 20, 11, 8, True], [[[0, 1, 2, 3, 4, 5, 6, 7, 8], '^>v<<^'], 17, 9, 6, True], [[[0, 1, 2, 3, 4, 5, 6, 7, 8], '<^<^>>vv<<^^'], 22, 14, 12, True], [[[0, 1, 2, 3, 4, 5, 6, 7, 8], '<^>vv<<^^>v>^<<'], 191, 108, 15, True], [[[0, 1, 2, 3, 4, 5, 6, 7, 8], '>^<^<'], 11, 6, 5, True], [[[0, 1, 2, 3, 4, 5, 6, 7, 8], '^>^<'], 9, 5, 4, True], [[[0, 1, 2, 3, 4, 5, 6, 7, 8], '>^<v>v<^<^'], 31, 17, 10, True], [[[0, 1, 2, 3, 4, 5, 6, 7, 8], '^^<<'], 7, 5, 4, True], [[[0, 1, 2, 3, 4, 5, 6, 7, 8], '^<v<^'], 11, 6, 5, True], [[[0, 1, 2, 3, 4, 5, 6, 7, 8], '^<<v>^>vv<<^^'], 97, 59, 13, True], [[[0, 1, 2, 3, 4, 5, 6, 7, 8], '<^<v>^^<'], 20, 11, 8, True], [[[0, 1, 2, 3, 4, 5, 6, 7, 8], '>^^<<'], 9, 6, 5, True], [[[0, 1, 2, 3, 4, 5, 6, 7, 8], '>v>^^<<'], 14, 8, 7, True], [[[0, 1, 2, 3, 4, 5, 6, 7, 8], '<^>vv<<^^'], 24, 15, 9, True], [[[0, 1, 2, 3, 4, 5, 6, 7, 8], '^>^<'], 9, 5, 4, True], [[[0, 1, 2, 3, 4, 5, 6, 7, 8], '<^^<'], 9, 5, 4, True], [[[0, 1, 2, 3, 4, 5, 6, 7, 8], '^^>v<^'], 12, 7, 6, True], [[[0, 1, 2, 3, 4, 5, 6, 7, 8], '^<<'], 6, 4, 3, True], [[[0, 1, 2, 3, 4, 5, 6, 7, 8], '<^<'], 8, 4, 3, True], [[[0, 1, 2, 3, 4, 5, 6, 7, 8], '^^>v>v<<^^'], 18, 11, 10, True], [[[0, 1, 2, 3, 4, 5, 6, 7, 8], '<<'], 4, 3, 2, True], [[[0, 1, 2, 3, 4, 5, 6, 7, 8], 'v<^>v<<^^'], 35, 20, 9, True], [[[0, 1, 2, 3, 4, 5, 6, 7, 8], '<'], 3, 2, 1, True], [[[0, 1, 2, 3, 4, 5, 6, 7, 8], 'v<<^>v<^^'], 32, 18, 9, True], [[[0, 1, 2, 3, 4, 5, 6, 7, 8], '>^>v<^<'], 17, 9, 7, True], [[[0, 1, 2, 3, 4, 5, 6, 7, 8], '^^<<'], 7, 5, 4, True], [[[0, 1, 2, 3, 4, 5, 6, 7, 8], 'vv<^^<'], 12, 7, 6, True], [[[0, 1, 2, 3, 4, 5, 6, 7, 8], '>vv<^^<'], 15, 9, 7, True], [[[0, 1, 2, 3, 4, 5, 6, 7, 8], '^<^<'], 9, 5, 4, True], [[[0, 1, 2, 3, 4, 5, 6, 7, 8], '>v>v<^^<'], 32, 17, 8, True], [[[0, 1, 2, 3, 4, 5, 6, 7, 8], 'vv<^<^>v<^'], 30, 16, 10, True], [[[0, 1, 2, 3, 4, 5, 6, 7, 8], '^^>v<^'], 12, 7, 6, True], [[[0, 1, 2, 3, 4, 5, 6, 7, 8], '<'], 3, 2, 1, True], [[[0, 1, 2, 3, 4, 5, 6, 7, 8], '<<'], 4, 3, 2, True], [[[0, 1, 2, 3, 4, 5, 6, 7, 8], '<^'], 6, 3, 2, True], [[[0, 1, 2, 3, 4, 5, 6, 7, 8], '>v>^<^<'], 19, 10, 7, True], [[[0, 1, 2, 3, 4, 5, 6, 7, 8], '<v<^'], 9, 5, 4, True], [[[0, 1, 2, 3, 4, 5, 6, 7, 8], '^<v>^^<<'], 19, 12, 8, True], [[[0, 1, 2, 3, 4, 5, 6, 7, 8], 'v<v>^^<'], 23, 13, 7, True], [[[0, 1, 2, 3, 4, 5, 6, 7, 8], '^<^'], 8, 4, 3, True], [[[0, 1, 2, 3, 4, 5, 6, 7, 8], '<^>>^<<v>^<'], 32, 18, 11, True], [[[0, 1, 2, 3, 4, 5, 6, 7, 8], 'vv>^<^'], 14, 8, 6, True], [[[0, 1, 2, 3, 4, 5, 6, 7, 8], '>>v<<^'], 12, 7, 6, True], [[[0, 1, 2, 3, 4, 5, 6, 7, 8], '^>v<^'], 11, 6, 5, True], [[[0, 1, 2, 3, 4, 5, 6, 7, 8], '^^>vv<^^'], 15, 9, 8, True], [[[0, 1, 2, 3, 4, 5, 6, 7, 8], 'v<<^>^<'], 14, 8, 7, True], [[[0, 1, 2, 3, 4, 5, 6, 7, 8], '>v<^'], 9, 5, 4, True], [[[0, 1, 2, 3, 4, 5, 6, 7, 8], '>v<^'], 9, 5, 4, True], [[[0, 1, 2, 3, 4, 5, 6, 7, 8], '<^^>v<^<'], 18, 10, 8, True], [[[0, 1, 2, 3, 4, 5, 6, 7, 8], 'v<^>^<<'], 18, 11, 7, True], [[[0, 1, 2, 3, 4, 5, 6, 7, 8], '^<^<'], 9, 5, 4, True], [[[0, 1, 2, 3, 4, 5, 6, 7, 8], '^>^<<'], 11, 6, 5, True], [[[0, 1, 2, 3, 4, 5, 6, 7, 8], '^<<'], 6, 4, 3, True], [[[0, 1, 2, 3, 4, 5, 6, 7, 8], '>^<<^'], 11, 6, 5, True], [[[0, 1, 2, 3, 4, 5, 6, 7, 8], '<^^<'], 9, 5, 4, True], [[[0, 1, 2, 3, 4, 5, 6, 7, 8], '<^^>v<<^'], 20, 11, 8, True], [[[0, 1, 2, 3, 4, 5, 6, 7, 8], '^<<'], 6, 4, 3, True], [[[0, 1, 2, 3, 4, 5, 6, 7, 8], '<^^>v<^<'], 18, 10, 8, True], [[[0, 1, 2, 3, 4, 5, 6, 7, 8], '>^>v<v<^^'], 26, 15, 9, True], [[[0, 1, 2, 3, 4, 5, 6, 7, 8], '>>^<v<^'], 20, 11, 7, True], [[[0, 1, 2, 3, 4, 5, 6, 7, 8], 'v>^<<'], 12, 7, 5, True], [[[0, 1, 2, 3, 4, 5, 6, 7, 8], 'v<^>>^<<'], 23, 13, 8, True], [[[0, 1, 2, 3, 4, 5, 6, 7, 8], 'v<^>v<<^'], 38, 20, 8, True], [[[0, 1, 2, 3, 4, 5, 6, 7, 8], '^^'], 4, 3, 2, True], [[[0, 1, 2, 3, 4, 5, 6, 7, 8], 'v>v<^>^<<'], 24, 14, 9, True], [[[0, 1, 2, 3, 4, 5, 6, 7, 8], '<v>^<<^'], 19, 10, 7, True], [[[0, 1, 2, 3, 4, 5, 6, 7, 8], '<v<^^'], 11, 6, 5, True], [[[0, 1, 2, 3, 4, 5, 6, 7, 8], '>v<^^'], 12, 7, 5, True], [[[0, 1, 2, 3, 4, 5, 6, 7, 8], '^^<'], 8, 4, 3, True], [[[0, 1, 2, 3, 4, 5, 6, 7, 8], '<^^'], 6, 4, 3, True], [[[0, 1, 2, 3, 4, 5, 6, 7, 8], '^^>v>^<v<^'], 23, 13, 10, True], [[[0, 1, 2, 3, 4, 5, 6, 7, 8], 'v<<v>^<^'], 18, 10, 8, True], [[[0, 1, 2, 3, 4, 5, 6, 7, 8], '>^^<'], 9, 5, 4, True], [[[0, 1, 2, 3, 4, 5, 6, 7, 8], '<^^'], 6, 4, 3, True], [[[0, 1, 2, 3, 4, 5, 6, 7, 8], '>v<^<v>^>v<^<'], 74, 41, 13, True], [[[0, 1, 2, 3, 4, 5, 6, 7, 8], '>>^<<^'], 12, 7, 6, True], [[[0, 1, 2, 3, 4, 5, 6, 7, 8], '^>^<'], 9, 5, 4, True], [[[0, 1, 2, 3, 4, 5, 6, 7, 8], '<vv<^^'], 12, 7, 6, True], [[[0, 1, 2, 3, 4, 5, 6, 7, 8], '^<<^'], 9, 5, 4, True], [[[0, 1, 2, 3, 4, 5, 6, 7, 8], 'v>^>^<v<^'], 23, 13, 9, True], [[[0, 1, 2, 3, 4, 5, 6, 7, 8], '^>v<<^'], 17, 9, 6, True], [[[0, 1, 2, 3, 4, 5, 6, 7, 8], 'v>^>v<^<'], 18, 10, 8, True], [[[0, 1, 2, 3, 4, 5, 6, 7, 8], '>v<v>^^<'], 30, 16, 8, True], [[[0, 1, 2, 3, 4, 5, 6, 7, 8], '^<'], 6, 3, 2, True], [[[0, 1, 2, 3, 4, 5, 6, 7, 8], ''], 0, 1, 0, True], [[[0, 1, 2, 3, 4, 5, 6, 7, 8], '>^<^'], 9, 5, 4, True], [[[0, 1, 2, 3, 4, 5, 6, 7, 8], '>v<<^>^<'], 17, 9, 8, True], [[[0, 1, 2, 3, 4, 5, 6, 7, 8], '<'], 3, 2, 1, True], [[[0, 1, 2, 3, 4, 5, 6, 7, 8], 'v<v<^^'], 12, 7, 6, True], [[[0, 1, 2, 3, 4, 5, 6, 7, 8], 'vv<^^<'], 12, 7, 6, True], [[[0, 1, 2, 3, 4, 5, 6, 7, 8], '<^>>^<<'], 14, 8, 7, True], [[[0, 1, 2, 3, 4, 5, 6, 7, 8], '^<<'], 6, 4, 3, True], [[[0, 1, 2, 3, 4, 5, 6, 7, 8], '<^>>^<<'], 14, 8, 7, True], [[[0, 1, 2, 3, 4, 5, 6, 7, 8], '^<<v>^<^'], 18, 10, 8, True], [[[0, 1, 2, 3, 4, 5, 6, 7, 8], 'v>v<^^'], 14, 8, 6, True], [[[0, 1, 2, 3, 4, 5, 6, 7, 8], ''], 0, 1, 0, True], [[[0, 1, 2, 3, 4, 5, 6, 7, 8], '>v>^<<'], 14, 8, 6, True], [[[0, 1, 2, 3, 4, 5, 6, 7, 8], '^^<<'], 7, 5, 4, True], [[[0, 1, 2, 3, 4, 5, 6, 7, 8], '>>^<v>^^<<'], 37, 22, 10, True], [[[0, 1, 2, 3, 4, 5, 6, 7, 8], '<vv>^>^<<'], 17, 10, 9, True], [[[0, 1, 2, 3, 4, 5, 6, 7, 8], 'v>>^^<<'], 12, 8, 7, True], [[[0, 1, 2, 3, 4, 5, 6, 7, 8], '>>^^<<'], 10, 7, 6, True], [[[0, 1, 2, 3, 4, 5, 6, 7, 8], 'v<<^^'], 9, 6, 5, True], [[[0, 1, 2, 3, 4, 5, 6, 7, 8], '>^<^>v<v>^^<'], 85, 49, 12, True], [[[0, 1, 2, 3, 4, 5, 6, 7, 8], '>^^>v<<^'], 20, 11, 8, True], [[[0, 1, 2, 3, 4, 5, 6, 7, 8], '^>v<<^^'], 18, 11, 7, True], [[[0, 1, 2, 3, 4, 5, 6, 7, 8], 'vv<^^>v<^'], 21, 12, 9, True], [[[0, 1, 2, 3, 4, 5, 6, 7, 8], '^<^'], 8, 4, 3, True], [[[0, 1, 2, 3, 4, 5, 6, 7, 8], 'vv<<^^'], 10, 7, 6, True], [[[0, 1, 2, 3, 4, 5, 6, 7, 8], '<<^^>v<^'], 15, 9, 8, True], [[[0, 1, 2, 3, 4, 5, 6, 7, 8], '>^^<'], 9, 5, 4, True], [[[0, 1, 2, 3, 4, 5, 6, 7, 8], '>v<^'], 9, 5, 4, True], [[[0, 1, 2, 3, 4, 5, 6, 7, 8], '<vv>>^^<<'], 15, 10, 9, True], [[[0, 1, 2, 3, 4, 5, 6, 7, 8], '>v<<^>^>v<^<'], 27, 15, 12, True], [[[0, 1, 2, 3, 4, 5, 6, 7, 8], '^<v<^^>v<^'], 22, 12, 10, True], [[[0, 1, 2, 3, 4, 5, 6, 7, 8], '^>>v<<^'], 14, 8, 7, True], [[[0, 1, 2, 3, 4, 5, 6, 7, 8], '<<vv>>^^<v<^'], 26, 15, 12, True], [[[0, 1, 2, 3, 4, 5, 6, 7, 8], '<^'], 6, 3, 2, True], [[[0, 1, 2, 3, 4, 5, 6, 7, 8], '>vv<<^^'], 12, 8, 7, True], [[[0, 1, 2, 3, 4, 5, 6, 7, 8], 'v<^<'], 9, 5, 4, True], [[[0, 1, 2, 3, 4, 5, 6, 7, 8], 'vv<<^>v<^^'], 33, 19, 10, True], [[[0, 1, 2, 3, 4, 5, 6, 7, 8], '^>vv<<^^'], 15, 9, 8, True], [[[0, 1, 2, 3, 4, 5, 6, 7, 8], 'v>v<^^'], 14, 8, 6, True], [[[0, 1, 2, 3, 4, 5, 6, 7, 8], 'vv<^^'], 11, 6, 5, True], [[[0, 1, 2, 3, 4, 5, 6, 7, 8], '>>^<<'], 11, 6, 5, True], [[[0, 1, 2, 3, 4, 5, 6, 7, 8], '^>^<'], 9, 5, 4, True], [[[0, 1, 2, 3, 4, 5, 6, 7, 8], 'v<v>^<^'], 17, 9, 7, True], [[[0, 1, 2, 3, 4, 5, 6, 7, 8], '>^<<'], 9, 5, 4, True], [[[0, 1, 2, 3, 4, 5, 6, 7, 8], 'v>v>^<^<'], 20, 11, 8, True], [[[0, 1, 2, 3, 4, 5, 6, 7, 8], '^>>vv<^<^'], 17, 10, 9, True], [[[0, 1, 2, 3, 4, 5, 6, 7, 8], 'v<<^^>vv<^^'], 20, 12, 11, True], [[[0, 1, 2, 3, 4, 5, 6, 7, 8], '>>^<^>v<<^'], 23, 13, 10, True], [[[0, 1, 2, 3, 4, 5, 6, 7, 8], '<^>^<<'], 12, 7, 6, True], [[[0, 1, 2, 3, 4, 5, 6, 7, 8], '^>>^<<'], 12, 7, 6, True], [[[0, 1, 2, 3, 4, 5, 6, 7, 8], '>^^<'], 9, 5, 4, True], [[[0, 1, 2, 3, 4, 5, 6, 7, 8], '>>v<<^'], 12, 7, 6, True], [[[0, 1, 2, 3, 4, 5, 6, 7, 8], '<^<'], 8, 4, 3, True], [[[0, 1, 2, 3, 4, 5, 6, 7, 8], '<<^^'], 7, 5, 4, True], [[[0, 1, 2, 3, 4, 5, 6, 7, 8], 'v>^^<<'], 12, 7, 6, True], [[[0, 1, 2, 3, 4, 5, 6, 7, 8], 'v>^>^<<'], 14, 8, 7, True], [[[0, 1, 2, 3, 4, 5, 6, 7, 8], '<v<^'], 9, 5, 4, True], [[[0, 1, 2, 3, 4, 5, 6, 7, 8], '<<^^'], 7, 5, 4, True], [[[0, 1, 2, 3, 4, 5, 6, 7, 8], '^'], 3, 2, 1, True], [[[0, 1, 2, 3, 4, 5, 6, 7, 8], '<^>v<^<^'], 33, 18, 8, True], [[[0, 1, 2, 3, 4, 5, 6, 7, 8], '<<^^'], 7, 5, 4, True], [[[0, 1, 2, 3, 4, 5, 6, 7, 8], '>^<<^'], 11, 6, 5, True], [[[0, 1, 2, 3, 4, 5, 6, 7, 8], '^'], 3, 2, 1, True], [[[0, 1, 2, 3, 4, 5, 6, 7, 8], '^>^<'], 9, 5, 4, True], [[[0, 1, 2, 3, 4, 5, 6, 7, 8], '^<v>^<<'], 29, 16, 7, True], [[[0, 1, 2, 3, 4, 5, 6, 7, 8], '<v>>^<v<^'], 36, 20, 9, True], [[[0, 1, 2, 3, 4, 5, 6, 7, 8], '>^>^<v<^'], 20, 11, 8, True], [[[0, 1, 2, 3, 4, 5, 6, 7, 8], 'v>v<^>>^<<'], 26, 15, 10, True], [[[0, 1, 2, 3, 4, 5, 6, 7, 8], '>>^<^>v<^<'], 31, 18, 10, True], [[[0, 1, 2, 3, 4, 5, 6, 7, 8], '>>v<<^'], 12, 7, 6, True], [[[0, 1, 2, 3, 4, 5, 6, 7, 8], '<v>>v<^>^<<'], 26, 15, 11, True], [[[0, 1, 2, 3, 4, 5, 6, 7, 8], '^>^>v<^<'], 18, 10, 8, True], [[[0, 1, 2, 3, 4, 5, 6, 7, 8], '<^<'], 8, 4, 3, True], [[[0, 1, 2, 3, 4, 5, 6, 7, 8], '<^>v<<^'], 19, 10, 7, True], [[[0, 1, 2, 3, 4, 5, 6, 7, 8], '>^>vv<^<^'], 28, 16, 9, True], [[[0, 1, 2, 3, 4, 5, 6, 7, 8], '^>v<^'], 11, 6, 5, True], [[[0, 1, 2, 3, 4, 5, 6, 7, 8], '>^^<vv>^<^'], 28, 16, 10, True], [[[0, 1, 2, 3, 4, 5, 6, 7, 8], '<v<v>^^<'], 25, 14, 8, True], [[[0, 1, 2, 3, 4, 5, 6, 7, 8], '^^'], 4, 3, 2, True], [[[0, 1, 2, 3, 4, 5, 6, 7, 8], '<^>v<^'], 24, 12, 6, True], [[[0, 1, 2, 3, 4, 5, 6, 7, 8], '^<<'], 6, 4, 3, True], [[[0, 1, 2, 3, 4, 5, 6, 7, 8], '<vv<^>^<'], 22, 12, 8, True], [[[0, 1, 2, 3, 4, 5, 6, 7, 8], '>>^<v>^^<<'], 37, 22, 10, True], [[[0, 1, 2, 3, 4, 5, 6, 7, 8], '>v<^^'], 12, 7, 5, True], [[[0, 1, 2, 3, 4, 5, 6, 7, 8], '>^<<^'], 11, 6, 5, True], [[[0, 1, 2, 3, 4, 5, 6, 7, 8], '^<^>v<<^'], 20, 11, 8, True], [[[0, 1, 2, 3, 4, 5, 6, 7, 8], '<<^>^<'], 12, 7, 6, True], [[[0, 1, 2, 3, 4, 5, 6, 7, 8], '^<^'], 8, 4, 3, True], [[[0, 1, 2, 3, 4, 5, 6, 7, 8], ''], 0, 1, 0, True], [[[0, 1, 2, 3, 4, 5, 6, 7, 8], '^^<<'], 7, 5, 4, True], [[[0, 1, 2, 3, 4, 5, 6, 7, 8], 'v>^<'], 9, 5, 4, True], [[[0, 1, 2, 3, 4, 5, 6, 7, 8], '<<'], 4, 3, 2, True], [[[0, 1, 2, 3, 4, 5, 6, 7, 8], '>^<^'], 9, 5, 4, True], [[[0, 1, 2, 3, 4, 5, 6, 7, 8], '>^<^>v<<^'], 22, 12, 9, True], [[[0, 1, 2, 3, 4, 5, 6, 7, 8], '<^<v>v<^^'], 30, 18, 9, True], [[[0, 1, 2, 3, 4, 5, 6, 7, 8], ''], 0, 1, 0, True], [[[0, 1, 2, 3, 4, 5, 6, 7, 8], '<v>^<'], 11, 6, 5, True], [[[0, 1, 2, 3, 4, 5, 6, 7, 8], '^>v<^'], 11, 6, 5, True], [[[0, 1, 2, 3, 4, 5, 6, 7, 8], '^^>v<<^'], 19, 10, 7, True], [[[0, 1, 2, 3, 4, 5, 6, 7, 8], '<^>>v<^<^'], 26, 14, 9, True], [[[0, 1, 2, 3, 4, 5, 6, 7, 8], '>^<v>v<^<^'], 31, 17, 10, True], [[[0, 1, 2, 3, 4, 5, 6, 7, 8], '<^'], 6, 3, 2, True], [[[0, 1, 2, 3, 4, 5, 6, 7, 8], '^>^>vv<^<^'], 29, 17, 10, True], [[[0, 1, 2, 3, 4, 5, 6, 7, 8], '^<^>v<^'], 26, 13, 7, True], [[[0, 1, 2, 3, 4, 5, 6, 7, 8], 'vv>^^<'], 12, 7, 6, True], [[[0, 1, 2, 3, 4, 5, 6, 7, 8], '^^<'], 8, 4, 3, True], [[[0, 1, 2, 3, 4, 5, 6, 7, 8], '<<^^'], 7, 5, 4, True], [[[0, 1, 2, 3, 4, 5, 6, 7, 8], 'v>^<<^'], 17, 9, 6, True], [[[0, 1, 2, 3, 4, 5, 6, 7, 8], '<<'], 4, 3, 2, True], [[[0, 1, 2, 3, 4, 5, 6, 7, 8], 'v<^'], 8, 4, 3, True], [[[0, 1, 2, 3, 4, 5, 6, 7, 8], 'v>^<'], 9, 5, 4, True], [[[0, 1, 2, 3, 4, 5, 6, 7, 8], '^>vv<^>^<v<^'], 57, 33, 12, True], [[[0, 1, 2, 3, 4, 5, 6, 7, 8], '<^<'], 8, 4, 3, True], [[[0, 1, 2, 3, 4, 5, 6, 7, 8], '<<^'], 8, 4, 3, True], [[[0, 1, 2, 3, 4, 5, 6, 7, 8], '^>^<'], 9, 5, 4, True], [[[0, 1, 2, 3, 4, 5, 6, 7, 8], 'v>^<^>v<^'], 32, 17, 9, True], [[[0, 1, 2, 3, 4, 5, 6, 7, 8], '>^<v>v<^^'], 32, 19, 9, True], [[[0, 1, 2, 3, 4, 5, 6, 7, 8], '>>^^<<'], 10, 7, 6, True], [[[0, 1, 2, 3, 4, 5, 6, 7, 8], '^<v<^'], 11, 6, 5, True], [[[0, 1, 2, 3, 4, 5, 6, 7, 8], '^^'], 4, 3, 2, True], [[[0, 1, 2, 3, 4, 5, 6, 7, 8], '^^'], 4, 3, 2, True], [[[0, 1, 2, 3, 4, 5, 6, 7, 8], '<v<^>^<'], 19, 10, 7, True], [[[0, 1, 2, 3, 4, 5, 6, 7, 8], '<'], 3, 2, 1, True], [[[0, 1, 2, 3, 4, 5, 6, 7, 8], 'vv>^^<<'], 15, 9, 7, True], [[[0, 1, 2, 3, 4, 5, 6, 7, 8], '>^<<^'], 11, 6, 5, True], [[[0, 1, 2, 3, 4, 5, 6, 7, 8], '<^>vv<^^'], 22, 12, 8, True], [[[0, 1, 2, 3, 4, 5, 6, 7, 8], '<v>^<'], 11, 6, 5, True], [[[0, 1, 2, 3, 4, 5, 6, 7, 8], 'v<v>^^<'], 23, 13, 7, True], [[[0, 1, 2, 3, 4, 5, 6, 7, 8], 'v<^<^'], 11, 6, 5, True], [[[0, 1, 2, 3, 4, 5, 6, 7, 8], ''], 0, 1, 0, True], [[[0, 1, 2, 3, 4, 5, 6, 7, 8], '<^<v>^^<'], 20, 11, 8, True], [[[0, 1, 2, 3, 4, 5, 6, 7, 8], '^<'], 6, 3, 2, True], [[[0, 1, 2, 3, 4, 5, 6, 7, 8], '<<'], 4, 3, 2, True], [[[0, 1, 2, 3, 4, 5, 6, 7, 8], 'v>^^<vv<^>>v<^^<'], 111, 65, 16, True], [[[0, 1, 2, 3, 4, 5, 6, 7, 8], 'v>^<<^'], 17, 9, 6, True], [[[0, 1, 2, 3, 4, 5, 6, 7, 8], 'v<^'], 8, 4, 3, True], [[[0, 1, 2, 3, 4, 5, 6, 7, 8], 'vv>^<^'], 14, 8, 6, True], [[[0, 1, 2, 3, 4, 5, 6, 7, 8], ''], 0, 1, 0, True], [[[0, 1, 2, 3, 4, 5, 6, 7, 8], '^<v>v>^^<<'], 28, 16, 10, True], [[[0, 1, 2, 3, 4, 5, 6, 7, 8], '^^'], 4, 3, 2, True], [[[0, 1, 2, 3, 4, 5, 6, 7, 8], 'v>v<^^'], 14, 8, 6, True], [[[0, 1, 2, 3, 4, 5, 6, 7, 8], '<^>v<^<^'], 33, 18, 8, True], [[[0, 1, 2, 3, 4, 5, 6, 7, 8], '^<v>>^^<<'], 24, 15, 9, True], [[[0, 1, 2, 3, 4, 5, 6, 7, 8], '<^'], 6, 3, 2, True], [[[0, 1, 2, 3, 4, 5, 6, 7, 8], '>>^<^<'], 12, 7, 6, True], [[[0, 1, 2, 3, 4, 5, 6, 7, 8], '^<<'], 6, 4, 3, True], [[[0, 1, 2, 3, 4, 5, 6, 7, 8], '>v<<^>v>^<v<^^'], 117, 70, 14, True], [[[0, 1, 2, 3, 4, 5, 6, 7, 8], '<^^'], 6, 4, 3, True], [[[0, 1, 2, 3, 4, 5, 6, 7, 8], '^>v>^<<'], 21, 12, 7, True], [[[0, 1, 2, 3, 4, 5, 6, 7, 8], '^^<vv<^^'], 15, 9, 8, True], [[[0, 1, 2, 3, 4, 5, 6, 7, 8], '>v>^<<v>^^<'], 37, 21, 11, True], [[[0, 1, 2, 3, 4, 5, 6, 7, 8], '>>v<^<'], 14, 8, 6, True], [[[0, 1, 2, 3, 4, 5, 6, 7, 8], '>v>^^<<'], 14, 8, 7, True], [[[0, 1, 2, 3, 4, 5, 6, 7, 8], '>^<<'], 9, 5, 4, True], [[[0, 1, 2, 3, 4, 5, 6, 7, 8], '^>v<^'], 11, 6, 5, True], [[[0, 1, 2, 3, 4, 5, 6, 7, 8], 'v<<^^'], 9, 6, 5, True], [[[0, 1, 2, 3, 4, 5, 6, 7, 8], '^>^<'], 9, 5, 4, True], [[[0, 1, 2, 3, 4, 5, 6, 7, 8], '^<v>^^<'], 19, 10, 7, True], [[[0, 1, 2, 3, 4, 5, 6, 7, 8], ''], 0, 1, 0, True], [[[0, 1, 2, 3, 4, 5, 6, 7, 8], '>^>v<<^^'], 26, 15, 8, True], [[[0, 1, 2, 3, 4, 5, 6, 7, 8], '<^<^'], 9, 5, 4, True], [[[0, 1, 2, 3, 4, 5, 6, 7, 8], '^>^<<v>v>^^<<'], 36, 21, 13, True], [[[0, 1, 2, 3, 4, 5, 6, 7, 8], 'v>^<^'], 12, 7, 5, True], [[[0, 1, 2, 3, 4, 5, 6, 7, 8], '<^^<'], 9, 5, 4, True], [[[0, 1, 2, 3, 4, 5, 6, 7, 8], 'v<^^'], 9, 5, 4, True], [[[0, 1, 2, 3, 4, 5, 6, 7, 8], 'v>^>v<<^>^<'], 39, 22, 11, True], [[[0, 1, 2, 3, 4, 5, 6, 7, 8], '>v<^^<'], 17, 9, 6, True], [[[0, 1, 2, 3, 4, 5, 6, 7, 8], 'v>^<^>v<^<'], 39, 22, 10, True], [[[0, 1, 2, 3, 4, 5, 6, 7, 8], '>^<^<'], 11, 6, 5, True], [[[0, 1, 2, 3, 4, 5, 6, 7, 8], 'v<^<v>^^<'], 22, 12, 9, True], [[[0, 1, 2, 3, 4, 5, 6, 7, 8], '<<^^'], 7, 5, 4, True], [[[0, 1, 2, 3, 4, 5, 6, 7, 8], '<v>>^<<v>^<'], 35, 20, 11, True], [[[0, 1, 2, 3, 4, 5, 6, 7, 8], 'vv>^^<v<^'], 19, 10, 9, True], [[[0, 1, 2, 3, 4, 5, 6, 7, 8], '^<<'], 6, 4, 3, True], [[[0, 1, 2, 3, 4, 5, 6, 7, 8], '^'], 3, 2, 1, True], [[[0, 1, 2, 3, 4, 5, 6, 7, 8], 'v>^<'], 9, 5, 4, True], [[[0, 1, 2, 3, 4, 5, 6, 7, 8], '>^^<'], 9, 5, 4, True], [[[0, 1, 2, 3, 4, 5, 6, 7, 8], 'v<^>>v<<^^'], 39, 23, 10, True], [[[0, 1, 2, 3, 4, 5, 6, 7, 8], '^^'], 4, 3, 2, True], [[[0, 1, 2, 3, 4, 5, 6, 7, 8], '<^>>vv<^<^'], 29, 17, 10, True], [[[0, 1, 2, 3, 4, 5, 6, 7, 8], '^^<'], 8, 4, 3, True], [[[0, 1, 2, 3, 4, 5, 6, 7, 8], '<<'], 4, 3, 2, True], [[[0, 1, 2, 3, 4, 5, 6, 7, 8], ''], 0, 1, 0, True], [[[0, 1, 2, 3, 4, 5, 6, 7, 8], '>^<^>v<^'], 27, 14, 8, True], [[[0, 1, 2, 3, 4, 5, 6, 7, 8], '^>v>^<^<'], 20, 11, 8, True], [[[0, 1, 2, 3, 4, 5, 6, 7, 8], '<<^>>v<<^>^<'], 23, 13, 12, True], [[[0, 1, 2, 3, 4, 5, 6, 7, 8], 'vv<^^<'], 12, 7, 6, True], [[[0, 1, 2, 3, 4, 5, 6, 7, 8], '^<^'], 8, 4, 3, True], [[[0, 1, 2, 3, 4, 5, 6, 7, 8], '^>vv<^^<vv>^^<'], 36, 21, 14, True], [[[0, 1, 2, 3, 4, 5, 6, 7, 8], 'v<<v>^^<v>v<^^'], 120, 68, 14, True], [[[0, 1, 2, 3, 4, 5, 6, 7, 8], '^<<^'], 9, 5, 4, True], [[[0, 1, 2, 3, 4, 5, 6, 7, 8], '>^<<'], 9, 5, 4, True], [[[0, 1, 2, 3, 4, 5, 6, 7, 8], '^^<<'], 7, 5, 4, True], [[[0, 1, 2, 3, 4, 5, 6, 7, 8], '^<<^>v>^<<'], 44, 25, 10, True], [[[0, 1, 2, 3, 4, 5, 6, 7, 8], '^^'], 4, 3, 2, True], [[[0, 1, 2, 3, 4, 5, 6, 7, 8], '^'], 3, 2, 1, True], [[[0, 1, 2, 3, 4, 5, 6, 7, 8], '>^^<'], 9, 5, 4, True], [[[0, 1, 2, 3, 4, 5, 6, 7, 8], '<^^'], 6, 4, 3, True], [[[0, 1, 2, 3, 4, 5, 6, 7, 8], 'v<^<v>>^<<'], 35, 19, 10, True], [[[0, 1, 2, 3, 4, 5, 6, 7, 8], '>v<^'], 9, 5, 4, True], [[[0, 1, 2, 3, 4, 5, 6, 7, 8], '>^<'], 8, 4, 3, True], [[[0, 1, 2, 3, 4, 5, 6, 7, 8], '<^>vv<<^^'], 24, 15, 9, True], [[[0, 1, 2, 3, 4, 5, 6, 7, 8], 'v>v<<^^'], 14, 8, 7, True], [[[0, 1, 2, 3, 4, 5, 6, 7, 8], 'v<<^^'], 9, 6, 5, True], [[[0, 1, 2, 3, 4, 5, 6, 7, 8], 'v<^^'], 9, 5, 4, True], [[[0, 1, 2, 3, 4, 5, 6, 7, 8], '^'], 3, 2, 1, True], [[[0, 1, 2, 3, 4, 5, 6, 7, 8], ''], 0, 1, 0, True], [[[0, 1, 2, 3, 4, 5, 6, 7, 8], '^^>>v<<^'], 15, 9, 8, True], [[[0, 1, 2, 3, 4, 5, 6, 7, 8], '>^<<v>^<^'], 21, 12, 9, True], [[[0, 1, 2, 3, 4, 5, 6, 7, 8], 'v>^<<'], 12, 7, 5, True], [[[0, 1, 2, 3, 4, 5, 6, 7, 8], '>^<v<^^'], 18, 11, 7, True], [[[0, 1, 2, 3, 4, 5, 6, 7, 8], '^>v<^<^'], 19, 10, 7, True], [[[0, 1, 2, 3, 4, 5, 6, 7, 8], '^'], 3, 2, 1, True], [[[0, 1, 2, 3, 4, 5, 6, 7, 8], ''], 0, 1, 0, True], [[[0, 1, 2, 3, 4, 5, 6, 7, 8], 'v<v>^<<^'], 20, 11, 8, True], [[[0, 1, 2, 3, 4, 5, 6, 7, 8], 'v<^'], 8, 4, 3, True], [[[0, 1, 2, 3, 4, 5, 6, 7, 8], '<v>^<^<'], 19, 10, 7, True], [[[0, 1, 2, 3, 4, 5, 6, 7, 8], '<v<^'], 9, 5, 4, True], [[[0, 1, 2, 3, 4, 5, 6, 7, 8], '^^'], 4, 3, 2, True], [[[0, 1, 2, 3, 4, 5, 6, 7, 8], '^<vv>^<^<'], 26, 14, 9, True], [[[0, 1, 2, 3, 4, 5, 6, 7, 8], '>>v<^<'], 14, 8, 6, True], [[[0, 1, 2, 3, 4, 5, 6, 7, 8], '>v<v>^<<^'], 22, 12, 9, True], [[[0, 1, 2, 3, 4, 5, 6, 7, 8], 'vv>^^<'], 12, 7, 6, True], [[[0, 1, 2, 3, 4, 5, 6, 7, 8], '^<v<^^'], 12, 7, 6, True], [[[0, 1, 2, 3, 4, 5, 6, 7, 8], '^^>v<<^'], 19, 10, 7, True], [[[0, 1, 2, 3, 4, 5, 6, 7, 8], '^>>vv<^>v<<^^'], 47, 28, 13, True], [[[0, 1, 2, 3, 4, 5, 6, 7, 8], '<<^^>>v<<^'], 18, 11, 10, True], [[[0, 1, 2, 3, 4, 5, 6, 7, 8], '>>v<^<'], 14, 8, 6, True], [[[0, 1, 2, 3, 4, 5, 6, 7, 8], '<v>^>^<<'], 23, 13, 8, True], [[[0, 1, 2, 3, 4, 5, 6, 7, 8], 'v<v>^<^<'], 20, 11, 8, True], [[[0, 1, 2, 3, 4, 5, 6, 7, 8], '^>v<^<^'], 19, 10, 7, True], [[[0, 1, 2, 3, 4, 5, 6, 7, 8], '<v<^'], 9, 5, 4, True], [[[0, 1, 2, 3, 4, 5, 6, 7, 8], '<'], 3, 2, 1, True], [[[0, 1, 2, 3, 4, 5, 6, 7, 8], '<<v>v<^^'], 23, 13, 8, True], [[[0, 1, 2, 3, 4, 5, 6, 7, 8], '^<<'], 6, 4, 3, True], [[[0, 1, 2, 3, 4, 5, 6, 7, 8], '>>^<<^'], 12, 7, 6, True], [[[0, 1, 2, 3, 4, 5, 6, 7, 8], '<^>^<'], 11, 6, 5, True], [[[0, 1, 2, 3, 4, 5, 6, 7, 8], '^<'], 6, 3, 2, True], [[[0, 1, 2, 3, 4, 5, 6, 7, 8], '^>>^<<'], 12, 7, 6, True], [[[0, 1, 2, 3, 4, 5, 6, 7, 8], '>^<v>^^<'], 31, 17, 8, True], [[[0, 1, 2, 3, 4, 5, 6, 7, 8], 'v<<^'], 9, 5, 4, True], [[[0, 1, 2, 3, 4, 5, 6, 7, 8], '>^<v<^'], 17, 9, 6, True], [[[0, 1, 2, 3, 4, 5, 6, 7, 8], 'v<^>v<<^^'], 35, 20, 9, True], [[[0, 1, 2, 3, 4, 5, 6, 7, 8], '^^<v>v<^^'], 37, 21, 9, True], [[[0, 1, 2, 3, 4, 5, 6, 7, 8], '>v<^'], 9, 5, 4, True], [[[0, 1, 2, 3, 4, 5, 6, 7, 8], '<vv>^<^'], 18, 10, 7, True], [[[0, 1, 2, 3, 4, 5, 6, 7, 8], '>v<^'], 9, 5, 4, True], [[[0, 1, 2, 3, 4, 5, 6, 7, 8], '<^>v<^<^'], 33, 18, 8, True], [[[0, 1, 2, 3, 4, 5, 6, 7, 8], '<^<'], 8, 4, 3, True], [[[0, 1, 2, 3, 4, 5, 6, 7, 8], '^>v<<^^'], 18, 11, 7, True], [[[0, 1, 2, 3, 4, 5, 6, 7, 8], '<<'], 4, 3, 2, True], [[[0, 1, 2, 3, 4, 5, 6, 7, 8], '>^<v>>^<^<'], 23, 13, 10, True], [[[0, 1, 2, 3, 4, 5, 6, 7, 8], '>v<v<^^>>v<<^'], 51, 29, 13, True], [[[0, 1, 2, 3, 4, 5, 6, 7, 8], 'v<v>^>^<v<^'], 40, 22, 11, True], [[[0, 1, 2, 3, 4, 5, 6, 7, 8], '^>^<'], 9, 5, 4, True], [[[0, 1, 2, 3, 4, 5, 6, 7, 8], 'v<v<^^'], 12, 7, 6, True], [[[0, 1, 2, 3, 4, 5, 6, 7, 8], 'v>^<^<'], 17, 9, 6, True], [[[0, 1, 2, 3, 4, 5, 6, 7, 8], '^^<v<^'], 12, 7, 6, True], [[[0, 1, 2, 3, 4, 5, 6, 7, 8], '>vv<<^^'], 12, 8, 7, True], [[[0, 1, 2, 3, 4, 5, 6, 7, 8], '^'], 3, 2, 1, True], [[[0, 1, 2, 3, 4, 5, 6, 7, 8], '>^<vv>^<^<'], 34, 19, 10, True], [[[0, 1, 2, 3, 4, 5, 6, 7, 8], '<^^>v<^'], 14, 8, 7, True], [[[0, 1, 2, 3, 4, 5, 6, 7, 8], '^'], 3, 2, 1, True], [[[0, 1, 2, 3, 4, 5, 6, 7, 8], '^>vv<^^>v>^<<'], 54, 32, 13, True], [[[0, 1, 2, 3, 4, 5, 6, 7, 8], '<^>v<^<^'], 33, 18, 8, True], [[[0, 1, 2, 3, 4, 5, 6, 7, 8], 'v<<^'], 9, 5, 4, True], [[[0, 1, 2, 3, 4, 5, 6, 7, 8], ''], 0, 1, 0, True], [[[0, 1, 2, 3, 4, 5, 6, 7, 8], '<^^<'], 9, 5, 4, True], [[[0, 1, 2, 3, 4, 5, 6, 7, 8], '<<'], 4, 3, 2, True], [[[0, 1, 2, 3, 4, 5, 6, 7, 8], '>>^<^<'], 12, 7, 6, True], [[[0, 1, 2, 3, 4, 5, 6, 7, 8], '^^>v<v>^^<<'], 67, 40, 11, True], [[[0, 1, 2, 3, 4, 5, 6, 7, 8], '^^'], 4, 3, 2, True], [[[0, 1, 2, 3, 4, 5, 6, 7, 8], '>^<^'], 9, 5, 4, True], [[[0, 1, 2, 3, 4, 5, 6, 7, 8], '<^'], 6, 3, 2, True], [[[0, 1, 2, 3, 4, 5, 6, 7, 8], 'v>v<^^'], 14, 8, 6, True], [[[0, 1, 2, 3, 4, 5, 6, 7, 8], '^>>^<<v>^<'], 23, 13, 10, True], [[[0, 1, 2, 3, 4, 5, 6, 7, 8], 'vv<^<^'], 12, 7, 6, True], [[[0, 1, 2, 3, 4, 5, 6, 7, 8], '^>v<<^^'], 18, 11, 7, True], [[[0, 1, 2, 3, 4, 5, 6, 7, 8], '>v<^'], 9, 5, 4, True], [[[0, 1, 2, 3, 4, 5, 6, 7, 8], '^>v<<^^'], 18, 11, 7, True], [[[0, 1, 2, 3, 4, 5, 6, 7, 8], 'v<^>^<<'], 18, 11, 7, True], [[[0, 1, 2, 3, 4, 5, 6, 7, 8], '>vv<^>^<'], 24, 13, 8, True], [[[0, 1, 2, 3, 4, 5, 6, 7, 8], '^>^<'], 9, 5, 4, True], [[[0, 1, 2, 3, 4, 5, 6, 7, 8], '<<^'], 8, 4, 3, True], [[[0, 1, 2, 3, 4, 5, 6, 7, 8], '>^<'], 8, 4, 3, True], [[[0, 1, 2, 3, 4, 5, 6, 7, 8], '^<^>vv<^>^<<'], 75, 46, 12, True], [[[0, 1, 2, 3, 4, 5, 6, 7, 8], '^'], 3, 2, 1, True], [[[0, 1, 2, 3, 4, 5, 6, 7, 8], '>^^<v>v<^^<'], 62, 35, 11, True], [[[0, 1, 2, 3, 4, 5, 6, 7, 8], 'vv<^^>v<^'], 21, 12, 9, True], [[[0, 1, 2, 3, 4, 5, 6, 7, 8], '<v>v<<^^'], 15, 9, 8, True], [[[0, 1, 2, 3, 4, 5, 6, 7, 8], '<<^'], 8, 4, 3, True], [[[0, 1, 2, 3, 4, 5, 6, 7, 8], '<^^>v<<^'], 20, 11, 8, True], [[[0, 1, 2, 3, 4, 5, 6, 7, 8], '<vv>^^<<'], 16, 10, 8, True], [[[0, 1, 2, 3, 4, 5, 6, 7, 8], '>>^<^<'], 12, 7, 6, True], [[[0, 1, 2, 3, 4, 5, 6, 7, 8], 'v>^<<'], 12, 7, 5, True], [[[0, 1, 2, 3, 4, 5, 6, 7, 8], '^'], 3, 2, 1, True], [[[0, 1, 2, 3, 4, 5, 6, 7, 8], '^'], 3, 2, 1, True], [[[0, 1, 2, 3, 4, 5, 6, 7, 8], '^^'], 4, 3, 2, True], [[[0, 1, 2, 3, 4, 5, 6, 7, 8], 'v>^<<v>^<'], 24, 13, 9, True], [[[0, 1, 2, 3, 4, 5, 6, 7, 8], ''], 0, 1, 0, True], [[[0, 1, 2, 3, 4, 5, 6, 7, 8], 'v>^<'], 9, 5, 4, True], [[[0, 1, 2, 3, 4, 5, 6, 7, 8], '^<^>v<^'], 26, 13, 7, True], [[[0, 1, 2, 3, 4, 5, 6, 7, 8], 'v<^^>v<^'], 19, 10, 8, True], [[[0, 1, 2, 3, 4, 5, 6, 7, 8], '<^>v<<^'], 19, 10, 7, True], [[[0, 1, 2, 3, 4, 5, 6, 7, 8], '<v>>^<^<'], 17, 9, 8, True], [[[0, 1, 2, 3, 4, 5, 6, 7, 8], 'v<^'], 8, 4, 3, True], [[[0, 1, 2, 3, 4, 5, 6, 7, 8], 'v>^^<<'], 12, 7, 6, True], [[[0, 1, 2, 3, 4, 5, 6, 7, 8], '^<v>^^<'], 19, 10, 7, True], [[[0, 1, 2, 3, 4, 5, 6, 7, 8], '<^^'], 6, 4, 3, True], [[[0, 1, 2, 3, 4, 5, 6, 7, 8], '>^<<'], 9, 5, 4, True], [[[0, 1, 2, 3, 4, 5, 6, 7, 8], 'v<^^<'], 11, 6, 5, True], [[[0, 1, 2, 3, 4, 5, 6, 7, 8], '^^<v<^'], 12, 7, 6, True], [[[0, 1, 2, 3, 4, 5, 6, 7, 8], '<'], 3, 2, 1, True], [[[0, 1, 2, 3, 4, 5, 6, 7, 8], '>>v<<^^'], 15, 9, 7, True], [[[0, 1, 2, 3, 4, 5, 6, 7, 8], 'v>^<<^'], 17, 9, 6, True], [[[0, 1, 2, 3, 4, 5, 6, 7, 8], '^>v<^'], 11, 6, 5, True], [[[0, 1, 2, 3, 4, 5, 6, 7, 8], '<v>^<<'], 13, 8, 6, True], [[[0, 1, 2, 3, 4, 5, 6, 7, 8], '<v>v<^^<'], 25, 14, 8, True], [[[0, 1, 2, 3, 4, 5, 6, 7, 8], '>^<^'], 9, 5, 4, True], [[[0, 1, 2, 3, 4, 5, 6, 7, 8], '<<^^'], 7, 5, 4, True], [[[0, 1, 2, 3, 4, 5, 6, 7, 8], '^^<<'], 7, 5, 4, True], [[[0, 1, 2, 3, 4, 5, 6, 7, 8], '<v>^<^>v<^'], 38, 20, 10, True], [[[0, 1, 2, 3, 4, 5, 6, 7, 8], '<^^'], 6, 4, 3, True], [[[0, 1, 2, 3, 4, 5, 6, 7, 8], '^>>v<^<'], 18, 10, 7, True], [[[0, 1, 2, 3, 4, 5, 6, 7, 8], '>v<^^>v<<^'], 31, 17, 10, True], [[[0, 1, 2, 3, 4, 5, 6, 7, 8], '^<vv<^>^<'], 34, 18, 9, True], [[[0, 1, 2, 3, 4, 5, 6, 7, 8], '<<v>^<'], 12, 7, 6, True], [[[0, 1, 2, 3, 4, 5, 6, 7, 8], '>>^<v<^'], 20, 11, 7, True], [[[0, 1, 2, 3, 4, 5, 6, 7, 8], '^<^<'], 9, 5, 4, True], [[[0, 1, 2, 3, 4, 5, 6, 7, 8], 'vv>^^<'], 12, 7, 6, True], [[[0, 1, 2, 3, 4, 5, 6, 7, 8], '^>vv<^>^<'], 36, 20, 9, True], [[[0, 1, 2, 3, 4, 5, 6, 7, 8], '<^^<'], 9, 5, 4, True], [[[0, 1, 2, 3, 4, 5, 6, 7, 8], '>v<<^'], 11, 6, 5, True], [[[0, 1, 2, 3, 4, 5, 6, 7, 8], '^<<vv>^<^'], 24, 13, 9, True], [[[0, 1, 2, 3, 4, 5, 6, 7, 8], '^^<'], 8, 4, 3, True], [[[0, 1, 2, 3, 4, 5, 6, 7, 8], '>>^^<<'], 10, 7, 6, True], [[[0, 1, 2, 3, 4, 5, 6, 7, 8], '^<^<'], 9, 5, 4, True], [[[0, 1, 2, 3, 4, 5, 6, 7, 8], '<<^'], 8, 4, 3, True], [[[0, 1, 2, 3, 4, 5, 6, 7, 8], '^>vv<^^'], 14, 8, 7, True], [[[0, 1, 2, 3, 4, 5, 6, 7, 8], '>v<<^>v>^<<'], 62, 36, 11, True], [[[0, 1, 2, 3, 4, 5, 6, 7, 8], '<<^^>>v<<^'], 18, 11, 10, True], [[[0, 1, 2, 3, 4, 5, 6, 7, 8], 'v>^^<'], 11, 6, 5, True], [[[0, 1, 2, 3, 4, 5, 6, 7, 8], '^>v>^<<^'], 25, 14, 8, True], [[[0, 1, 2, 3, 4, 5, 6, 7, 8], 'v<^^>v<<^'], 22, 12, 9, True], [[[0, 1, 2, 3, 4, 5, 6, 7, 8], 'v>v<^>^<<'], 24, 14, 9, True], [[[0, 1, 2, 3, 4, 5, 6, 7, 8], '<^>^<'], 11, 6, 5, True], [[[0, 1, 2, 3, 4, 5, 6, 7, 8], '^^'], 4, 3, 2, True], [[[0, 1, 2, 3, 4, 5, 6, 7, 8], '<v>^^<v<^'], 22, 12, 9, True], [[[0, 1, 2, 3, 4, 5, 6, 7, 8], '<<'], 4, 3, 2, True], [[[0, 1, 2, 3, 4, 5, 6, 7, 8], '>vv<^<^'], 14, 8, 7, True], [[[0, 1, 2, 3, 4, 5, 6, 7, 8], 'vv>^^<'], 12, 7, 6, True], [[[0, 1, 2, 3, 4, 5, 6, 7, 8], '>^<<v>^<^'], 21, 12, 9, True], [[[0, 1, 2, 3, 4, 5, 6, 7, 8], '>vv<^<^>v<^'], 35, 19, 11, True], [[[0, 1, 2, 3, 4, 5, 6, 7, 8], 'v<^^>v<v<^^'], 48, 26, 11, True], [[[0, 1, 2, 3, 4, 5, 6, 7, 8], '<^>v>^<<'], 28, 16, 8, True], [[[0, 1, 2, 3, 4, 5, 6, 7, 8], 'v<<^'], 9, 5, 4, True], [[[0, 1, 2, 3, 4, 5, 6, 7, 8], '>^^>v<^<'], 18, 10, 8, True], [[[0, 1, 2, 3, 4, 5, 6, 7, 8], '^>^<v<^'], 19, 10, 7, True], [[[0, 1, 2, 3, 4, 5, 6, 7, 8], '<^'], 6, 3, 2, True], [[[0, 1, 2, 3, 4, 5, 6, 7, 8], '^^>v<^'], 12, 7, 6, True], [[[0, 1, 2, 3, 4, 5, 6, 7, 8], '^^'], 4, 3, 2, True], [[[0, 1, 2, 3, 4, 5, 6, 7, 8], 'v>v>^<v<^^'], 26, 15, 10, True], [[[0, 1, 2, 3, 4, 5, 6, 7, 8], '^^>vv<<^^'], 21, 13, 9, True], [[[0, 1, 2, 3, 4, 5, 6, 7, 8], '<^^<'], 9, 5, 4, True], [[[0, 1, 2, 3, 4, 5, 6, 7, 8], 'vv<<^^'], 10, 7, 6, True], [[[0, 1, 2, 3, 4, 5, 6, 7, 8], '<v>^<'], 11, 6, 5, True], [[[0, 1, 2, 3, 4, 5, 6, 7, 8], '^>^<'], 9, 5, 4, True], [[[0, 1, 2, 3, 4, 5, 6, 7, 8], '<^^<'], 9, 5, 4, True], [[[0, 1, 2, 3, 4, 5, 6, 7, 8], 'vv<^<^'], 12, 7, 6, True], [[[0, 1, 2, 3, 4, 5, 6, 7, 8], 'v<v<^^'], 12, 7, 6, True], [[[0, 1, 2, 3, 4, 5, 6, 7, 8], '^^<'], 8, 4, 3, True], [[[0, 1, 2, 3, 4, 5, 6, 7, 8], '^^'], 4, 3, 2, True], [[[0, 1, 2, 3, 4, 5, 6, 7, 8], '<<'], 4, 3, 2, True], [[[0, 1, 2, 3, 4, 5, 6, 7, 8], '^<^<'], 9, 5, 4, True], [[[0, 1, 2, 3, 4, 5, 6, 7, 8], 'v>v<^>^<<'], 24, 14, 9, True], [[[0, 1, 2, 3, 4, 5, 6, 7, 8], '<<v>^<'], 12, 7, 6, True], [[[0, 1, 2, 3, 4, 5, 6, 7, 8], '^>^<'], 9, 5, 4, True], [[[0, 1, 2, 3, 4, 5, 6, 7, 8], '<^'], 6, 3, 2, True], [[[0, 1, 2, 3, 4, 5, 6, 7, 8], 'v<<^'], 9, 5, 4, True], [[[0, 1, 2, 3, 4, 5, 6, 7, 8], '>vv<^^'], 12, 7, 6, True], [[[0, 1, 2, 3, 4, 5, 6, 7, 8], 'v<<^>v<^'], 27, 14, 8, True], [[[0, 1, 2, 3, 4, 5, 6, 7, 8], '^>v<<^^'], 18, 11, 7, True], [[[0, 1, 2, 3, 4, 5, 6, 7, 8], '<<^'], 8, 4, 3, True], [[[0, 1, 2, 3, 4, 5, 6, 7, 8], '>vv<<^>^<'], 18, 11, 9, True], [[[0, 1, 2, 3, 4, 5, 6, 7, 8], '^<v>^^<<'], 19, 12, 8, True], [[[0, 1, 2, 3, 4, 5, 6, 7, 8], '<v<v>>^<<^'], 21, 12, 10, True], [[[0, 1, 2, 3, 4, 5, 6, 7, 8], '^<v>^<^<v>^>v<<^'], 169, 97, 16, True], [[[0, 1, 2, 3, 4, 5, 6, 7, 8], 'v>^<'], 9, 5, 4, True], [[[0, 1, 2, 3, 4, 5, 6, 7, 8], '<<^^'], 7, 5, 4, True], [[[0, 1, 2, 3, 4, 5, 6, 7, 8], '<vv>^^<vv<^>^<'], 61, 35, 14, True], [[[0, 1, 2, 3, 4, 5, 6, 7, 8], '<^>v<<^'], 19, 10, 7, True], [[[0, 1, 2, 3, 4, 5, 6, 7, 8], '^^'], 4, 3, 2, True], [[[0, 1, 2, 3, 4, 5, 6, 7, 8], 'v<^<'], 9, 5, 4, True], [[[0, 1, 2, 3, 4, 5, 6, 7, 8], '<v<^'], 9, 5, 4, True], [[[0, 1, 2, 3, 4, 5, 6, 7, 8], '<vv<^>^<'], 22, 12, 8, True], [[[0, 1, 2, 3, 4, 5, 6, 7, 8], 'v<v>^>^<v<^'], 40, 22, 11, True], [[[0, 1, 2, 3, 4, 5, 6, 7, 8], '>^^<<'], 9, 6, 5, True], [[[0, 1, 2, 3, 4, 5, 6, 7, 8], '>^^<'], 9, 5, 4, True], [[[0, 1, 2, 3, 4, 5, 6, 7, 8], '^>vv<^<^'], 17, 9, 8, True], [[[0, 1, 2, 3, 4, 5, 6, 7, 8], '^^<<'], 7, 5, 4, True], [[[0, 1, 2, 3, 4, 5, 6, 7, 8], '<^'], 6, 3, 2, True], [[[0, 1, 2, 3, 4, 5, 6, 7, 8], 'vv<^^'], 11, 6, 5, True], [[[0, 1, 2, 3, 4, 5, 6, 7, 8], '>v>^^<<'], 14, 8, 7, True], [[[0, 1, 2, 3, 4, 5, 6, 7, 8], '<<^>>v<<^^'], 19, 12, 10, True], [[[0, 1, 2, 3, 4, 5, 6, 7, 8], 'vv<^^<'], 12, 7, 6, True], [[[0, 1, 2, 3, 4, 5, 6, 7, 8], '>^^<<'], 9, 6, 5, True], [[[0, 1, 2, 3, 4, 5, 6, 7, 8], '^^>v>^<<'], 23, 13, 8, True], [[[0, 1, 2, 3, 4, 5, 6, 7, 8], 'v<v>>^^<v<^'], 23, 13, 11, True], [[[0, 1, 2, 3, 4, 5, 6, 7, 8], '>^^<vv<^^'], 21, 13, 9, True], [[[0, 1, 2, 3, 4, 5, 6, 7, 8], '^^<v<^'], 12, 7, 6, True], [[[0, 1, 2, 3, 4, 5, 6, 7, 8], '^>vv<^^'], 14, 8, 7, True], [[[0, 1, 2, 3, 4, 5, 6, 7, 8], '^^<'], 8, 4, 3, True], [[[0, 1, 2, 3, 4, 5, 6, 7, 8], '<v<^^'], 11, 6, 5, True], [[[0, 1, 2, 3, 4, 5, 6, 7, 8], '<v>^<<^'], 19, 10, 7, True], [[[0, 1, 2, 3, 4, 5, 6, 7, 8], '^'], 3, 2, 1, True], [[[0, 1, 2, 3, 4, 5, 6, 7, 8], '^>vv<<^^'], 15, 9, 8, True], [[[0, 1, 2, 3, 4, 5, 6, 7, 8], '>>v<<^^'], 15, 9, 7, True], [[[0, 1, 2, 3, 4, 5, 6, 7, 8], '>>v<v>^^<<'], 50, 29, 10, True], [[[0, 1, 2, 3, 4, 5, 6, 7, 8], 'v<^'], 8, 4, 3, True], [[[0, 1, 2, 3, 4, 5, 6, 7, 8], 'v>>^^<<'], 12, 8, 7, True], [[[0, 1, 2, 3, 4, 5, 6, 7, 8], ''], 0, 1, 0, True], [[[0, 1, 2, 3, 4, 5, 6, 7, 8], '<<'], 4, 3, 2, True], [[[0, 1, 2, 3, 4, 5, 6, 7, 8], '^'], 3, 2, 1, True], [[[0, 1, 2, 3, 4, 5, 6, 7, 8], '<^^<'], 9, 5, 4, True], [[[0, 1, 2, 3, 4, 5, 6, 7, 8], 'vv>^^<v>>v<^^<'], 88, 48, 14, True], [[[0, 1, 2, 3, 4, 5, 6, 7, 8], '>>^<vv<^^'], 26, 15, 9, True], [[[0, 1, 2, 3, 4, 5, 6, 7, 8], 'v>>^^<<'], 12, 8, 7, True], [[[0, 1, 2, 3, 4, 5, 6, 7, 8], '>^^<<'], 9, 6, 5, True], [[[0, 1, 2, 3, 4, 5, 6, 7, 8], '^^<'], 8, 4, 3, True], [[[0, 1, 2, 3, 4, 5, 6, 7, 8], '<^>>v<^<'], 24, 13, 8, True], [[[0, 1, 2, 3, 4, 5, 6, 7, 8], '>^<<^'], 11, 6, 5, True], [[[0, 1, 2, 3, 4, 5, 6, 7, 8], 'v>>^<^>v<^<'], 35, 20, 11, True], [[[0, 1, 2, 3, 4, 5, 6, 7, 8], 'vv>^^<<'], 15, 9, 7, True], [[[0, 1, 2, 3, 4, 5, 6, 7, 8], '>v<^^'], 12, 7, 5, True], [[[0, 1, 2, 3, 4, 5, 6, 7, 8], '<^<'], 8, 4, 3, True], [[[0, 1, 2, 3, 4, 5, 6, 7, 8], 'vv>>^<^<'], 15, 9, 8, True], [[[0, 1, 2, 3, 4, 5, 6, 7, 8], '>^<<v>>^<<^'], 24, 14, 11, True], [[[0, 1, 2, 3, 4, 5, 6, 7, 8], 'v<v>>^^<vv<^^'], 80, 47, 13, True], [[[0, 1, 2, 3, 4, 5, 6, 7, 8], '^>v<v>>^^<<'], 39, 22, 11, True], [[[0, 1, 2, 3, 4, 5, 6, 7, 8], '<^<'], 8, 4, 3, True], [[[0, 1, 2, 3, 4, 5, 6, 7, 8], '^<^>>v<v<^^'], 31, 18, 11, True], [[[0, 1, 2, 3, 4, 5, 6, 7, 8], 'v>^<<'], 12, 7, 5, True], [[[0, 1, 2, 3, 4, 5, 6, 7, 8], 'vv<^^>vv<<^^'], 25, 16, 12, True], [[[0, 1, 2, 3, 4, 5, 6, 7, 8], '<v<v>^<^'], 18, 10, 8, True], [[[0, 1, 2, 3, 4, 5, 6, 7, 8], '<<'], 4, 3, 2, True], [[[0, 1, 2, 3, 4, 5, 6, 7, 8], '>>^<^<'], 12, 7, 6, True], [[[0, 1, 2, 3, 4, 5, 6, 7, 8], 'vv>>^<^>vv<^^<'], 91, 51, 14, True], [[[0, 1, 2, 3, 4, 5, 6, 7, 8], '^>^<<'], 11, 6, 5, True], [[[0, 1, 2, 3, 4, 5, 6, 7, 8], '^>>v<^<'], 18, 10, 7, True], [[[0, 1, 2, 3, 4, 5, 6, 7, 8], '<<^>v<^'], 26, 13, 7, True], [[[0, 1, 2, 3, 4, 5, 6, 7, 8], 'v<^^'], 9, 5, 4, True], [[[0, 1, 2, 3, 4, 5, 6, 7, 8], 'v<<^^>v<^'], 17, 10, 9, True], [[[0, 1, 2, 3, 4, 5, 6, 7, 8], '^<<^'], 9, 5, 4, True], [[[0, 1, 2, 3, 4, 5, 6, 7, 8], 'v>>^^<<v>^<'], 23, 13, 11, True], [[[0, 1, 2, 3, 4, 5, 6, 7, 8], '<^'], 6, 3, 2, True], [[[0, 1, 2, 3, 4, 5, 6, 7, 8], '>>^<v<^'], 20, 11, 7, True], [[[0, 1, 2, 3, 4, 5, 6, 7, 8], '>^>vv<<^^'], 18, 11, 9, True], [[[0, 1, 2, 3, 4, 5, 6, 7, 8], '^<^<vv>^<^'], 28, 16, 10, True], [[[0, 1, 2, 3, 4, 5, 6, 7, 8], '^>^<<'], 11, 6, 5, True], [[[0, 1, 2, 3, 4, 5, 6, 7, 8], '>v<^'], 9, 5, 4, True], [[[0, 1, 2, 3, 4, 5, 6, 7, 8], '^<<'], 6, 4, 3, True], [[[0, 1, 2, 3, 4, 5, 6, 7, 8], '^^>v<^'], 12, 7, 6, True], [[[0, 1, 2, 3, 4, 5, 6, 7, 8], '<^>^<'], 11, 6, 5, True], [[[0, 1, 2, 3, 4, 5, 6, 7, 8], '<^>v<^<^'], 33, 18, 8, True], [[[0, 1, 2, 3, 4, 5, 6, 7, 8], '>^<<^'], 11, 6, 5, True], [[[0, 1, 2, 3, 4, 5, 6, 7, 8], '>v<^'], 9, 5, 4, True], [[[0, 1, 2, 3, 4, 5, 6, 7, 8], '<^<v>^>^<<'], 26, 15, 10, True], [[[0, 1, 2, 3, 4, 5, 6, 7, 8], '^>^<<'], 11, 6, 5, True], [[[0, 1, 2, 3, 4, 5, 6, 7, 8], '<^^>vv>^^<<'], 41, 23, 11, True], [[[0, 1, 2, 3, 4, 5, 6, 7, 8], '^^>>v<<^'], 15, 9, 8, True], [[[0, 1, 2, 3, 4, 5, 6, 7, 8], '^^<<'], 7, 5, 4, True], [[[0, 1, 2, 3, 4, 5, 6, 7, 8], '^<v>^>v<<^'], 51, 30, 10, True], [[[0, 1, 2, 3, 4, 5, 6, 7, 8], '^>v<^<'], 15, 8, 6, True], [[[0, 1, 2, 3, 4, 5, 6, 7, 8], '^>>^<<'], 12, 7, 6, True], [[[0, 1, 2, 3, 4, 5, 6, 7, 8], '<'], 3, 2, 1, True], [[[0, 1, 2, 3, 4, 5, 6, 7, 8], 'v>^^>v<^<'], 20, 11, 9, True], [[[0, 1, 2, 3, 4, 5, 6, 7, 8], '^>^<v<^'], 19, 10, 7, True], [[[0, 1, 2, 3, 4, 5, 6, 7, 8], 'vv>>^<^<'], 15, 9, 8, True], [[[0, 1, 2, 3, 4, 5, 6, 7, 8], 'vv<<^^'], 10, 7, 6, True], [[[0, 1, 2, 3, 4, 5, 6, 7, 8], 'vv>^^<'], 12, 7, 6, True], [[[0, 1, 2, 3, 4, 5, 6, 7, 8], '^>v<<^'], 17, 9, 6, True], [[[0, 1, 2, 3, 4, 5, 6, 7, 8], '^>^<'], 9, 5, 4, True], [[[0, 1, 2, 3, 4, 5, 6, 7, 8], '<^'], 6, 3, 2, True], [[[0, 1, 2, 3, 4, 5, 6, 7, 8], '>>^<^<'], 12, 7, 6, True], [[[0, 1, 2, 3, 4, 5, 6, 7, 8], 'v<^'], 8, 4, 3, True], [[[0, 1, 2, 3, 4, 5, 6, 7, 8], 'v>^<'], 9, 5, 4, True], [[[0, 1, 2, 3, 4, 5, 6, 7, 8], '>^<<v>v>^<^<'], 30, 16, 12, True], [[[0, 1, 2, 3, 4, 5, 6, 7, 8], '<^<^>vv<^^'], 30, 17, 10, True], [[[0, 1, 2, 3, 4, 5, 6, 7, 8], '^<'], 6, 3, 2, True], [[[0, 1, 2, 3, 4, 5, 6, 7, 8], '^>^<'], 9, 5, 4, True], [[[0, 1, 2, 3, 4, 5, 6, 7, 8], '>^^<<'], 9, 6, 5, True], [[[0, 1, 2, 3, 4, 5, 6, 7, 8], '>>v<v>^^<<'], 50, 29, 10, True], [[[0, 1, 2, 3, 4, 5, 6, 7, 8], '>>^<<'], 11, 6, 5, True], [[[0, 1, 2, 3, 4, 5, 6, 7, 8], '^>>vv<^^<'], 21, 12, 9, True], [[[0, 1, 2, 3, 4, 5, 6, 7, 8], '^^>v<^'], 12, 7, 6, True], [[[0, 1, 2, 3, 4, 5, 6, 7, 8], '^>vv<^^'], 14, 8, 7, True], [[[0, 1, 2, 3, 4, 5, 6, 7, 8], 'v<v>^<^<'], 20, 11, 8, True], [[[0, 1, 2, 3, 4, 5, 6, 7, 8], '<v>^>^<<'], 23, 13, 8, True], [[[0, 1, 2, 3, 4, 5, 6, 7, 8], 'v<^^'], 9, 5, 4, True], [[[0, 1, 2, 3, 4, 5, 6, 7, 8], '>v<^<'], 12, 7, 5, True], [[[0, 1, 2, 3, 4, 5, 6, 7, 8], '>vv<^<v>^<^'], 33, 19, 11, True], [[[0, 1, 2, 3, 4, 5, 6, 7, 8], 'v<v<^^'], 12, 7, 6, True], [[[0, 1, 2, 3, 4, 5, 6, 7, 8], 'vv<^<^'], 12, 7, 6, True], [[[0, 1, 2, 3, 4, 5, 6, 7, 8], '^^<vv>^<^<'], 28, 15, 10, True], [[[0, 1, 2, 3, 4, 5, 6, 7, 8], '^^<'], 8, 4, 3, True], [[[0, 1, 2, 3, 4, 5, 6, 7, 8], '^^>v<v<^^'], 42, 23, 9, True], [[[0, 1, 2, 3, 4, 5, 6, 7, 8], 'v>^>v<<^'], 30, 16, 8, True], [[[0, 1, 2, 3, 4, 5, 6, 7, 8], 'v>^<<vv>^<^'], 38, 22, 11, True], [[[0, 1, 2, 3, 4, 5, 6, 7, 8], ''], 0, 1, 0, True], [[[0, 1, 2, 3, 4, 5, 6, 7, 8], '^^'], 4, 3, 2, True], [[[0, 1, 2, 3, 4, 5, 6, 7, 8], '^<v<^^'], 12, 7, 6, True], [[[0, 1, 2, 3, 4, 5, 6, 7, 8], '^>v<<^^'], 18, 11, 7, True], [[[0, 1, 2, 3, 4, 5, 6, 7, 8], 'vv>>^<v>^^<<'], 45, 27, 12, True], [[[0, 1, 2, 3, 4, 5, 6, 7, 8], '^<v<^'], 11, 6, 5, True], [[[0, 1, 2, 3, 4, 5, 6, 7, 8], '^<v>^<<'], 29, 16, 7, True], [[[0, 1, 2, 3, 4, 5, 6, 7, 8], '<<'], 4, 3, 2, True], [[[0, 1, 2, 3, 4, 5, 6, 7, 8], 'v<<^^'], 9, 6, 5, True], [[[0, 1, 2, 3, 4, 5, 6, 7, 8], '<v<^'], 9, 5, 4, True], [[[0, 1, 2, 3, 4, 5, 6, 7, 8], '>^<v>>^<<'], 35, 20, 9, True], [[[0, 1, 2, 3, 4, 5, 6, 7, 8], '<vv>^^<vv<^^'], 27, 16, 12, True], [[[0, 1, 2, 3, 4, 5, 6, 7, 8], '^^<'], 8, 4, 3, True], [[[0, 1, 2, 3, 4, 5, 6, 7, 8], '^>>^<v<^'], 22, 12, 8, True], [[[0, 1, 2, 3, 4, 5, 6, 7, 8], 'v>v<<^^'], 14, 8, 7, True], [[[0, 1, 2, 3, 4, 5, 6, 7, 8], '<v<^^'], 11, 6, 5, True], [[[0, 1, 2, 3, 4, 5, 6, 7, 8], '<v<^^'], 11, 6, 5, True], [[[0, 1, 2, 3, 4, 5, 6, 7, 8], 'v<^<^'], 11, 6, 5, True], [[[0, 1, 2, 3, 4, 5, 6, 7, 8], '>^<v<^^'], 18, 11, 7, True], [[[0, 1, 2, 3, 4, 5, 6, 7, 8], 'vv<^^'], 11, 6, 5, True], [[[0, 1, 2, 3, 4, 5, 6, 7, 8], '>>v<<^>v>^<<'], 72, 42, 12, True], [[[0, 1, 2, 3, 4, 5, 6, 7, 8], '>v<<^'], 11, 6, 5, True], [[[0, 1, 2, 3, 4, 5, 6, 7, 8], '>v<^^'], 12, 7, 5, True], [[[0, 1, 2, 3, 4, 5, 6, 7, 8], 'v>v>^<^<'], 20, 11, 8, True], [[[0, 1, 2, 3, 4, 5, 6, 7, 8], '<<v>^<'], 12, 7, 6, True], [[[0, 1, 2, 3, 4, 5, 6, 7, 8], 'vv<^>^<'], 20, 11, 7, True], [[[0, 1, 2, 3, 4, 5, 6, 7, 8], '>vv<^^'], 12, 7, 6, True], [[[0, 1, 2, 3, 4, 5, 6, 7, 8], '^>^<vv>^^<'], 40, 22, 10, True], [[[0, 1, 2, 3, 4, 5, 6, 7, 8], '^>v<^^>v<^'], 25, 14, 10, True], [[[0, 1, 2, 3, 4, 5, 6, 7, 8], ''], 0, 1, 0, True], [[[0, 1, 2, 3, 4, 5, 6, 7, 8], '^'], 3, 2, 1, True], [[[0, 1, 2, 3, 4, 5, 6, 7, 8], '^<<^'], 9, 5, 4, True], [[[0, 1, 2, 3, 4, 5, 6, 7, 8], '^'], 3, 2, 1, True], [[[0, 1, 2, 3, 4, 5, 6, 7, 8], '>^<^'], 9, 5, 4, True], [[[0, 1, 2, 3, 4, 5, 6, 7, 8], 'v>v<<^^'], 14, 8, 7, True], [[[0, 1, 2, 3, 4, 5, 6, 7, 8], '<'], 3, 2, 1, True], [[[0, 1, 2, 3, 4, 5, 6, 7, 8], '>v<v>^^<<'], 40, 23, 9, True], [[[0, 1, 2, 3, 4, 5, 6, 7, 8], ''], 0, 1, 0, True], [[[0, 1, 2, 3, 4, 5, 6, 7, 8], '^>^<<v>^<'], 21, 11, 9, True], [[[0, 1, 2, 3, 4, 5, 6, 7, 8], '^<^>v<v<^^'], 26, 15, 10, True], [[[0, 1, 2, 3, 4, 5, 6, 7, 8], 'v<^<'], 9, 5, 4, True], [[[0, 1, 2, 3, 4, 5, 6, 7, 8], '^>v<v>^^<'], 45, 24, 9, True], [[[0, 1, 2, 3, 4, 5, 6, 7, 8], '<vv<^^'], 12, 7, 6, True], [[[0, 1, 2, 3, 4, 5, 6, 7, 8], '>>v<<^'], 12, 7, 6, True], [[[0, 1, 2, 3, 4, 5, 6, 7, 8], 'v<^^'], 9, 5, 4, True], [[[0, 1, 2, 3, 4, 5, 6, 7, 8], 'vv>>^<^>v<^<'], 36, 21, 12, True], [[[0, 1, 2, 3, 4, 5, 6, 7, 8], '>>vv<<^^'], 13, 9, 8, True], [[[0, 1, 2, 3, 4, 5, 6, 7, 8], '<v<v>^<^'], 18, 10, 8, True], [[[0, 1, 2, 3, 4, 5, 6, 7, 8], '<<^'], 8, 4, 3, True], [[[0, 1, 2, 3, 4, 5, 6, 7, 8], '<^^<'], 9, 5, 4, True], [[[0, 1, 2, 3, 4, 5, 6, 7, 8], '<^^'], 6, 4, 3, True], [[[0, 1, 2, 3, 4, 5, 6, 7, 8], 'v<^'], 8, 4, 3, True], [[[0, 1, 2, 3, 4, 5, 6, 7, 8], '^<^<'], 9, 5, 4, True], [[[0, 1, 2, 3, 4, 5, 6, 7, 8], '<^>v<<^^'], 19, 12, 8, True], [[[0, 1, 2, 3, 4, 5, 6, 7, 8], ''], 0, 1, 0, True], [[[0, 1, 2, 3, 4, 5, 6, 7, 8], '>v<^<'], 12, 7, 5, True], [[[0, 1, 2, 3, 4, 5, 6, 7, 8], '^>>v<<^'], 14, 8, 7, True], [[[0, 1, 2, 3, 4, 5, 6, 7, 8], '^<v>v>^<^<'], 60, 32, 10, True], [[[0, 1, 2, 3, 4, 5, 6, 7, 8], '<^<^'], 9, 5, 4, True], [[[0, 1, 2, 3, 4, 5, 6, 7, 8], '<vv<^^'], 12, 7, 6, True], [[[0, 1, 2, 3, 4, 5, 6, 7, 8], '>^^<'], 9, 5, 4, True], [[[0, 1, 2, 3, 4, 5, 6, 7, 8], '^<v>v<<^^'], 24, 15, 9, True], [[[0, 1, 2, 3, 4, 5, 6, 7, 8], '>v<^'], 9, 5, 4, True], [[[0, 1, 2, 3, 4, 5, 6, 7, 8], '<v<v>^^<'], 25, 14, 8, True], [[[0, 1, 2, 3, 4, 5, 6, 7, 8], 'vv<^>^<'], 20, 11, 7, True], [[[0, 1, 2, 3, 4, 5, 6, 7, 8], 'vv<^<^>v>^<<'], 46, 26, 12, True], [[[0, 1, 2, 3, 4, 5, 6, 7, 8], 'v>^^<'], 11, 6, 5, True], [[[0, 1, 2, 3, 4, 5, 6, 7, 8], '^<vv<^^'], 14, 8, 7, True], [[[0, 1, 2, 3, 4, 5, 6, 7, 8], '>v<v>^<^<'], 23, 13, 9, True], [[[0, 1, 2, 3, 4, 5, 6, 7, 8], '^<v<^^'], 12, 7, 6, True], [[[0, 1, 2, 3, 4, 5, 6, 7, 8], '>^<<^'], 11, 6, 5, True], [[[0, 1, 2, 3, 4, 5, 6, 7, 8], '<'], 3, 2, 1, True], [[[0, 1, 2, 3, 4, 5, 6, 7, 8], '>^<<'], 9, 5, 4, True], [[[0, 1, 2, 3, 4, 5, 6, 7, 8], 'v>v<^<^'], 19, 10, 7, True], [[[0, 1, 2, 3, 4, 5, 6, 7, 8], 'v>>^<v<^'], 24, 13, 8, True], [[[0, 1, 2, 3, 4, 5, 6, 7, 8], '<^^'], 6, 4, 3, True], [[[0, 1, 2, 3, 4, 5, 6, 7, 8], '>^>v<<^'], 23, 13, 7, True], [[[0, 1, 2, 3, 4, 5, 6, 7, 8], '>>^<<^'], 12, 7, 6, True], [[[0, 1, 2, 3, 4, 5, 6, 7, 8], 'vv<^^<'], 12, 7, 6, True], [[[0, 1, 2, 3, 4, 5, 6, 7, 8], 'vv<<^>^>v<<^'], 48, 26, 12, True], [[[0, 1, 2, 3, 4, 5, 6, 7, 8], 'v>^<vv>>^^<<'], 52, 32, 12, True], [[[0, 1, 2, 3, 4, 5, 6, 7, 8], '^^<'], 8, 4, 3, True], [[[0, 1, 2, 3, 4, 5, 6, 7, 8], '^^<'], 8, 4, 3, True], [[[0, 1, 2, 3, 4, 5, 6, 7, 8], 'v>^^>v<<^'], 23, 13, 9, True], [[[0, 1, 2, 3, 4, 5, 6, 7, 8], 'v>v<^^'], 14, 8, 6, True], [[[0, 1, 2, 3, 4, 5, 6, 7, 8], '>^<v<^^'], 18, 11, 7, True], [[[0, 1, 2, 3, 4, 5, 6, 7, 8], '^^>>vv<^<^'], 18, 11, 10, True], [[[0, 1, 2, 3, 4, 5, 6, 7, 8], '<^'], 6, 3, 2, True], [[[0, 1, 2, 3, 4, 5, 6, 7, 8], 'v<^^'], 9, 5, 4, True], [[[0, 1, 2, 3, 4, 5, 6, 7, 8], '^^>v<^<'], 17, 9, 7, True], [[[0, 1, 2, 3, 4, 5, 6, 7, 8], '^>v<^'], 11, 6, 5, True], [[[0, 1, 2, 3, 4, 5, 6, 7, 8], '>^^<<vv>^<^'], 30, 16, 11, True], [[[0, 1, 2, 3, 4, 5, 6, 7, 8], '^>v>^<<'], 21, 12, 7, True], [[[0, 1, 2, 3, 4, 5, 6, 7, 8], '^<'], 6, 3, 2, True], [[[0, 1, 2, 3, 4, 5, 6, 7, 8], '^^'], 4, 3, 2, True], [[[0, 1, 2, 3, 4, 5, 6, 7, 8], '^>v<^^>vv<<^^'], 77, 47, 13, True], [[[0, 1, 2, 3, 4, 5, 6, 7, 8], 'v<^<^>vv<^^'], 49, 27, 11, True], [[[0, 1, 2, 3, 4, 5, 6, 7, 8], '<^>v<^^<'], 31, 17, 8, True], [[[0, 1, 2, 3, 4, 5, 6, 7, 8], '>vv>^^<<'], 17, 10, 8, True], [[[0, 1, 2, 3, 4, 5, 6, 7, 8], 'v<^'], 8, 4, 3, True], [[[0, 1, 2, 3, 4, 5, 6, 7, 8], '>v>v<^^<'], 32, 17, 8, True], [[[0, 1, 2, 3, 4, 5, 6, 7, 8], '>^^<<'], 9, 6, 5, True], [[[0, 1, 2, 3, 4, 5, 6, 7, 8], '^<v>^<<'], 29, 16, 7, True], [[[0, 1, 2, 3, 4, 5, 6, 7, 8], '^>v<^^>vv<<^^'], 77, 47, 13, True], [[[0, 1, 2, 3, 4, 5, 6, 7, 8], '>v<^'], 9, 5, 4, True], [[[0, 1, 2, 3, 4, 5, 6, 7, 8], '>^<<^'], 11, 6, 5, True], [[[0, 1, 2, 3, 4, 5, 6, 7, 8], 'v<^>^<<'], 18, 11, 7, True], [[[0, 1, 2, 3, 4, 5, 6, 7, 8], ''], 0, 1, 0, True], [[[0, 1, 2, 3, 4, 5, 6, 7, 8], 'v<<^^'], 9, 6, 5, True], [[[0, 1, 2, 3, 4, 5, 6, 7, 8], 'v>^<v<^^'], 21, 12, 8, True], [[[0, 1, 2, 3, 4, 5, 6, 7, 8], '<^<vv>^<^'], 26, 15, 9, True], [[[0, 1, 2, 3, 4, 5, 6, 7, 8], '<<'], 4, 3, 2, True], [[[0, 1, 2, 3, 4, 5, 6, 7, 8], 'v<<^^>v<^'], 17, 10, 9, True], [[[0, 1, 2, 3, 4, 5, 6, 7, 8], '<^'], 6, 3, 2, True], [[[0, 1, 2, 3, 4, 5, 6, 7, 8], '^'], 3, 2, 1, True], [[[0, 1, 2, 3, 4, 5, 6, 7, 8], '>>^<<^'], 12, 7, 6, True], [[[0, 1, 2, 3, 4, 5, 6, 7, 8], 'v>^<<'], 12, 7, 5, True], [[[0, 1, 2, 3, 4, 5, 6, 7, 8], 'v<^^'], 9, 5, 4, True], [[[0, 1, 2, 3, 4, 5, 6, 7, 8], '<<^>>v<^<^'], 28, 15, 10, True], [[[0, 1, 2, 3, 4, 5, 6, 7, 8], ''], 0, 1, 0, True], [[[0, 1, 2, 3, 4, 5, 6, 7, 8], 'v>^<vv>^<^'], 33, 18, 10, True], [[[0, 1, 2, 3, 4, 5, 6, 7, 8], 'v<^<^>v<^'], 29, 15, 9, True], [[[0, 1, 2, 3, 4, 5, 6, 7, 8], 'v>^<vv>^>^<<'], 40, 23, 12, True], [[[0, 1, 2, 3, 4, 5, 6, 7, 8], '<<^^'], 7, 5, 4, True], [[[0, 1, 2, 3, 4, 5, 6, 7, 8], '<vv<^>v>^<^<'], 36, 20, 12, True], [[[0, 1, 2, 3, 4, 5, 6, 7, 8], '^'], 3, 2, 1, True], [[[0, 1, 2, 3, 4, 5, 6, 7, 8], '^^<vv<^^'], 15, 9, 8, True], [[[0, 1, 2, 3, 4, 5, 6, 7, 8], '<<^>v>^^<v<^'], 58, 33, 12, True], [[[0, 1, 2, 3, 4, 5, 6, 7, 8], '<<^>^<'], 12, 7, 6, True], [[[0, 1, 2, 3, 4, 5, 6, 7, 8], '^<<'], 6, 4, 3, True], [[[0, 1, 2, 3, 4, 5, 6, 7, 8], '<^<'], 8, 4, 3, True], [[[0, 1, 2, 3, 4, 5, 6, 7, 8], '<vv>>^<^>v<<^'], 34, 19, 13, True], [[[0, 1, 2, 3, 4, 5, 6, 7, 8], '<^'], 6, 3, 2, True], [[[0, 1, 2, 3, 4, 5, 6, 7, 8], 'vv<^^>v<^'], 21, 12, 9, True], [[[0, 1, 2, 3, 4, 5, 6, 7, 8], '>^>vv<^^<'], 20, 11, 9, True], [[[0, 1, 2, 3, 4, 5, 6, 7, 8], 'v>v<^^'], 14, 8, 6, True], [[[0, 1, 2, 3, 4, 5, 6, 7, 8], '^>v<<v>>^<<^'], 33, 19, 12, True], [[[0, 1, 2, 3, 4, 5, 6, 7, 8], '>>vv<<^^'], 13, 9, 8, True], [[[0, 1, 2, 3, 4, 5, 6, 7, 8], '^<v<^^'], 12, 7, 6, True], [[[0, 1, 2, 3, 4, 5, 6, 7, 8], '<^'], 6, 3, 2, True], [[[0, 1, 2, 3, 4, 5, 6, 7, 8], '>vv<^>^<'], 24, 13, 8, True], [[[0, 1, 2, 3, 4, 5, 6, 7, 8], '^^<'], 8, 4, 3, True], [[[0, 1, 2, 3, 4, 5, 6, 7, 8], '^'], 3, 2, 1, True], [[[0, 1, 2, 3, 4, 5, 6, 7, 8], '<'], 3, 2, 1, True], [[[0, 1, 2, 3, 4, 5, 6, 7, 8], '>v<^'], 9, 5, 4, True], [[[0, 1, 2, 3, 4, 5, 6, 7, 8], '>^^<<'], 9, 6, 5, True], [[[0, 1, 2, 3, 4, 5, 6, 7, 8], 'v<<^>v<^'], 27, 14, 8, True], [[[0, 1, 2, 3, 4, 5, 6, 7, 8], '>>v<^<'], 14, 8, 6, True], [[[0, 1, 2, 3, 4, 5, 6, 7, 8], '^>v<^^'], 13, 8, 6, True], [[[0, 1, 2, 3, 4, 5, 6, 7, 8], 'v>^<'], 9, 5, 4, True], [[[0, 1, 2, 3, 4, 5, 6, 7, 8], '^<^<'], 9, 5, 4, True], [[[0, 1, 2, 3, 4, 5, 6, 7, 8], '^'], 3, 2, 1, True], [[[0, 1, 2, 3, 4, 5, 6, 7, 8], 'v<^'], 8, 4, 3, True], [[[0, 1, 2, 3, 4, 5, 6, 7, 8], '>v>^<<v>^<'], 31, 17, 10, True], [[[0, 1, 2, 3, 4, 5, 6, 7, 8], 'v<^^<'], 11, 6, 5, True], [[[0, 1, 2, 3, 4, 5, 6, 7, 8], 'v>^<'], 9, 5, 4, True], [[[0, 1, 2, 3, 4, 5, 6, 7, 8], 'v>^<^'], 12, 7, 5, True], [[[0, 1, 2, 3, 4, 5, 6, 7, 8], '<v>>^^<<'], 15, 9, 8, True], [[[0, 1, 2, 3, 4, 5, 6, 7, 8], '<vv<^^'], 12, 7, 6, True], [[[0, 1, 2, 3, 4, 5, 6, 7, 8], '<<'], 4, 3, 2, True], [[[0, 1, 2, 3, 4, 5, 6, 7, 8], '<<'], 4, 3, 2, True], [[[0, 1, 2, 3, 4, 5, 6, 7, 8], '<^^<'], 9, 5, 4, True], [[[0, 1, 2, 3, 4, 5, 6, 7, 8], '^<^'], 8, 4, 3, True], [[[0, 1, 2, 3, 4, 5, 6, 7, 8], '>>^<<'], 11, 6, 5, True], [[[0, 1, 2, 3, 4, 5, 6, 7, 8], ''], 0, 1, 0, True], [[[0, 1, 2, 3, 4, 5, 6, 7, 8], '<vv>^^<'], 14, 8, 7, True], [[[0, 1, 2, 3, 4, 5, 6, 7, 8], 'v<^^>>v<<^'], 26, 15, 10, True], [[[0, 1, 2, 3, 4, 5, 6, 7, 8], '^^>v<v>>^<<^'], 38, 21, 12, True], [[[0, 1, 2, 3, 4, 5, 6, 7, 8], 'vv<^>v>^<<^'], 42, 24, 11, True], [[[0, 1, 2, 3, 4, 5, 6, 7, 8], '<v>v<^^<'], 25, 14, 8, True], [[[0, 1, 2, 3, 4, 5, 6, 7, 8], '>^^<v<^'], 14, 8, 7, True], [[[0, 1, 2, 3, 4, 5, 6, 7, 8], '<'], 3, 2, 1, True], [[[0, 1, 2, 3, 4, 5, 6, 7, 8], 'v>^<<^'], 17, 9, 6, True], [[[0, 1, 2, 3, 4, 5, 6, 7, 8], '<^<'], 8, 4, 3, True], [[[0, 1, 2, 3, 4, 5, 6, 7, 8], '^<^<'], 9, 5, 4, True], [[[0, 1, 2, 3, 4, 5, 6, 7, 8], '^<v>v<^^'], 28, 16, 8, True], [[[0, 1, 2, 3, 4, 5, 6, 7, 8], '>>^<v<^^'], 23, 13, 8, True], [[[0, 1, 2, 3, 4, 5, 6, 7, 8], '>>^<<^'], 12, 7, 6, True], [[[0, 1, 2, 3, 4, 5, 6, 7, 8], '>v>v<<^^'], 15, 9, 8, True], [[[0, 1, 2, 3, 4, 5, 6, 7, 8], 'vv<^>>^<<'], 26, 15, 9, True], [[[0, 1, 2, 3, 4, 5, 6, 7, 8], '^<<'], 6, 4, 3, True], [[[0, 1, 2, 3, 4, 5, 6, 7, 8], 'v<^>v<<^^'], 35, 20, 9, True], [[[0, 1, 2, 3, 4, 5, 6, 7, 8], '<<v>^<^'], 17, 9, 7, True], [[[0, 1, 2, 3, 4, 5, 6, 7, 8], ''], 0, 1, 0, True], [[[0, 1, 2, 3, 4, 5, 6, 7, 8], '^^>v<<^'], 19, 10, 7, True], [[[0, 1, 2, 3, 4, 5, 6, 7, 8], 'v<^'], 8, 4, 3, True], [[[0, 1, 2, 3, 4, 5, 6, 7, 8], '>^>v<<^^'], 26, 15, 8, True], [[[0, 1, 2, 3, 4, 5, 6, 7, 8], '>^<'], 8, 4, 3, True], [[[0, 1, 2, 3, 4, 5, 6, 7, 8], 'vv>^^<'], 12, 7, 6, True], [[[0, 1, 2, 3, 4, 5, 6, 7, 8], '^>v>^<<'], 21, 12, 7, True], [[[0, 1, 2, 3, 4, 5, 6, 7, 8], '>vv<^<v>^^<'], 26, 15, 11, True], [[[0, 1, 2, 3, 4, 5, 6, 7, 8], '>^<<^>v<^'], 29, 15, 9, True], [[[0, 1, 2, 3, 4, 5, 6, 7, 8], '^<'], 6, 3, 2, True], [[[0, 1, 2, 3, 4, 5, 6, 7, 8], '<<v>^^<'], 19, 10, 7, True], [[[0, 1, 2, 3, 4, 5, 6, 7, 8], '>^>v<<^>^<'], 29, 16, 10, True], [[[0, 1, 2, 3, 4, 5, 6, 7, 8], '<^>v>^<<^'], 32, 17, 9, True], [[[0, 1, 2, 3, 4, 5, 6, 7, 8], 'v<^<'], 9, 5, 4, True], [[[0, 1, 2, 3, 4, 5, 6, 7, 8], 'v<^^<'], 11, 6, 5, True], [[[0, 1, 2, 3, 4, 5, 6, 7, 8], 'vv>^^<<v>^<'], 28, 16, 11, True], [[[0, 1, 2, 3, 4, 5, 6, 7, 8], '>v>^<v<^>^<'], 33, 18, 11, True], [[[0, 1, 2, 3, 4, 5, 6, 7, 8], 'v>^^<'], 11, 6, 5, True], [[[0, 1, 2, 3, 4, 5, 6, 7, 8], '^<v>^<<'], 29, 16, 7, True], [[[0, 1, 2, 3, 4, 5, 6, 7, 8], ''], 0, 1, 0, True], [[[0, 1, 2, 3, 4, 5, 6, 7, 8], '<'], 3, 2, 1, True], [[[0, 1, 2, 3, 4, 5, 6, 7, 8], '^^'], 4, 3, 2, True], [[[0, 1, 2, 3, 4, 5, 6, 7, 8], '>>vv<^^<'], 17, 10, 8, True], [[[0, 1, 2, 3, 4, 5, 6, 7, 8], '<^<v>>^^<v<^'], 54, 32, 12, True], [[[0, 1, 2, 3, 4, 5, 6, 7, 8], '<^>^<'], 11, 6, 5, True], [[[0, 1, 2, 3, 4, 5, 6, 7, 8], 'v>v<^^'], 14, 8, 6, True], [[[0, 1, 2, 3, 4, 5, 6, 7, 8], '^<<'], 6, 4, 3, True], [[[0, 1, 2, 3, 4, 5, 6, 7, 8], 'v<^<^>v<^'], 29, 15, 9, True], [[[0, 1, 2, 3, 4, 5, 6, 7, 8], '>>^<<'], 11, 6, 5, True], [[[0, 1, 2, 3, 4, 5, 6, 7, 8], '<'], 3, 2, 1, True], [[[0, 1, 2, 3, 4, 5, 6, 7, 8], '<v<v>^<^'], 18, 10, 8, True], [[[0, 1, 2, 3, 4, 5, 6, 7, 8], '>>v<<^'], 12, 7, 6, True], [[[0, 1, 2, 3, 4, 5, 6, 7, 8], '^^'], 4, 3, 2, True], [[[0, 1, 2, 3, 4, 5, 6, 7, 8], 'v<^>vv<^^'], 35, 20, 9, True], [[[0, 1, 2, 3, 4, 5, 6, 7, 8], '^<<'], 6, 4, 3, True], [[[0, 1, 2, 3, 4, 5, 6, 7, 8], '>>^^<v<^'], 15, 9, 8, True], [[[0, 1, 2, 3, 4, 5, 6, 7, 8], '<'], 3, 2, 1, True], [[[0, 1, 2, 3, 4, 5, 6, 7, 8], '<^<^'], 9, 5, 4, True], [[[0, 1, 2, 3, 4, 5, 6, 7, 8], '>^<^>>v<<^'], 20, 11, 10, True], [[[0, 1, 2, 3, 4, 5, 6, 7, 8], 'v<^<'], 9, 5, 4, True], [[[0, 1, 2, 3, 4, 5, 6, 7, 8], '>^<v<^'], 17, 9, 6, True], [[[0, 1, 2, 3, 4, 5, 6, 7, 8], '>v>^<<'], 14, 8, 6, True], [[[0, 1, 2, 3, 4, 5, 6, 7, 8], 'v<^>v>^<<^'], 40, 22, 10, True], [[[0, 1, 2, 3, 4, 5, 6, 7, 8], '>vv<^<^'], 14, 8, 7, True], [[[0, 1, 2, 3, 4, 5, 6, 7, 8], '^^<'], 8, 4, 3, True], [[[0, 1, 2, 3, 4, 5, 6, 7, 8], '<<^'], 8, 4, 3, True], [[[0, 1, 2, 3, 4, 5, 6, 7, 8], '>v<^^'], 12, 7, 5, True], [[[0, 1, 2, 3, 4, 5, 6, 7, 8], 'v<^^<v>v<^^'], 55, 30, 11, True], [[[0, 1, 2, 3, 4, 5, 6, 7, 8], 'v<^>^<<vv>^^<'], 38, 23, 13, True], [[[0, 1, 2, 3, 4, 5, 6, 7, 8], 'vv<<^^'], 10, 7, 6, True], [[[0, 1, 2, 3, 4, 5, 6, 7, 8], ''], 0, 1, 0, True], [[[0, 1, 2, 3, 4, 5, 6, 7, 8], '>v<^<^'], 17, 9, 6, True], [[[0, 1, 2, 3, 4, 5, 6, 7, 8], 'v>v<^<^'], 19, 10, 7, True], [[[0, 1, 2, 3, 4, 5, 6, 7, 8], '^>vv<<^^'], 15, 9, 8, True], [[[0, 1, 2, 3, 4, 5, 6, 7, 8], 'v<^>v<<^^'], 35, 20, 9, True], [[[0, 1, 2, 3, 4, 5, 6, 7, 8], '<<^^'], 7, 5, 4, True], [[[0, 1, 2, 3, 4, 5, 6, 7, 8], 'vv<<^^>v<^'], 18, 11, 10, True], [[[0, 1, 2, 3, 4, 5, 6, 7, 8], 'vv<<^^'], 10, 7, 6, True], [[[0, 1, 2, 3, 4, 5, 6, 7, 8], 'v>v<^>^<<'], 24, 14, 9, True], [[[0, 1, 2, 3, 4, 5, 6, 7, 8], '>v<^<'], 12, 7, 5, True], [[[0, 1, 2, 3, 4, 5, 6, 7, 8], '^<<'], 6, 4, 3, True], [[[0, 1, 2, 3, 4, 5, 6, 7, 8], '<<v>^<^'], 17, 9, 7, True], [[[0, 1, 2, 3, 4, 5, 6, 7, 8], 'v<^<'], 9, 5, 4, True], [[[0, 1, 2, 3, 4, 5, 6, 7, 8], '^^<vv>^^<'], 19, 10, 9, True], [[[0, 1, 2, 3, 4, 5, 6, 7, 8], '^<<vv>^>^<v<^'], 39, 22, 13, True], [[[0, 1, 2, 3, 4, 5, 6, 7, 8], '<<'], 4, 3, 2, True], [[[0, 1, 2, 3, 4, 5, 6, 7, 8], '^<v<^'], 11, 6, 5, True], [[[0, 1, 2, 3, 4, 5, 6, 7, 8], '<v>v<^^'], 21, 12, 7, True], [[[0, 1, 2, 3, 4, 5, 6, 7, 8], '^>>vv<<^>>^<<'], 81, 48, 13, True], [[[0, 1, 2, 3, 4, 5, 6, 7, 8], '<^<vv>^<^'], 26, 15, 9, True], [[[0, 1, 2, 3, 4, 5, 6, 7, 8], '<v>^<<^'], 19, 10, 7, True], [[[0, 1, 2, 3, 4, 5, 6, 7, 8], 'v<<^'], 9, 5, 4, True], [[[0, 1, 2, 3, 4, 5, 6, 7, 8], '^>v<^'], 11, 6, 5, True], [[[0, 1, 2, 3, 4, 5, 6, 7, 8], '^^<vv<^^'], 15, 9, 8, True], [[[0, 1, 2, 3, 4, 5, 6, 7, 8], '>^>v<<^'], 23, 13, 7, True], [[[0, 1, 2, 3, 4, 5, 6, 7, 8], 'v>^^>v<<^'], 23, 13, 9, True], [[[0, 1, 2, 3, 4, 5, 6, 7, 8], '>^^<'], 9, 5, 4, True], [[[0, 1, 2, 3, 4, 5, 6, 7, 8], 'v<^^'], 9, 5, 4, True], [[[0, 1, 2, 3, 4, 5, 6, 7, 8], '^<v<^^'], 12, 7, 6, True], [[[0, 1, 2, 3, 4, 5, 6, 7, 8], 'vv<^<^>v<^'], 30, 16, 10, True], [[[0, 1, 2, 3, 4, 5, 6, 7, 8], '>vv>^^<<'], 17, 10, 8, True], [[[0, 1, 2, 3, 4, 5, 6, 7, 8], '<v<^'], 9, 5, 4, True], [[[0, 1, 2, 3, 4, 5, 6, 7, 8], '>>v<^<^'], 20, 11, 7, True], [[[0, 1, 2, 3, 4, 5, 6, 7, 8], '>^^<'], 9, 5, 4, True], [[[0, 1, 2, 3, 4, 5, 6, 7, 8], 'v<v>^>v<^>^<<'], 49, 28, 13, True], [[[0, 1, 2, 3, 4, 5, 6, 7, 8], '<<'], 4, 3, 2, True], [[[0, 1, 2, 3, 4, 5, 6, 7, 8], '^<^<'], 9, 5, 4, True], [[[0, 1, 2, 3, 4, 5, 6, 7, 8], '^>v>^<<'], 21, 12, 7, True], [[[0, 1, 2, 3, 4, 5, 6, 7, 8], '^<<^'], 9, 5, 4, True], [[[0, 1, 2, 3, 4, 5, 6, 7, 8], 'vv>^^<'], 12, 7, 6, True], [[[0, 1, 2, 3, 4, 5, 6, 7, 8], 'v>^<^'], 12, 7, 5, True], [[[0, 1, 2, 3, 4, 5, 6, 7, 8], '>^<<^'], 11, 6, 5, True], [[[0, 1, 2, 3, 4, 5, 6, 7, 8], '>v<^<'], 12, 7, 5, True], [[[0, 1, 2, 3, 4, 5, 6, 7, 8], '>vv<<^^'], 12, 8, 7, True], [[[0, 1, 2, 3, 4, 5, 6, 7, 8], '<^>vv<<^>>^<<'], 85, 50, 13, True], [[[0, 1, 2, 3, 4, 5, 6, 7, 8], '<v<^^'], 11, 6, 5, True], [[[0, 1, 2, 3, 4, 5, 6, 7, 8], '^^<<'], 7, 5, 4, True], [[[0, 1, 2, 3, 4, 5, 6, 7, 8], '^^'], 4, 3, 2, True], [[[0, 1, 2, 3, 4, 5, 6, 7, 8], '^>v<v>^^<<'], 53, 32, 10, True], [[[0, 1, 2, 3, 4, 5, 6, 7, 8], '<^>>^<<'], 14, 8, 7, True], [[[0, 1, 2, 3, 4, 5, 6, 7, 8], '<'], 3, 2, 1, True], [[[0, 1, 2, 3, 4, 5, 6, 7, 8], '<^>v<^^'], 24, 14, 7, True], [[[0, 1, 2, 3, 4, 5, 6, 7, 8], 'v<<^^'], 9, 6, 5, True], [[[0, 1, 2, 3, 4, 5, 6, 7, 8], '>^<^>v<^'], 27, 14, 8, True], [[[0, 1, 2, 3, 4, 5, 6, 7, 8], '>^^<'], 9, 5, 4, True], [[[0, 1, 2, 3, 4, 5, 6, 7, 8], '>^<<^'], 11, 6, 5, True], [[[0, 1, 2, 3, 4, 5, 6, 7, 8], '<<^'], 8, 4, 3, True], [[[0, 1, 2, 3, 4, 5, 6, 7, 8], '<^>vv<^^<'], 24, 14, 9, True], [[[0, 1, 2, 3, 4, 5, 6, 7, 8], 'v<^^'], 9, 5, 4, True], [[[0, 1, 2, 3, 4, 5, 6, 7, 8], '>v<^'], 9, 5, 4, True], [[[0, 1, 2, 3, 4, 5, 6, 7, 8], '<<^^'], 7, 5, 4, True], [[[0, 1, 2, 3, 4, 5, 6, 7, 8], '>vv<^<^'], 14, 8, 7, True], [[[0, 1, 2, 3, 4, 5, 6, 7, 8], '>vv<^^'], 12, 7, 6, True], [[[0, 1, 2, 3, 4, 5, 6, 7, 8], '^>>v<^<'], 18, 10, 7, True], [[[0, 1, 2, 3, 4, 5, 6, 7, 8], '>v<v<^^'], 14, 8, 7, True], [[[0, 1, 2, 3, 4, 5, 6, 7, 8], '^'], 3, 2, 1, True], [[[0, 1, 2, 3, 4, 5, 6, 7, 8], '>>vv<^<^'], 15, 9, 8, True], [[[0, 1, 2, 3, 4, 5, 6, 7, 8], '>>vv<^^<'], 17, 10, 8, True], [[[0, 1, 2, 3, 4, 5, 6, 7, 8], '>>^<<'], 11, 6, 5, True], [[[0, 1, 2, 3, 4, 5, 6, 7, 8], '>v<^'], 9, 5, 4, True], [[[0, 1, 2, 3, 4, 5, 6, 7, 8], 'v>^<'], 9, 5, 4, True], [[[0, 1, 2, 3, 4, 5, 6, 7, 8], 'v<<^'], 9, 5, 4, True], [[[0, 1, 2, 3, 4, 5, 6, 7, 8], '>vv<^^>v<^<'], 29, 16, 11, True], [[[0, 1, 2, 3, 4, 5, 6, 7, 8], 'v>^<v<^'], 19, 10, 7, True], [[[0, 1, 2, 3, 4, 5, 6, 7, 8], '>v>v<^^<'], 32, 17, 8, True], [[[0, 1, 2, 3, 4, 5, 6, 7, 8], '>v<v<^^'], 14, 8, 7, True], [[[0, 1, 2, 3, 4, 5, 6, 7, 8], '^^<vv<^^'], 15, 9, 8, True], [[[0, 1, 2, 3, 4, 5, 6, 7, 8], 'vv>^<^'], 14, 8, 6, True], [[[0, 1, 2, 3, 4, 5, 6, 7, 8], 'vv>^<^'], 14, 8, 6, True], [[[0, 1, 2, 3, 4, 5, 6, 7, 8], 'vv<<^>^<'], 15, 9, 8, True], [[[0, 1, 2, 3, 4, 5, 6, 7, 8], '<'], 3, 2, 1, True], [[[0, 1, 2, 3, 4, 5, 6, 7, 8], '^<^'], 8, 4, 3, True], [[[0, 1, 2, 3, 4, 5, 6, 7, 8], '<^^'], 6, 4, 3, True], [[[0, 1, 2, 3, 4, 5, 6, 7, 8], '>^^<v<^'], 14, 8, 7, True], [[[0, 1, 2, 3, 4, 5, 6, 7, 8], 'vv<^>v<<^^'], 36, 21, 10, True], [[[0, 1, 2, 3, 4, 5, 6, 7, 8], '<^>v<^'], 24, 12, 6, True], [[[0, 1, 2, 3, 4, 5, 6, 7, 8], '>^<^>vv<^^<'], 42, 24, 11, True], [[[0, 1, 2, 3, 4, 5, 6, 7, 8], '<^^>vv<^^'], 17, 10, 9, True], [[[0, 1, 2, 3, 4, 5, 6, 7, 8], '>>v<^<'], 14, 8, 6, True], [[[0, 1, 2, 3, 4, 5, 6, 7, 8], 'v<v<^^'], 12, 7, 6, True], [[[0, 1, 2, 3, 4, 5, 6, 7, 8], '>^>v<^^<'], 20, 11, 8, True], [[[0, 1, 2, 3, 4, 5, 6, 7, 8], '^>vv>^<v<^^'], 26, 15, 11, True], [[[0, 1, 2, 3, 4, 5, 6, 7, 8], '>vv<^^'], 12, 7, 6, True], [[[0, 1, 2, 3, 4, 5, 6, 7, 8], '<v>^^<'], 17, 9, 6, True], [[[0, 1, 2, 3, 4, 5, 6, 7, 8], 'v<v<^>^<'], 20, 11, 8, True], [[[0, 1, 2, 3, 4, 5, 6, 7, 8], '^^<<'], 7, 5, 4, True], [[[0, 1, 2, 3, 4, 5, 6, 7, 8], '^^<<v>>^<v<^'], 67, 38, 12, True], [[[0, 1, 2, 3, 4, 5, 6, 7, 8], '>^<'], 8, 4, 3, True], [[[0, 1, 2, 3, 4, 5, 6, 7, 8], '^^<'], 8, 4, 3, True], [[[0, 1, 2, 3, 4, 5, 6, 7, 8], '<^>v<^'], 24, 12, 6, True], [[[0, 1, 2, 3, 4, 5, 6, 7, 8], '^>v<^<'], 15, 8, 6, True], [[[0, 1, 2, 3, 4, 5, 6, 7, 8], '^>v>^<v<^'], 22, 12, 9, True], [[[0, 1, 2, 3, 4, 5, 6, 7, 8], '>v>^<<'], 14, 8, 6, True], [[[0, 1, 2, 3, 4, 5, 6, 7, 8], '<v<^^'], 11, 6, 5, True], [[[0, 1, 2, 3, 4, 5, 6, 7, 8], '>^<v<^'], 17, 9, 6, True], [[[0, 1, 2, 3, 4, 5, 6, 7, 8], '^<<v>v>^^<<'], 20, 12, 11, True], [[[0, 1, 2, 3, 4, 5, 6, 7, 8], '>>v<<^'], 12, 7, 6, True], [[[0, 1, 2, 3, 4, 5, 6, 7, 8], 'vv<<^^'], 10, 7, 6, True], [[[0, 1, 2, 3, 4, 5, 6, 7, 8], 'v>^<^'], 12, 7, 5, True], [[[0, 1, 2, 3, 4, 5, 6, 7, 8], '>>v<<^'], 12, 7, 6, True], [[[0, 1, 2, 3, 4, 5, 6, 7, 8], '^>v<^<'], 15, 8, 6, True], [[[0, 1, 2, 3, 4, 5, 6, 7, 8], '>>v<<^>^<'], 19, 10, 9, True], [[[0, 1, 2, 3, 4, 5, 6, 7, 8], 'v<^<^'], 11, 6, 5, True], [[[0, 1, 2, 3, 4, 5, 6, 7, 8], '>v>v<<^>^<'], 22, 12, 10, True], [[[0, 1, 2, 3, 4, 5, 6, 7, 8], '^^<v<^'], 12, 7, 6, True], [[[0, 1, 2, 3, 4, 5, 6, 7, 8], 'v<v>^^<'], 23, 13, 7, True], [[[0, 1, 2, 3, 4, 5, 6, 7, 8], '<<'], 4, 3, 2, True], [[[0, 1, 2, 3, 4, 5, 6, 7, 8], '>^>v<^^<'], 20, 11, 8, True], [[[0, 1, 2, 3, 4, 5, 6, 7, 8], 'vv>>^^<<'], 13, 9, 8, True], [[[0, 1, 2, 3, 4, 5, 6, 7, 8], '<<'], 4, 3, 2, True], [[[0, 1, 2, 3, 4, 5, 6, 7, 8], 'v>^<<^'], 17, 9, 6, True], [[[0, 1, 2, 3, 4, 5, 6, 7, 8], 'v<^<^>vv<^^'], 49, 27, 11, True], [[[0, 1, 2, 3, 4, 5, 6, 7, 8], '^<^'], 8, 4, 3, True], [[[0, 1, 2, 3, 4, 5, 6, 7, 8], '^<'], 6, 3, 2, True], [[[0, 1, 2, 3, 4, 5, 6, 7, 8], '<<^>v<^'], 26, 13, 7, True], [[[0, 1, 2, 3, 4, 5, 6, 7, 8], '^>vv<<^^'], 15, 9, 8, True], [[[0, 1, 2, 3, 4, 5, 6, 7, 8], '>>^^<<'], 10, 7, 6, True], [[[0, 1, 2, 3, 4, 5, 6, 7, 8], '^<'], 6, 3, 2, True], [[[0, 1, 2, 3, 4, 5, 6, 7, 8], '^>vv>^<<^'], 22, 12, 9, True], [[[0, 1, 2, 3, 4, 5, 6, 7, 8], '^<^'], 8, 4, 3, True], [[[0, 1, 2, 3, 4, 5, 6, 7, 8], 'v>>^^<<'], 12, 8, 7, True], [[[0, 1, 2, 3, 4, 5, 6, 7, 8], '<v>^<'], 11, 6, 5, True], [[[0, 1, 2, 3, 4, 5, 6, 7, 8], '^<^<'], 9, 5, 4, True], [[[0, 1, 2, 3, 4, 5, 6, 7, 8], 'v>^<<'], 12, 7, 5, True], [[[0, 1, 2, 3, 4, 5, 6, 7, 8], '^>vv<<^^'], 15, 9, 8, True], [[[0, 1, 2, 3, 4, 5, 6, 7, 8], '>^>^<v<^'], 20, 11, 8, True], [[[0, 1, 2, 3, 4, 5, 6, 7, 8], '^^<<v>>^<<'], 18, 11, 10, True], [[[0, 1, 2, 3, 4, 5, 6, 7, 8], '^>v<^^<'], 19, 10, 7, True], [[[0, 1, 2, 3, 4, 5, 6, 7, 8], '<v<^'], 9, 5, 4, True], [[[0, 1, 2, 3, 4, 5, 6, 7, 8], 'v<v<^^>v<^'], 22, 12, 10, True], [[[0, 1, 2, 3, 4, 5, 6, 7, 8], 'v<^>^<<'], 18, 11, 7, True], [[[0, 1, 2, 3, 4, 5, 6, 7, 8], '<^<^>v<^'], 27, 14, 8, True], [[[0, 1, 2, 3, 4, 5, 6, 7, 8], 'v<<^'], 9, 5, 4, True], [[[0, 1, 2, 3, 4, 5, 6, 7, 8], 'v<<^>>v<^<^'], 32, 17, 11, True], [[[0, 1, 2, 3, 4, 5, 6, 7, 8], '<v>^<'], 11, 6, 5, True], [[[0, 1, 2, 3, 4, 5, 6, 7, 8], 'v>^^<'], 11, 6, 5, True], [[[0, 1, 2, 3, 4, 5, 6, 7, 8], '<<^'], 8, 4, 3, True], [[[0, 1, 2, 3, 4, 5, 6, 7, 8], '^^<<v>^<'], 15, 9, 8, True], [[[0, 1, 2, 3, 4, 5, 6, 7, 8], '^>>^<<'], 12, 7, 6, True], [[[0, 1, 2, 3, 4, 5, 6, 7, 8], '<^>vv<<^^>v<^'], 59, 34, 13, True], [[[0, 1, 2, 3, 4, 5, 6, 7, 8], '>v<v<^^'], 14, 8, 7, True], [[[0, 1, 2, 3, 4, 5, 6, 7, 8], '<^<^'], 9, 5, 4, True], [[[0, 1, 2, 3, 4, 5, 6, 7, 8], '^^<'], 8, 4, 3, True], [[[0, 1, 2, 3, 4, 5, 6, 7, 8], ''], 0, 1, 0, True], [[[0, 1, 2, 3, 4, 5, 6, 7, 8], '^<'], 6, 3, 2, True], [[[0, 1, 2, 3, 4, 5, 6, 7, 8], 'v>v<^^'], 14, 8, 6, True], [[[0, 1, 2, 3, 4, 5, 6, 7, 8], '^>^<<'], 11, 6, 5, True], [[[0, 1, 2, 3, 4, 5, 6, 7, 8], '<^'], 6, 3, 2, True], [[[0, 1, 2, 3, 4, 5, 6, 7, 8], '<<^>v<^'], 26, 13, 7, True], [[[0, 1, 2, 3, 4, 5, 6, 7, 8], '<v>^>v<^<'], 23, 13, 9, True], [[[0, 1, 2, 3, 4, 5, 6, 7, 8], '>^^<'], 9, 5, 4, True], [[[0, 1, 2, 3, 4, 5, 6, 7, 8], '<v>^<<'], 13, 8, 6, True], [[[0, 1, 2, 3, 4, 5, 6, 7, 8], '<vv>>^^<<v>^<'], 38, 22, 13, True], [[[0, 1, 2, 3, 4, 5, 6, 7, 8], '<v>>^<<'], 14, 8, 7, True], [[[0, 1, 2, 3, 4, 5, 6, 7, 8], '<vv<^>>^<<'], 27, 16, 10, True], [[[0, 1, 2, 3, 4, 5, 6, 7, 8], ''], 0, 1, 0, True], [[[0, 1, 2, 3, 4, 5, 6, 7, 8], '<^<^'], 9, 5, 4, True], [[[0, 1, 2, 3, 4, 5, 6, 7, 8], '<<v>^>vv<^^<'], 38, 21, 12, True], [[[0, 1, 2, 3, 4, 5, 6, 7, 8], '^^<v>^<<'], 30, 17, 8, True], [[[0, 1, 2, 3, 4, 5, 6, 7, 8], '^<^'], 8, 4, 3, True], [[[0, 1, 2, 3, 4, 5, 6, 7, 8], 'vv>^^<'], 12, 7, 6, True], [[[0, 1, 2, 3, 4, 5, 6, 7, 8], '<v>^<<^'], 19, 10, 7, True], [[[0, 1, 2, 3, 4, 5, 6, 7, 8], '^>^<v<^'], 19, 10, 7, True], [[[0, 1, 2, 3, 4, 5, 6, 7, 8], '<^<'], 8, 4, 3, True], [[[0, 1, 2, 3, 4, 5, 6, 7, 8], '>>^<<'], 11, 6, 5, True], [[[0, 1, 2, 3, 4, 5, 6, 7, 8], '<<^^'], 7, 5, 4, True], [[[0, 1, 2, 3, 4, 5, 6, 7, 8], '^^<<vv>^^<'], 18, 11, 10, True], [[[0, 1, 2, 3, 4, 5, 6, 7, 8], '^>>v<<^'], 14, 8, 7, True], [[[0, 1, 2, 3, 4, 5, 6, 7, 8], '^<v>^<<'], 29, 16, 7, True], [[[0, 1, 2, 3, 4, 5, 6, 7, 8], '>>v<<^'], 12, 7, 6, True], [[[0, 1, 2, 3, 4, 5, 6, 7, 8], '<^>vv<^^'], 22, 12, 8, True], [[[0, 1, 2, 3, 4, 5, 6, 7, 8], '^^'], 4, 3, 2, True], [[[0, 1, 2, 3, 4, 5, 6, 7, 8], '^>vv<^^<'], 18, 10, 8, True], [[[0, 1, 2, 3, 4, 5, 6, 7, 8], '^<v>^^<v<^'], 23, 13, 10, True], [[[0, 1, 2, 3, 4, 5, 6, 7, 8], 'vv<^^'], 11, 6, 5, True], [[[0, 1, 2, 3, 4, 5, 6, 7, 8], 'v<<^^>vv>^^<<'], 82, 47, 13, True], [[[0, 1, 2, 3, 4, 5, 6, 7, 8], '^>v<v>^<^'], 23, 13, 9, True], [[[0, 1, 2, 3, 4, 5, 6, 7, 8], '<<^>v<^^'], 25, 15, 8, True], [[[0, 1, 2, 3, 4, 5, 6, 7, 8], 'v>^<^<'], 17, 9, 6, True], [[[0, 1, 2, 3, 4, 5, 6, 7, 8], '<^'], 6, 3, 2, True], [[[0, 1, 2, 3, 4, 5, 6, 7, 8], '^^'], 4, 3, 2, True], [[[0, 1, 2, 3, 4, 5, 6, 7, 8], '^<v<^'], 11, 6, 5, True], [[[0, 1, 2, 3, 4, 5, 6, 7, 8], 'v<<^^'], 9, 6, 5, True], [[[0, 1, 2, 3, 4, 5, 6, 7, 8], '<^>>v<^^<'], 22, 12, 9, True], [[[0, 1, 2, 3, 4, 5, 6, 7, 8], 'v>^<<'], 12, 7, 5, True], [[[0, 1, 2, 3, 4, 5, 6, 7, 8], '^<vv>^^<'], 17, 9, 8, True], [[[0, 1, 2, 3, 4, 5, 6, 7, 8], 'vv>>^<^<'], 15, 9, 8, True], [[[0, 1, 2, 3, 4, 5, 6, 7, 8], '^<^>v>^<<'], 30, 18, 9, True], [[[0, 1, 2, 3, 4, 5, 6, 7, 8], '<^<^'], 9, 5, 4, True], [[[0, 1, 2, 3, 4, 5, 6, 7, 8], '>^<^'], 9, 5, 4, True], [[[0, 1, 2, 3, 4, 5, 6, 7, 8], '>>v<^<v>^>^<<'], 41, 24, 13, True], [[[0, 1, 2, 3, 4, 5, 6, 7, 8], '>v<^'], 9, 5, 4, True], [[[0, 1, 2, 3, 4, 5, 6, 7, 8], '<v>^<<'], 13, 8, 6, True], [[[0, 1, 2, 3, 4, 5, 6, 7, 8], '<^^<'], 9, 5, 4, True], [[[0, 1, 2, 3, 4, 5, 6, 7, 8], '^^<<'], 7, 5, 4, True], [[[0, 1, 2, 3, 4, 5, 6, 7, 8], '<vv<^>>^<<'], 27, 16, 10, True], [[[0, 1, 2, 3, 4, 5, 6, 7, 8], 'v>^<'], 9, 5, 4, True], [[[0, 1, 2, 3, 4, 5, 6, 7, 8], '>v<^<^'], 17, 9, 6, True], [[[0, 1, 2, 3, 4, 5, 6, 7, 8], 'vv<<^^'], 10, 7, 6, True], [[[0, 1, 2, 3, 4, 5, 6, 7, 8], 'vv<^^<'], 12, 7, 6, True], [[[0, 1, 2, 3, 4, 5, 6, 7, 8], '<v>^<^'], 15, 8, 6, True], [[[0, 1, 2, 3, 4, 5, 6, 7, 8], '<^<'], 8, 4, 3, True], [[[0, 1, 2, 3, 4, 5, 6, 7, 8], '^<^>v<^'], 26, 13, 7, True], [[[0, 1, 2, 3, 4, 5, 6, 7, 8], '>^^<<v>^<'], 17, 10, 9, True], [[[0, 1, 2, 3, 4, 5, 6, 7, 8], '<<v>^<'], 12, 7, 6, True], [[[0, 1, 2, 3, 4, 5, 6, 7, 8], '<v>>^^<<'], 15, 9, 8, True], [[[0, 1, 2, 3, 4, 5, 6, 7, 8], '<v>v<^<^'], 20, 11, 8, True], [[[0, 1, 2, 3, 4, 5, 6, 7, 8], 'v>v<^<^'], 19, 10, 7, True], [[[0, 1, 2, 3, 4, 5, 6, 7, 8], '^<v<^'], 11, 6, 5, True], [[[0, 1, 2, 3, 4, 5, 6, 7, 8], '^^'], 4, 3, 2, True], [[[0, 1, 2, 3, 4, 5, 6, 7, 8], '<^>v<^'], 24, 12, 6, True], [[[0, 1, 2, 3, 4, 5, 6, 7, 8], '<v<^^'], 11, 6, 5, True], [[[0, 1, 2, 3, 4, 5, 6, 7, 8], '>^<^'], 9, 5, 4, True], [[[0, 1, 2, 3, 4, 5, 6, 7, 8], '>^<^<'], 11, 6, 5, True], [[[0, 1, 2, 3, 4, 5, 6, 7, 8], 'v>>^^<<'], 12, 8, 7, True], [[[0, 1, 2, 3, 4, 5, 6, 7, 8], '<vv>>^<<^'], 21, 12, 9, True], [[[0, 1, 2, 3, 4, 5, 6, 7, 8], 'v>>^^<<'], 12, 8, 7, True], [[[0, 1, 2, 3, 4, 5, 6, 7, 8], '>v<^'], 9, 5, 4, True], [[[0, 1, 2, 3, 4, 5, 6, 7, 8], '>^<^'], 9, 5, 4, True], [[[0, 1, 2, 3, 4, 5, 6, 7, 8], '<^'], 6, 3, 2, True], [[[0, 1, 2, 3, 4, 5, 6, 7, 8], '>^^<<'], 9, 6, 5, True], [[[0, 1, 2, 3, 4, 5, 6, 7, 8], '^'], 3, 2, 1, True], [[[0, 1, 2, 3, 4, 5, 6, 7, 8], '^^>>v<^<'], 20, 11, 8, True], [[[0, 1, 2, 3, 4, 5, 6, 7, 8], '<<'], 4, 3, 2, True], [[[0, 1, 2, 3, 4, 5, 6, 7, 8], '<^>v>^^<<'], 24, 15, 9, True], [[[0, 1, 2, 3, 4, 5, 6, 7, 8], '^<v>>^<^>v<v<^^'], 107, 64, 15, True], [[[0, 1, 2, 3, 4, 5, 6, 7, 8], '<v<^^>v<^'], 21, 11, 9, True], [[[0, 1, 2, 3, 4, 5, 6, 7, 8], '^<^'], 8, 4, 3, True], [[[0, 1, 2, 3, 4, 5, 6, 7, 8], '^<<v>^>v<<^'], 79, 44, 11, True], [[[0, 1, 2, 3, 4, 5, 6, 7, 8], '<v>^<<'], 13, 8, 6, True], [[[0, 1, 2, 3, 4, 5, 6, 7, 8], '<v>^<'], 11, 6, 5, True], [[[0, 1, 2, 3, 4, 5, 6, 7, 8], '<^>vv<<^>v<^^'], 49, 29, 13, True], [[[0, 1, 2, 3, 4, 5, 6, 7, 8], '>>^^<<'], 10, 7, 6, True], [[[0, 1, 2, 3, 4, 5, 6, 7, 8], '>^>v<<^'], 23, 13, 7, True], [[[0, 1, 2, 3, 4, 5, 6, 7, 8], '^<vv>^<^'], 24, 13, 8, True], [[[0, 1, 2, 3, 4, 5, 6, 7, 8], 'v>>^<<^'], 15, 9, 7, True], [[[0, 1, 2, 3, 4, 5, 6, 7, 8], '<<^^'], 7, 5, 4, True], [[[0, 1, 2, 3, 4, 5, 6, 7, 8], '<<^^'], 7, 5, 4, True], [[[0, 1, 2, 3, 4, 5, 6, 7, 8], '>vv<^^<'], 15, 9, 7, True], [[[0, 1, 2, 3, 4, 5, 6, 7, 8], '<<^^'], 7, 5, 4, True], [[[0, 1, 2, 3, 4, 5, 6, 7, 8], '<v>v<<^^'], 15, 9, 8, True], [[[0, 1, 2, 3, 4, 5, 6, 7, 8], '>vv>^^<<'], 17, 10, 8, True], [[[0, 1, 2, 3, 4, 5, 6, 7, 8], '>^^<'], 9, 5, 4, True], [[[0, 1, 2, 3, 4, 5, 6, 7, 8], '<^>v<^'], 24, 12, 6, True], [[[0, 1, 2, 3, 4, 5, 6, 7, 8], '<'], 3, 2, 1, True], [[[0, 1, 2, 3, 4, 5, 6, 7, 8], '^>vv<^^'], 14, 8, 7, True], [[[0, 1, 2, 3, 4, 5, 6, 7, 8], '>v<<v>>^<^<'], 23, 13, 11, True], [[[0, 1, 2, 3, 4, 5, 6, 7, 8], 'v<<^^'], 9, 6, 5, True], [[[0, 1, 2, 3, 4, 5, 6, 7, 8], '<<'], 4, 3, 2, True], [[[0, 1, 2, 3, 4, 5, 6, 7, 8], '<<'], 4, 3, 2, True], [[[0, 1, 2, 3, 4, 5, 6, 7, 8], '>>vv<<^>v>^<^<'], 79, 45, 14, True], [[[0, 1, 2, 3, 4, 5, 6, 7, 8], '>>v<^<'], 14, 8, 6, True], [[[0, 1, 2, 3, 4, 5, 6, 7, 8], '^'], 3, 2, 1, True], [[[0, 1, 2, 3, 4, 5, 6, 7, 8], '^<'], 6, 3, 2, True], [[[0, 1, 2, 3, 4, 5, 6, 7, 8], '^<^'], 8, 4, 3, True], [[[0, 1, 2, 3, 4, 5, 6, 7, 8], 'v<^<vv>^<^'], 29, 17, 10, True], [[[0, 1, 2, 3, 4, 5, 6, 7, 8], '^>>v<^^<'], 20, 11, 8, True], [[[0, 1, 2, 3, 4, 5, 6, 7, 8], '^>v<v>^>^<<'], 44, 25, 11, True], [[[0, 1, 2, 3, 4, 5, 6, 7, 8], 'v<^>v>v<^>^<<'], 81, 47, 13, True], [[[0, 1, 2, 3, 4, 5, 6, 7, 8], '>^<vv>^<^<'], 34, 19, 10, True], [[[0, 1, 2, 3, 4, 5, 6, 7, 8], '>^<'], 8, 4, 3, True], [[[0, 1, 2, 3, 4, 5, 6, 7, 8], 'v<^'], 8, 4, 3, True], [[[0, 1, 2, 3, 4, 5, 6, 7, 8], '^>>v<v>^^<<'], 66, 39, 11, True], [[[0, 1, 2, 3, 4, 5, 6, 7, 8], 'v<^<'], 9, 5, 4, True], [[[0, 1, 2, 3, 4, 5, 6, 7, 8], '^>>v<^<'], 18, 10, 7, True], [[[0, 1, 2, 3, 4, 5, 6, 7, 8], '<<'], 4, 3, 2, True], [[[0, 1, 2, 3, 4, 5, 6, 7, 8], '>>^^<<'], 10, 7, 6, True], [[[0, 1, 2, 3, 4, 5, 6, 7, 8], '<^<vv>>^<^<'], 31, 18, 11, True], [[[0, 1, 2, 3, 4, 5, 6, 7, 8], '>^<'], 8, 4, 3, True], [[[0, 1, 2, 3, 4, 5, 6, 7, 8], '<^>vv>^^<<'], 41, 24, 10, True], [[[0, 1, 2, 3, 4, 5, 6, 7, 8], '<<v>^<^'], 17, 9, 7, True], [[[0, 1, 2, 3, 4, 5, 6, 7, 8], 'v<<v>^<^'], 18, 10, 8, True], [[[0, 1, 2, 3, 4, 5, 6, 7, 8], '^^<<'], 7, 5, 4, True], [[[0, 1, 2, 3, 4, 5, 6, 7, 8], 'v>>^<v<^'], 24, 13, 8, True], [[[0, 1, 2, 3, 4, 5, 6, 7, 8], '^^>vv<^^'], 15, 9, 8, True], [[[0, 1, 2, 3, 4, 5, 6, 7, 8], '>>^<<v>^<'], 21, 12, 9, True], [[[0, 1, 2, 3, 4, 5, 6, 7, 8], '<v<v>^<^'], 18, 10, 8, True], [[[0, 1, 2, 3, 4, 5, 6, 7, 8], '>^>vv<<^^'], 18, 11, 9, True], [[[0, 1, 2, 3, 4, 5, 6, 7, 8], '^>^<'], 9, 5, 4, True], [[[0, 1, 2, 3, 4, 5, 6, 7, 8], 'vv>^^<'], 12, 7, 6, True], [[[0, 1, 2, 3, 4, 5, 6, 7, 8], '>v<^'], 9, 5, 4, True], [[[0, 1, 2, 3, 4, 5, 6, 7, 8], '>vv<^^'], 12, 7, 6, True], [[[0, 1, 2, 3, 4, 5, 6, 7, 8], '<<^'], 8, 4, 3, True], [[[0, 1, 2, 3, 4, 5, 6, 7, 8], ''], 0, 1, 0, True], [[[0, 1, 2, 3, 4, 5, 6, 7, 8], '^<v<^'], 11, 6, 5, True], [[[0, 1, 2, 3, 4, 5, 6, 7, 8], '<^<^'], 9, 5, 4, True], [[[0, 1, 2, 3, 4, 5, 6, 7, 8], '^'], 3, 2, 1, True], [[[0, 1, 2, 3, 4, 5, 6, 7, 8], '>^>vv<^>^<v<^'], 74, 43, 13, True], [[[0, 1, 2, 3, 4, 5, 6, 7, 8], '<^>v<^<^'], 33, 18, 8, True], [[[0, 1, 2, 3, 4, 5, 6, 7, 8], '^>v<<^'], 17, 9, 6, True], [[[0, 1, 2, 3, 4, 5, 6, 7, 8], '<^>v<^'], 24, 12, 6, True], [[[0, 1, 2, 3, 4, 5, 6, 7, 8], '>vv<^<^'], 14, 8, 7, True], [[[0, 1, 2, 3, 4, 5, 6, 7, 8], '^<v<v>>^<^<'], 31, 18, 11, True], [[[0, 1, 2, 3, 4, 5, 6, 7, 8], 'v>^>v<^<^'], 23, 13, 9, True], [[[0, 1, 2, 3, 4, 5, 6, 7, 8], '<^>^<'], 11, 6, 5, True], [[[0, 1, 2, 3, 4, 5, 6, 7, 8], '>>v<<^^'], 15, 9, 7, True], [[[0, 1, 2, 3, 4, 5, 6, 7, 8], '<^<^'], 9, 5, 4, True], [[[0, 1, 2, 3, 4, 5, 6, 7, 8], '<<^'], 8, 4, 3, True], [[[0, 1, 2, 3, 4, 5, 6, 7, 8], '^>^<'], 9, 5, 4, True], [[[0, 1, 2, 3, 4, 5, 6, 7, 8], '^^<'], 8, 4, 3, True], [[[0, 1, 2, 3, 4, 5, 6, 7, 8], '>^^<<'], 9, 6, 5, True], [[[0, 1, 2, 3, 4, 5, 6, 7, 8], '<^>v>^^<v<^'], 39, 21, 11, True], [[[0, 1, 2, 3, 4, 5, 6, 7, 8], '<v<v>^^<'], 25, 14, 8, True], [[[0, 1, 2, 3, 4, 5, 6, 7, 8], '^^>v<^'], 12, 7, 6, True], [[[0, 1, 2, 3, 4, 5, 6, 7, 8], '>^<<v>^<^'], 21, 12, 9, True], [[[0, 1, 2, 3, 4, 5, 6, 7, 8], '<<v>^<^'], 17, 9, 7, True], [[[0, 1, 2, 3, 4, 5, 6, 7, 8], 'v<v<^^'], 12, 7, 6, True], [[[0, 1, 2, 3, 4, 5, 6, 7, 8], '^<^>>v<^<'], 26, 15, 9, True], [[[0, 1, 2, 3, 4, 5, 6, 7, 8], '>vv<^<^'], 14, 8, 7, True], [[[0, 1, 2, 3, 4, 5, 6, 7, 8], '>^<^>v<^'], 27, 14, 8, True], [[[0, 1, 2, 3, 4, 5, 6, 7, 8], 'v<v>^<<^'], 20, 11, 8, True], [[[0, 1, 2, 3, 4, 5, 6, 7, 8], 'v<^<^'], 11, 6, 5, True], [[[0, 1, 2, 3, 4, 5, 6, 7, 8], '<v>^^<'], 17, 9, 6, True], [[[0, 1, 2, 3, 4, 5, 6, 7, 8], '<vv>^<^'], 18, 10, 7, True], [[[0, 1, 2, 3, 4, 5, 6, 7, 8], '<^>v<^'], 24, 12, 6, True], [[[0, 1, 2, 3, 4, 5, 6, 7, 8], '<<v>>^<<'], 15, 9, 8, True], [[[0, 1, 2, 3, 4, 5, 6, 7, 8], '^^<'], 8, 4, 3, True], [[[0, 1, 2, 3, 4, 5, 6, 7, 8], '>^<v>^^<<'], 36, 21, 9, True], [[[0, 1, 2, 3, 4, 5, 6, 7, 8], '>>^^<<v>^<'], 18, 11, 10, True], [[[0, 1, 2, 3, 4, 5, 6, 7, 8], '^<'], 6, 3, 2, True], [[[0, 1, 2, 3, 4, 5, 6, 7, 8], 'v<v>^<<^'], 20, 11, 8, True], [[[0, 1, 2, 3, 4, 5, 6, 7, 8], 'v>>^<<'], 12, 7, 6, True], [[[0, 1, 2, 3, 4, 5, 6, 7, 8], '>^>v<^<vv>^<^'], 76, 43, 13, True], [[[0, 1, 2, 3, 4, 5, 6, 7, 8], 'v<<^^>v<^'], 17, 10, 9, True], [[[0, 1, 2, 3, 4, 5, 6, 7, 8], '<v<^>>vv<^^<'], 59, 35, 12, True], [[[0, 1, 2, 3, 4, 5, 6, 7, 8], 'v>v<^^>vv<^<^'], 45, 25, 13, True], [[[0, 1, 2, 3, 4, 5, 6, 7, 8], '^>^<'], 9, 5, 4, True], [[[0, 1, 2, 3, 4, 5, 6, 7, 8], '<^<'], 8, 4, 3, True], [[[0, 1, 2, 3, 4, 5, 6, 7, 8], '<v<^'], 9, 5, 4, True], [[[0, 1, 2, 3, 4, 5, 6, 7, 8], '^>vv<<^^'], 15, 9, 8, True], [[[0, 1, 2, 3, 4, 5, 6, 7, 8], '^>>^<<'], 12, 7, 6, True], [[[0, 1, 2, 3, 4, 5, 6, 7, 8], '^<v>^<<'], 29, 16, 7, True], [[[0, 1, 2, 3, 4, 5, 6, 7, 8], '<'], 3, 2, 1, True], [[[0, 1, 2, 3, 4, 5, 6, 7, 8], '<<'], 4, 3, 2, True], [[[0, 1, 2, 3, 4, 5, 6, 7, 8], '^>vv<<^^'], 15, 9, 8, True], [[[0, 1, 2, 3, 4, 5, 6, 7, 8], '<^'], 6, 3, 2, True], [[[0, 1, 2, 3, 4, 5, 6, 7, 8], '^^<<'], 7, 5, 4, True], [[[0, 1, 2, 3, 4, 5, 6, 7, 8], '>^^<'], 9, 5, 4, True], [[[0, 1, 2, 3, 4, 5, 6, 7, 8], '^^<<v>^<'], 15, 9, 8, True], [[[0, 1, 2, 3, 4, 5, 6, 7, 8], '<^<vv>>^^<v<^'], 41, 26, 13, True], [[[0, 1, 2, 3, 4, 5, 6, 7, 8], '<vv>^^<<'], 16, 10, 8, True], [[[0, 1, 2, 3, 4, 5, 6, 7, 8], '<^<^'], 9, 5, 4, True], [[[0, 1, 2, 3, 4, 5, 6, 7, 8], '^>v<^'], 11, 6, 5, True], [[[0, 1, 2, 3, 4, 5, 6, 7, 8], '^>v<^^<'], 19, 10, 7, True], [[[0, 1, 2, 3, 4, 5, 6, 7, 8], '<<'], 4, 3, 2, True], [[[0, 1, 2, 3, 4, 5, 6, 7, 8], '>^<^<'], 11, 6, 5, True], [[[0, 1, 2, 3, 4, 5, 6, 7, 8], '<^^'], 6, 4, 3, True], [[[0, 1, 2, 3, 4, 5, 6, 7, 8], '<<^'], 8, 4, 3, True], [[[0, 1, 2, 3, 4, 5, 6, 7, 8], '>v<^<'], 12, 7, 5, True], [[[0, 1, 2, 3, 4, 5, 6, 7, 8], '>v>^<^<'], 19, 10, 7, True], [[[0, 1, 2, 3, 4, 5, 6, 7, 8], '^<<v>v<^>^<'], 25, 14, 11, True], [[[0, 1, 2, 3, 4, 5, 6, 7, 8], '^^'], 4, 3, 2, True], [[[0, 1, 2, 3, 4, 5, 6, 7, 8], 'v<^^<vv>^^<'], 22, 12, 11, True], [[[0, 1, 2, 3, 4, 5, 6, 7, 8], '^<v>v<^>^<'], 39, 21, 10, True], [[[0, 1, 2, 3, 4, 5, 6, 7, 8], '>^<v<^'], 17, 9, 6, True], [[[0, 1, 2, 3, 4, 5, 6, 7, 8], '<v>^>v<<^^'], 53, 32, 10, True], [[[0, 1, 2, 3, 4, 5, 6, 7, 8], '^<vv>^^<'], 17, 9, 8, True], [[[0, 1, 2, 3, 4, 5, 6, 7, 8], '^>^<v>v<<^^'], 33, 20, 11, True], [[[0, 1, 2, 3, 4, 5, 6, 7, 8], '^>>v<v<^^'], 17, 10, 9, True], [[[0, 1, 2, 3, 4, 5, 6, 7, 8], '^>v<^^<'], 19, 10, 7, True], [[[0, 1, 2, 3, 4, 5, 6, 7, 8], '>v>^<<'], 14, 8, 6, True], [[[0, 1, 2, 3, 4, 5, 6, 7, 8], '<'], 3, 2, 1, True], [[[0, 1, 2, 3, 4, 5, 6, 7, 8], '^<vv<^>>^<<'], 68, 38, 11, True], [[[0, 1, 2, 3, 4, 5, 6, 7, 8], '^^<'], 8, 4, 3, True], [[[0, 1, 2, 3, 4, 5, 6, 7, 8], '<^'], 6, 3, 2, True], [[[0, 1, 2, 3, 4, 5, 6, 7, 8], '<<v>>^^<<'], 21, 13, 9, True], [[[0, 1, 2, 3, 4, 5, 6, 7, 8], '>^<<^>vv<^^'], 28, 16, 11, True], [[[0, 1, 2, 3, 4, 5, 6, 7, 8], 'vv>^<^'], 14, 8, 6, True], [[[0, 1, 2, 3, 4, 5, 6, 7, 8], '<^^>v<<^'], 20, 11, 8, True], [[[0, 1, 2, 3, 4, 5, 6, 7, 8], 'v<^'], 8, 4, 3, True], [[[0, 1, 2, 3, 4, 5, 6, 7, 8], '^>^<'], 9, 5, 4, True], [[[0, 1, 2, 3, 4, 5, 6, 7, 8], '<^<^'], 9, 5, 4, True], [[[0, 1, 2, 3, 4, 5, 6, 7, 8], 'v<v>^^<v<^'], 29, 16, 10, True], [[[0, 1, 2, 3, 4, 5, 6, 7, 8], ''], 0, 1, 0, True], [[[0, 1, 2, 3, 4, 5, 6, 7, 8], 'v<v>^<^<'], 20, 11, 8, True], [[[0, 1, 2, 3, 4, 5, 6, 7, 8], 'v>^>v<^<'], 18, 10, 8, True], [[[0, 1, 2, 3, 4, 5, 6, 7, 8], '<^>^<v<^'], 20, 11, 8, True], [[[0, 1, 2, 3, 4, 5, 6, 7, 8], '<^'], 6, 3, 2, True], [[[0, 1, 2, 3, 4, 5, 6, 7, 8], '<v>^<<'], 13, 8, 6, True], [[[0, 1, 2, 3, 4, 5, 6, 7, 8], 'vv<<^^'], 10, 7, 6, True], [[[0, 1, 2, 3, 4, 5, 6, 7, 8], '<^^>v<^<'], 18, 10, 8, True], [[[0, 1, 2, 3, 4, 5, 6, 7, 8], '^^<'], 8, 4, 3, True], [[[0, 1, 2, 3, 4, 5, 6, 7, 8], '^<^<'], 9, 5, 4, True], [[[0, 1, 2, 3, 4, 5, 6, 7, 8], '^<<^'], 9, 5, 4, True], [[[0, 1, 2, 3, 4, 5, 6, 7, 8], '<'], 3, 2, 1, True], [[[0, 1, 2, 3, 4, 5, 6, 7, 8], 'vv<^^'], 11, 6, 5, True], [[[0, 1, 2, 3, 4, 5, 6, 7, 8], '<v<^'], 9, 5, 4, True], [[[0, 1, 2, 3, 4, 5, 6, 7, 8], '^>vv<<^^>v>^<<'], 62, 36, 14, True], [[[0, 1, 2, 3, 4, 5, 6, 7, 8], '^<v>v<<^^'], 24, 15, 9, True], [[[0, 1, 2, 3, 4, 5, 6, 7, 8], '^<'], 6, 3, 2, True], [[[0, 1, 2, 3, 4, 5, 6, 7, 8], '<^^'], 6, 4, 3, True], [[[0, 1, 2, 3, 4, 5, 6, 7, 8], '^^>vv>^^<<'], 32, 19, 10, True], [[[0, 1, 2, 3, 4, 5, 6, 7, 8], ''], 0, 1, 0, True], [[[0, 1, 2, 3, 4, 5, 6, 7, 8], '<^<'], 8, 4, 3, True], [[[0, 1, 2, 3, 4, 5, 6, 7, 8], '^'], 3, 2, 1, True], [[[0, 1, 2, 3, 4, 5, 6, 7, 8], '<^<'], 8, 4, 3, True], [[[0, 1, 2, 3, 4, 5, 6, 7, 8], '>v>v<<^>^<'], 22, 12, 10, True], [[[0, 1, 2, 3, 4, 5, 6, 7, 8], '^>v<^<^'], 19, 10, 7, True], [[[0, 1, 2, 3, 4, 5, 6, 7, 8], '^>^<'], 9, 5, 4, True], [[[0, 1, 2, 3, 4, 5, 6, 7, 8], '>>^<<v>>^<<'], 24, 14, 11, True], [[[0, 1, 2, 3, 4, 5, 6, 7, 8], '<^>v<^'], 24, 12, 6, True], [[[0, 1, 2, 3, 4, 5, 6, 7, 8], '<<vv>^<^'], 20, 11, 8, True], [[[0, 1, 2, 3, 4, 5, 6, 7, 8], '>^<'], 8, 4, 3, True], [[[0, 1, 2, 3, 4, 5, 6, 7, 8], '<<^>>v<<^'], 19, 10, 9, True], [[[0, 1, 2, 3, 4, 5, 6, 7, 8], 'v<v<^^'], 12, 7, 6, True], [[[0, 1, 2, 3, 4, 5, 6, 7, 8], '<<^^'], 7, 5, 4, True], [[[0, 1, 2, 3, 4, 5, 6, 7, 8], '<'], 3, 2, 1, True], [[[0, 1, 2, 3, 4, 5, 6, 7, 8], 'v>^<vv<^^'], 25, 14, 9, True], [[[0, 1, 2, 3, 4, 5, 6, 7, 8], '<'], 3, 2, 1, True], [[[0, 1, 2, 3, 4, 5, 6, 7, 8], '>>^<^<'], 12, 7, 6, True], [[[0, 1, 2, 3, 4, 5, 6, 7, 8], 'v>^^<<'], 12, 7, 6, True], [[[0, 1, 2, 3, 4, 5, 6, 7, 8], 'v>^<'], 9, 5, 4, True], [[[0, 1, 2, 3, 4, 5, 6, 7, 8], '^<v<^'], 11, 6, 5, True], [[[0, 1, 2, 3, 4, 5, 6, 7, 8], '^^'], 4, 3, 2, True], [[[0, 1, 2, 3, 4, 5, 6, 7, 8], '^<'], 6, 3, 2, True], [[[0, 1, 2, 3, 4, 5, 6, 7, 8], '<v>^<'], 11, 6, 5, True], [[[0, 1, 2, 3, 4, 5, 6, 7, 8], '<<'], 4, 3, 2, True], [[[0, 1, 2, 3, 4, 5, 6, 7, 8], '<^^<'], 9, 5, 4, True], [[[0, 1, 2, 3, 4, 5, 6, 7, 8], 'vv>>^^<<'], 13, 9, 8, True], [[[0, 1, 2, 3, 4, 5, 6, 7, 8], '^<v<^^'], 12, 7, 6, True], [[[0, 1, 2, 3, 4, 5, 6, 7, 8], 'v>^<v<^^'], 21, 12, 8, True], [[[0, 1, 2, 3, 4, 5, 6, 7, 8], '<v<^^'], 11, 6, 5, True], [[[0, 1, 2, 3, 4, 5, 6, 7, 8], '>v<^'], 9, 5, 4, True], [[[0, 1, 2, 3, 4, 5, 6, 7, 8], 'v<^>^<v<^'], 25, 14, 9, True], [[[0, 1, 2, 3, 4, 5, 6, 7, 8], 'v>v<^^'], 14, 8, 6, True], [[[0, 1, 2, 3, 4, 5, 6, 7, 8], '>vv<^>^<v<^'], 43, 24, 11, True], [[[0, 1, 2, 3, 4, 5, 6, 7, 8], 'v<v>>^<^<'], 28, 16, 9, True], [[[0, 1, 2, 3, 4, 5, 6, 7, 8], '>^<<'], 9, 5, 4, True], [[[0, 1, 2, 3, 4, 5, 6, 7, 8], '^^<<v>v<^^'], 33, 19, 10, True], [[[0, 1, 2, 3, 4, 5, 6, 7, 8], '<^^<'], 9, 5, 4, True], [[[0, 1, 2, 3, 4, 5, 6, 7, 8], 'v>^<<'], 12, 7, 5, True], [[[0, 1, 2, 3, 4, 5, 6, 7, 8], 'vv>^>^<<'], 15, 9, 8, True], [[[0, 1, 2, 3, 4, 5, 6, 7, 8], 'v>^<'], 9, 5, 4, True], [[[0, 1, 2, 3, 4, 5, 6, 7, 8], '^<<^>v<^'], 27, 14, 8, True], [[[0, 1, 2, 3, 4, 5, 6, 7, 8], '^'], 3, 2, 1, True], [[[0, 1, 2, 3, 4, 5, 6, 7, 8], '<^>^<<'], 12, 7, 6, True], [[[0, 1, 2, 3, 4, 5, 6, 7, 8], 'v<<^^'], 9, 6, 5, True], [[[0, 1, 2, 3, 4, 5, 6, 7, 8], 'v>^^<v<^'], 17, 9, 8, True], [[[0, 1, 2, 3, 4, 5, 6, 7, 8], '^^'], 4, 3, 2, True], [[[0, 1, 2, 3, 4, 5, 6, 7, 8], '>^<^'], 9, 5, 4, True], [[[0, 1, 2, 3, 4, 5, 6, 7, 8], '>v<^'], 9, 5, 4, True], [[[0, 1, 2, 3, 4, 5, 6, 7, 8], '>^<'], 8, 4, 3, True], [[[0, 1, 2, 3, 4, 5, 6, 7, 8], '^<vv>^<<^'], 22, 12, 9, True], [[[0, 1, 2, 3, 4, 5, 6, 7, 8], 'vv>^<^'], 14, 8, 6, True], [[[0, 1, 2, 3, 4, 5, 6, 7, 8], '<<'], 4, 3, 2, True], [[[0, 1, 2, 3, 4, 5, 6, 7, 8], '^<^'], 8, 4, 3, True], [[[0, 1, 2, 3, 4, 5, 6, 7, 8], 'vv<<^>^<'], 15, 9, 8, True], [[[0, 1, 2, 3, 4, 5, 6, 7, 8], '^'], 3, 2, 1, True], [[[0, 1, 2, 3, 4, 5, 6, 7, 8], 'v<<^^'], 9, 6, 5, True], [[[0, 1, 2, 3, 4, 5, 6, 7, 8], 'v<<^>v<^'], 27, 14, 8, True], [[[0, 1, 2, 3, 4, 5, 6, 7, 8], '>^^<'], 9, 5, 4, True], [[[0, 1, 2, 3, 4, 5, 6, 7, 8], '<<^>>v<<^^'], 19, 12, 10, True], [[[0, 1, 2, 3, 4, 5, 6, 7, 8], '<v>^<<'], 13, 8, 6, True], [[[0, 1, 2, 3, 4, 5, 6, 7, 8], '<<^'], 8, 4, 3, True], [[[0, 1, 2, 3, 4, 5, 6, 7, 8], '^>>v<<^'], 14, 8, 7, True], [[[0, 1, 2, 3, 4, 5, 6, 7, 8], '<<'], 4, 3, 2, True], [[[0, 1, 2, 3, 4, 5, 6, 7, 8], '<^>v<v<^^'], 25, 14, 9, True], [[[0, 1, 2, 3, 4, 5, 6, 7, 8], '^>^<v>>^<<'], 37, 21, 10, True], [[[0, 1, 2, 3, 4, 5, 6, 7, 8], '>vv<^<^'], 14, 8, 7, True], [[[0, 1, 2, 3, 4, 5, 6, 7, 8], '^^<<'], 7, 5, 4, True], [[[0, 1, 2, 3, 4, 5, 6, 7, 8], '<<'], 4, 3, 2, True], [[[0, 1, 2, 3, 4, 5, 6, 7, 8], '<'], 3, 2, 1, True], [[[0, 1, 2, 3, 4, 5, 6, 7, 8], 'v<<^>v<^'], 27, 14, 8, True], [[[0, 1, 2, 3, 4, 5, 6, 7, 8], '>v<^<'], 12, 7, 5, True], [[[0, 1, 2, 3, 4, 5, 6, 7, 8], '^^>v<^'], 12, 7, 6, True], [[[0, 1, 2, 3, 4, 5, 6, 7, 8], '<^<'], 8, 4, 3, True], [[[0, 1, 2, 3, 4, 5, 6, 7, 8], 'v<<^^'], 9, 6, 5, True], [[[0, 1, 2, 3, 4, 5, 6, 7, 8], '<<vv>^^<'], 15, 9, 8, True], [[[0, 1, 2, 3, 4, 5, 6, 7, 8], '>v<v<^^'], 14, 8, 7, True], [[[0, 1, 2, 3, 4, 5, 6, 7, 8], '>^>v<^^<'], 20, 11, 8, True], [[[0, 1, 2, 3, 4, 5, 6, 7, 8], 'v>v<^^<'], 20, 11, 7, True], [[[0, 1, 2, 3, 4, 5, 6, 7, 8], 'v>^^<'], 11, 6, 5, True], [[[0, 1, 2, 3, 4, 5, 6, 7, 8], '^<^'], 8, 4, 3, True], [[[0, 1, 2, 3, 4, 5, 6, 7, 8], '^'], 3, 2, 1, True], [[[0, 1, 2, 3, 4, 5, 6, 7, 8], ''], 0, 1, 0, True], [[[0, 1, 2, 3, 4, 5, 6, 7, 8], '<'], 3, 2, 1, True], [[[0, 1, 2, 3, 4, 5, 6, 7, 8], 'v>>^^<<'], 12, 8, 7, True], [[[0, 1, 2, 3, 4, 5, 6, 7, 8], '>^<v<^'], 17, 9, 6, True], [[[0, 1, 2, 3, 4, 5, 6, 7, 8], ''], 0, 1, 0, True], [[[0, 1, 2, 3, 4, 5, 6, 7, 8], 'v<^'], 8, 4, 3, True], [[[0, 1, 2, 3, 4, 5, 6, 7, 8], '<^>^<'], 11, 6, 5, True], [[[0, 1, 2, 3, 4, 5, 6, 7, 8], '>^>v<<^'], 23, 13, 7, True], [[[0, 1, 2, 3, 4, 5, 6, 7, 8], '<^<'], 8, 4, 3, True], [[[0, 1, 2, 3, 4, 5, 6, 7, 8], 'v<^<^>v<^'], 29, 15, 9, True], [[[0, 1, 2, 3, 4, 5, 6, 7, 8], '^^<vv>^^<<'], 19, 12, 10, True], [[[0, 1, 2, 3, 4, 5, 6, 7, 8], 'v<^>^<'], 17, 9, 6, True], [[[0, 1, 2, 3, 4, 5, 6, 7, 8], '<'], 3, 2, 1, True], [[[0, 1, 2, 3, 4, 5, 6, 7, 8], ''], 0, 1, 0, True], [[[0, 1, 2, 3, 4, 5, 6, 7, 8], '>^<<'], 9, 5, 4, True], [[[0, 1, 2, 3, 4, 5, 6, 7, 8], '<v<v>^>v<^>^<<'], 50, 29, 14, True], [[[0, 1, 2, 3, 4, 5, 6, 7, 8], '>^^<'], 9, 5, 4, True], [[[0, 1, 2, 3, 4, 5, 6, 7, 8], '<^>vv<^^'], 22, 12, 8, True], [[[0, 1, 2, 3, 4, 5, 6, 7, 8], '^<'], 6, 3, 2, True], [[[0, 1, 2, 3, 4, 5, 6, 7, 8], '^>v<^^<'], 19, 10, 7, True], [[[0, 1, 2, 3, 4, 5, 6, 7, 8], '>vv<<^^'], 12, 8, 7, True], [[[0, 1, 2, 3, 4, 5, 6, 7, 8], '<<'], 4, 3, 2, True], [[[0, 1, 2, 3, 4, 5, 6, 7, 8], '^>v<^'], 11, 6, 5, True], [[[0, 1, 2, 3, 4, 5, 6, 7, 8], '<<v>^<'], 12, 7, 6, True], [[[0, 1, 2, 3, 4, 5, 6, 7, 8], '<v>v<<^^'], 15, 9, 8, True], [[[0, 1, 2, 3, 4, 5, 6, 7, 8], '<^<'], 8, 4, 3, True], [[[0, 1, 2, 3, 4, 5, 6, 7, 8], '^<v<^^>v<^'], 22, 12, 10, True], [[[0, 1, 2, 3, 4, 5, 6, 7, 8], '^>v<^^<'], 19, 10, 7, True], [[[0, 1, 2, 3, 4, 5, 6, 7, 8], '>v<<^^'], 12, 7, 6, True], [[[0, 1, 2, 3, 4, 5, 6, 7, 8], '<'], 3, 2, 1, True], [[[0, 1, 2, 3, 4, 5, 6, 7, 8], '<v>^<'], 11, 6, 5, True], [[[0, 1, 2, 3, 4, 5, 6, 7, 8], 'v<<^'], 9, 5, 4, True], [[[0, 1, 2, 3, 4, 5, 6, 7, 8], '^>>v<<^^'], 16, 10, 8, True], [[[0, 1, 2, 3, 4, 5, 6, 7, 8], '>>^^<<'], 10, 7, 6, True], [[[0, 1, 2, 3, 4, 5, 6, 7, 8], '>>v<v>^^<<'], 50, 29, 10, True], [[[0, 1, 2, 3, 4, 5, 6, 7, 8], 'vv>^^<v<^'], 19, 10, 9, True], [[[0, 1, 2, 3, 4, 5, 6, 7, 8], '>^<v<^'], 17, 9, 6, True], [[[0, 1, 2, 3, 4, 5, 6, 7, 8], '^<'], 6, 3, 2, True], [[[0, 1, 2, 3, 4, 5, 6, 7, 8], '<^'], 6, 3, 2, True], [[[0, 1, 2, 3, 4, 5, 6, 7, 8], 'vv<<^>^<'], 15, 9, 8, True], [[[0, 1, 2, 3, 4, 5, 6, 7, 8], '<^<^>>v<<^'], 20, 11, 10, True], [[[0, 1, 2, 3, 4, 5, 6, 7, 8], '>^<v<^^'], 18, 11, 7, True], [[[0, 1, 2, 3, 4, 5, 6, 7, 8], '<^<^>v<^'], 27, 14, 8, True], [[[0, 1, 2, 3, 4, 5, 6, 7, 8], 'v<<^>vv>^<<^'], 53, 28, 12, True], [[[0, 1, 2, 3, 4, 5, 6, 7, 8], '<<^>>^<<'], 15, 9, 8, True], [[[0, 1, 2, 3, 4, 5, 6, 7, 8], 'vv>^^<<'], 15, 9, 7, True], [[[0, 1, 2, 3, 4, 5, 6, 7, 8], 'v<<^^'], 9, 6, 5, True], [[[0, 1, 2, 3, 4, 5, 6, 7, 8], 'vv<<^^'], 10, 7, 6, True], [[[0, 1, 2, 3, 4, 5, 6, 7, 8], ''], 0, 1, 0, True], [[[0, 1, 2, 3, 4, 5, 6, 7, 8], '<<^>>v<^<'], 26, 15, 9, True], [[[0, 1, 2, 3, 4, 5, 6, 7, 8], '^>>^<<'], 12, 7, 6, True], [[[0, 1, 2, 3, 4, 5, 6, 7, 8], '<^<^'], 9, 5, 4, True], [[[0, 1, 2, 3, 4, 5, 6, 7, 8], 'v<^'], 8, 4, 3, True], [[[0, 1, 2, 3, 4, 5, 6, 7, 8], '>>v<^^<'], 19, 10, 7, True], [[[0, 1, 2, 3, 4, 5, 6, 7, 8], '>>v<<^'], 12, 7, 6, True], [[[0, 1, 2, 3, 4, 5, 6, 7, 8], '<v<^'], 9, 5, 4, True], [[[0, 1, 2, 3, 4, 5, 6, 7, 8], '<<^^'], 7, 5, 4, True], [[[0, 1, 2, 3, 4, 5, 6, 7, 8], '<'], 3, 2, 1, True], [[[0, 1, 2, 3, 4, 5, 6, 7, 8], '<^>v<^'], 24, 12, 6, True], [[[0, 1, 2, 3, 4, 5, 6, 7, 8], '^>>v<^<'], 18, 10, 7, True], [[[0, 1, 2, 3, 4, 5, 6, 7, 8], '<v<v>>^^<<'], 19, 12, 10, True], [[[0, 1, 2, 3, 4, 5, 6, 7, 8], '<^<^'], 9, 5, 4, True], [[[0, 1, 2, 3, 4, 5, 6, 7, 8], '^>v>^<v<^^'], 25, 15, 10, True], [[[0, 1, 2, 3, 4, 5, 6, 7, 8], '<<^'], 8, 4, 3, True], [[[0, 1, 2, 3, 4, 5, 6, 7, 8], '>^<<v>^<^'], 21, 12, 9, True], [[[0, 1, 2, 3, 4, 5, 6, 7, 8], '^<<vv>^<^>v<^'], 74, 41, 13, True], [[[0, 1, 2, 3, 4, 5, 6, 7, 8], '<^>^<'], 11, 6, 5, True], [[[0, 1, 2, 3, 4, 5, 6, 7, 8], '<<^^'], 7, 5, 4, True], [[[0, 1, 2, 3, 4, 5, 6, 7, 8], 'v<<^^'], 9, 6, 5, True], [[[0, 1, 2, 3, 4, 5, 6, 7, 8], '^'], 3, 2, 1, True], [[[0, 1, 2, 3, 4, 5, 6, 7, 8], '>v>v<^^<'], 32, 17, 8, True], [[[0, 1, 2, 3, 4, 5, 6, 7, 8], '^>^<'], 9, 5, 4, True], [[[0, 1, 2, 3, 4, 5, 6, 7, 8], '<v<^^>>v<<^'], 28, 16, 11, True], [[[0, 1, 2, 3, 4, 5, 6, 7, 8], ''], 0, 1, 0, True], [[[0, 1, 2, 3, 4, 5, 6, 7, 8], '<^<^>v<^'], 27, 14, 8, True], [[[0, 1, 2, 3, 4, 5, 6, 7, 8], '^'], 3, 2, 1, True], [[[0, 1, 2, 3, 4, 5, 6, 7, 8], 'vv<<^>v<^^'], 33, 19, 10, True], [[[0, 1, 2, 3, 4, 5, 6, 7, 8], '^<vv>^<^<'], 26, 14, 9, True], [[[0, 1, 2, 3, 4, 5, 6, 7, 8], '^<<'], 6, 4, 3, True], [[[0, 1, 2, 3, 4, 5, 6, 7, 8], '>v<<^^'], 12, 7, 6, True], [[[0, 1, 2, 3, 4, 5, 6, 7, 8], 'v>v<^^'], 14, 8, 6, True], [[[0, 1, 2, 3, 4, 5, 6, 7, 8], '>v<<^'], 11, 6, 5, True], [[[0, 1, 2, 3, 4, 5, 6, 7, 8], '<<^>v<^^'], 25, 15, 8, True], [[[0, 1, 2, 3, 4, 5, 6, 7, 8], 'v<^^>v<v<^^'], 48, 26, 11, True], [[[0, 1, 2, 3, 4, 5, 6, 7, 8], '<^<^'], 9, 5, 4, True], [[[0, 1, 2, 3, 4, 5, 6, 7, 8], 'v>v<^^'], 14, 8, 6, True], [[[0, 1, 2, 3, 4, 5, 6, 7, 8], 'v<^<'], 9, 5, 4, True], [[[0, 1, 2, 3, 4, 5, 6, 7, 8], '<^^<'], 9, 5, 4, True], [[[0, 1, 2, 3, 4, 5, 6, 7, 8], '<<v>>v<<^>^<'], 23, 13, 12, True], [[[0, 1, 2, 3, 4, 5, 6, 7, 8], '^'], 3, 2, 1, True], [[[0, 1, 2, 3, 4, 5, 6, 7, 8], '>>^^<<'], 10, 7, 6, True], [[[0, 1, 2, 3, 4, 5, 6, 7, 8], '<'], 3, 2, 1, True], [[[0, 1, 2, 3, 4, 5, 6, 7, 8], '^>^<<'], 11, 6, 5, True], [[[0, 1, 2, 3, 4, 5, 6, 7, 8], '<v>v<^^'], 21, 12, 7, True], [[[0, 1, 2, 3, 4, 5, 6, 7, 8], '^<'], 6, 3, 2, True], [[[0, 1, 2, 3, 4, 5, 6, 7, 8], '^>v<^^<'], 19, 10, 7, True], [[[0, 1, 2, 3, 4, 5, 6, 7, 8], '>^>v<^<'], 17, 9, 7, True], [[[0, 1, 2, 3, 4, 5, 6, 7, 8], 'vv>^^<<'], 15, 9, 7, True], [[[0, 1, 2, 3, 4, 5, 6, 7, 8], '<vv>^^<'], 14, 8, 7, True], [[[0, 1, 2, 3, 4, 5, 6, 7, 8], '^<^<'], 9, 5, 4, True], [[[0, 1, 2, 3, 4, 5, 6, 7, 8], 'v<v<^^'], 12, 7, 6, True], [[[0, 1, 2, 3, 4, 5, 6, 7, 8], '>v<^>vv<<^^'], 45, 26, 11, True], [[[0, 1, 2, 3, 4, 5, 6, 7, 8], '<v>^<^'], 15, 8, 6, True], [[[0, 1, 2, 3, 4, 5, 6, 7, 8], '>>^^<v<^'], 15, 9, 8, True], [[[0, 1, 2, 3, 4, 5, 6, 7, 8], '^<v>v<^<^'], 25, 14, 9, True], [[[0, 1, 2, 3, 4, 5, 6, 7, 8], '<<^>>v<<^'], 19, 10, 9, True], [[[0, 1, 2, 3, 4, 5, 6, 7, 8], '<<'], 4, 3, 2, True], [[[0, 1, 2, 3, 4, 5, 6, 7, 8], '<<^^'], 7, 5, 4, True], [[[0, 1, 2, 3, 4, 5, 6, 7, 8], '^>v<<^'], 17, 9, 6, True], [[[0, 1, 2, 3, 4, 5, 6, 7, 8], '^<vv<^^'], 14, 8, 7, True], [[[0, 1, 2, 3, 4, 5, 6, 7, 8], '^^<v>>v<^^<'], 58, 31, 11, True], [[[0, 1, 2, 3, 4, 5, 6, 7, 8], '>>^^<v<^'], 15, 9, 8, True], [[[0, 1, 2, 3, 4, 5, 6, 7, 8], 'vv>>^^<v<^'], 20, 12, 10, True], [[[0, 1, 2, 3, 4, 5, 6, 7, 8], 'v<^^<'], 11, 6, 5, True], [[[0, 1, 2, 3, 4, 5, 6, 7, 8], '^<<v>^>v<<^'], 79, 44, 11, True], [[[0, 1, 2, 3, 4, 5, 6, 7, 8], '>^<<'], 9, 5, 4, True], [[[0, 1, 2, 3, 4, 5, 6, 7, 8], ''], 0, 1, 0, True], [[[0, 1, 2, 3, 4, 5, 6, 7, 8], 'v>>^<<'], 12, 7, 6, True], [[[0, 1, 2, 3, 4, 5, 6, 7, 8], 'v<^<^'], 11, 6, 5, True], [[[0, 1, 2, 3, 4, 5, 6, 7, 8], 'v<<^'], 9, 5, 4, True], [[[0, 1, 2, 3, 4, 5, 6, 7, 8], '>>^^<<'], 10, 7, 6, True], [[[0, 1, 2, 3, 4, 5, 6, 7, 8], '>^<'], 8, 4, 3, True], [[[0, 1, 2, 3, 4, 5, 6, 7, 8], '>^<^'], 9, 5, 4, True], [[[0, 1, 2, 3, 4, 5, 6, 7, 8], '^>vv>^<<^'], 22, 12, 9, True], [[[0, 1, 2, 3, 4, 5, 6, 7, 8], 'vv>^^<<'], 15, 9, 7, True], [[[0, 1, 2, 3, 4, 5, 6, 7, 8], '>v<v<^^'], 14, 8, 7, True], [[[0, 1, 2, 3, 4, 5, 6, 7, 8], 'v>^>v<v<^^'], 31, 18, 10, True], [[[0, 1, 2, 3, 4, 5, 6, 7, 8], 'v>>v<^>^<<'], 24, 14, 10, True], [[[0, 1, 2, 3, 4, 5, 6, 7, 8], '>vv<<^^'], 12, 8, 7, True], [[[0, 1, 2, 3, 4, 5, 6, 7, 8], '>v<<^'], 11, 6, 5, True], [[[0, 1, 2, 3, 4, 5, 6, 7, 8], '<<^>^<'], 12, 7, 6, True], [[[0, 1, 2, 3, 4, 5, 6, 7, 8], '<v>^<^<'], 19, 10, 7, True], [[[0, 1, 2, 3, 4, 5, 6, 7, 8], '>v>^^<<v>^<'], 26, 15, 11, True], [[[0, 1, 2, 3, 4, 5, 6, 7, 8], '^>^<'], 9, 5, 4, True], [[[0, 1, 2, 3, 4, 5, 6, 7, 8], '>>^<<'], 11, 6, 5, True], [[[0, 1, 2, 3, 4, 5, 6, 7, 8], '<<^'], 8, 4, 3, True], [[[0, 1, 2, 3, 4, 5, 6, 7, 8], 'v>^>v<<^>v<^'], 61, 33, 12, True], [[[0, 1, 2, 3, 4, 5, 6, 7, 8], '^<<'], 6, 4, 3, True], [[[0, 1, 2, 3, 4, 5, 6, 7, 8], '<v>^<<^'], 19, 10, 7, True], [[[0, 1, 2, 3, 4, 5, 6, 7, 8], '^<<'], 6, 4, 3, True], [[[0, 1, 2, 3, 4, 5, 6, 7, 8], '>^<<v>^^<'], 22, 12, 9, True], [[[0, 1, 2, 3, 4, 5, 6, 7, 8], '>^<<'], 9, 5, 4, True], [[[0, 1, 2, 3, 4, 5, 6, 7, 8], '<v<^^'], 11, 6, 5, True], [[[0, 1, 2, 3, 4, 5, 6, 7, 8], '>>^<<'], 11, 6, 5, True], [[[0, 1, 2, 3, 4, 5, 6, 7, 8], '<<^>v>^<<'], 37, 21, 9, True], [[[0, 1, 2, 3, 4, 5, 6, 7, 8], '<^<v>^^<'], 20, 11, 8, True], [[[0, 1, 2, 3, 4, 5, 6, 7, 8], '>v<^^'], 12, 7, 5, True], [[[0, 1, 2, 3, 4, 5, 6, 7, 8], '^^'], 4, 3, 2, True], [[[0, 1, 2, 3, 4, 5, 6, 7, 8], 'v<v>^<^>v<^'], 49, 26, 11, True], [[[0, 1, 2, 3, 4, 5, 6, 7, 8], '>>v<<^'], 12, 7, 6, True], [[[0, 1, 2, 3, 4, 5, 6, 7, 8], 'vv<<^>v<^^'], 33, 19, 10, True], [[[0, 1, 2, 3, 4, 5, 6, 7, 8], 'v>^<^'], 12, 7, 5, True], [[[0, 1, 2, 3, 4, 5, 6, 7, 8], '<vv>^^<<'], 16, 10, 8, True], [[[0, 1, 2, 3, 4, 5, 6, 7, 8], ''], 0, 1, 0, True], [[[0, 1, 2, 3, 4, 5, 6, 7, 8], '<<^^>v<^'], 15, 9, 8, True], [[[0, 1, 2, 3, 4, 5, 6, 7, 8], '<<^^'], 7, 5, 4, True], [[[0, 1, 2, 3, 4, 5, 6, 7, 8], '<^^<'], 9, 5, 4, True], [[[0, 1, 2, 3, 4, 5, 6, 7, 8], '<<v>^<'], 12, 7, 6, True], [[[0, 1, 2, 3, 4, 5, 6, 7, 8], '<^'], 6, 3, 2, True], [[[0, 1, 2, 3, 4, 5, 6, 7, 8], '^>^<vv>^^<<'], 43, 26, 11, True], [[[0, 1, 2, 3, 4, 5, 6, 7, 8], '^>^<v<^'], 19, 10, 7, True], [[[0, 1, 2, 3, 4, 5, 6, 7, 8], 'v<v<^>^<'], 20, 11, 8, True], [[[0, 1, 2, 3, 4, 5, 6, 7, 8], '>>v<<^^>v<^'], 28, 16, 11, True], [[[0, 1, 2, 3, 4, 5, 6, 7, 8], '>>^^<<'], 10, 7, 6, True], [[[0, 1, 2, 3, 4, 5, 6, 7, 8], '>v<<^'], 11, 6, 5, True], [[[0, 1, 2, 3, 4, 5, 6, 7, 8], '^^<<'], 7, 5, 4, True], [[[0, 1, 2, 3, 4, 5, 6, 7, 8], '>^<^>v<v>^<^'], 52, 28, 12, True], [[[0, 1, 2, 3, 4, 5, 6, 7, 8], '>vv<^^'], 12, 7, 6, True], [[[0, 1, 2, 3, 4, 5, 6, 7, 8], '^<<v>>^<^<'], 20, 11, 10, True], [[[0, 1, 2, 3, 4, 5, 6, 7, 8], '>^<^'], 9, 5, 4, True], [[[0, 1, 2, 3, 4, 5, 6, 7, 8], '<^>^<<'], 12, 7, 6, True], [[[0, 1, 2, 3, 4, 5, 6, 7, 8], '^<v>>^<^<'], 22, 12, 9, True], [[[0, 1, 2, 3, 4, 5, 6, 7, 8], 'v<^'], 8, 4, 3, True], [[[0, 1, 2, 3, 4, 5, 6, 7, 8], '^>v<^'], 11, 6, 5, True], [[[0, 1, 2, 3, 4, 5, 6, 7, 8], '>^<'], 8, 4, 3, True], [[[0, 1, 2, 3, 4, 5, 6, 7, 8], '^^'], 4, 3, 2, True], [[[0, 1, 2, 3, 4, 5, 6, 7, 8], '>^^<<'], 9, 6, 5, True], [[[0, 1, 2, 3, 4, 5, 6, 7, 8], '<^<'], 8, 4, 3, True], [[[0, 1, 2, 3, 4, 5, 6, 7, 8], '^<<^'], 9, 5, 4, True], [[[0, 1, 2, 3, 4, 5, 6, 7, 8], 'v>^<v>>v<<^^'], 57, 34, 12, True], [[[0, 1, 2, 3, 4, 5, 6, 7, 8], '>^^<'], 9, 5, 4, True], [[[0, 1, 2, 3, 4, 5, 6, 7, 8], ''], 0, 1, 0, True], [[[0, 1, 2, 3, 4, 5, 6, 7, 8], '>^<v<^>^<'], 25, 14, 9, True], [[[0, 1, 2, 3, 4, 5, 6, 7, 8], '<<^^>vv<^^'], 18, 11, 10, True], [[[0, 1, 2, 3, 4, 5, 6, 7, 8], 'v>^<<'], 12, 7, 5, True], [[[0, 1, 2, 3, 4, 5, 6, 7, 8], '<^<^>v<^'], 27, 14, 8, True], [[[0, 1, 2, 3, 4, 5, 6, 7, 8], 'vv<<^>>^<<'], 26, 15, 10, True], [[[0, 1, 2, 3, 4, 5, 6, 7, 8], ''], 0, 1, 0, True], [[[0, 1, 2, 3, 4, 5, 6, 7, 8], '^<<^'], 9, 5, 4, True], [[[0, 1, 2, 3, 4, 5, 6, 7, 8], '^>v<v>^^<<'], 53, 32, 10, True], [[[0, 1, 2, 3, 4, 5, 6, 7, 8], '>v<^<'], 12, 7, 5, True], [[[0, 1, 2, 3, 4, 5, 6, 7, 8], '>^<'], 8, 4, 3, True], [[[0, 1, 2, 3, 4, 5, 6, 7, 8], 'vv<^^<'], 12, 7, 6, True], [[[0, 1, 2, 3, 4, 5, 6, 7, 8], 'vv>^>v<<^>^<'], 48, 27, 12, True], [[[0, 1, 2, 3, 4, 5, 6, 7, 8], '>^<v>^^<<'], 36, 21, 9, True], [[[0, 1, 2, 3, 4, 5, 6, 7, 8], 'v<v>^<<^'], 20, 11, 8, True], [[[0, 1, 2, 3, 4, 5, 6, 7, 8], 'vv<<^^'], 10, 7, 6, True], [[[0, 1, 2, 3, 4, 5, 6, 7, 8], '<^<'], 8, 4, 3, True], [[[0, 1, 2, 3, 4, 5, 6, 7, 8], '>>^^<v<^'], 15, 9, 8, True], [[[0, 1, 2, 3, 4, 5, 6, 7, 8], '<v<v>^^<'], 25, 14, 8, True], [[[0, 1, 2, 3, 4, 5, 6, 7, 8], '>^>v<^<^'], 20, 11, 8, True], [[[0, 1, 2, 3, 4, 5, 6, 7, 8], '^>vv<^>>v<<^>^<'], 78, 44, 15, True], [[[0, 1, 2, 3, 4, 5, 6, 7, 8], '^<v<^'], 11, 6, 5, True], [[[0, 1, 2, 3, 4, 5, 6, 7, 8], '<^'], 6, 3, 2, True], [[[0, 1, 2, 3, 4, 5, 6, 7, 8], '<<^'], 8, 4, 3, True], [[[0, 1, 2, 3, 4, 5, 6, 7, 8], '>>v<v>^^<v<^'], 48, 27, 12, True], [[[0, 1, 2, 3, 4, 5, 6, 7, 8], '<^^'], 6, 4, 3, True], [[[0, 1, 2, 3, 4, 5, 6, 7, 8], 'v>^^<'], 11, 6, 5, True], [[[0, 1, 2, 3, 4, 5, 6, 7, 8], '<v<v>^^<'], 25, 14, 8, True], [[[0, 1, 2, 3, 4, 5, 6, 7, 8], '^'], 3, 2, 1, True], [[[0, 1, 2, 3, 4, 5, 6, 7, 8], '^<^<v>^>vv<^<^'], 148, 86, 14, True], [[[0, 1, 2, 3, 4, 5, 6, 7, 8], '<vv>^^<<'], 16, 10, 8, True], [[[0, 1, 2, 3, 4, 5, 6, 7, 8], 'v<^>^<<'], 18, 11, 7, True], [[[0, 1, 2, 3, 4, 5, 6, 7, 8], '^>v<^<^'], 19, 10, 7, True], [[[0, 1, 2, 3, 4, 5, 6, 7, 8], '<^>v<<^^'], 19, 12, 8, True], [[[0, 1, 2, 3, 4, 5, 6, 7, 8], ''], 0, 1, 0, True], [[[0, 1, 2, 3, 4, 5, 6, 7, 8], '^<v<^^>>v<^<'], 41, 24, 12, True], [[[0, 1, 2, 3, 4, 5, 6, 7, 8], '^<<'], 6, 4, 3, True], [[[0, 1, 2, 3, 4, 5, 6, 7, 8], '^>v<^^'], 13, 8, 6, True], [[[0, 1, 2, 3, 4, 5, 6, 7, 8], '>^<v>>v<<^^'], 45, 27, 11, True], [[[0, 1, 2, 3, 4, 5, 6, 7, 8], '<vv>^>^<<'], 17, 10, 9, True], [[[0, 1, 2, 3, 4, 5, 6, 7, 8], '^<^>vv<^>^<'], 59, 34, 11, True], [[[0, 1, 2, 3, 4, 5, 6, 7, 8], '^'], 3, 2, 1, True], [[[0, 1, 2, 3, 4, 5, 6, 7, 8], '^<v<^'], 11, 6, 5, True], [[[0, 1, 2, 3, 4, 5, 6, 7, 8], '^<'], 6, 3, 2, True], [[[0, 1, 2, 3, 4, 5, 6, 7, 8], '>>^<vv<^^'], 26, 15, 9, True], [[[0, 1, 2, 3, 4, 5, 6, 7, 8], '>^^<v>v<<^^'], 50, 28, 11, True], [[[0, 1, 2, 3, 4, 5, 6, 7, 8], '^>v>^^<<'], 15, 9, 8, True], [[[0, 1, 2, 3, 4, 5, 6, 7, 8], '>^>v<<^'], 23, 13, 7, True], [[[0, 1, 2, 3, 4, 5, 6, 7, 8], 'v>^<'], 9, 5, 4, True], [[[0, 1, 2, 3, 4, 5, 6, 7, 8], 'vv>^<^'], 14, 8, 6, True], [[[0, 1, 2, 3, 4, 5, 6, 7, 8], '<v<^^'], 11, 6, 5, True], [[[0, 1, 2, 3, 4, 5, 6, 7, 8], 'v<^<'], 9, 5, 4, True], [[[0, 1, 2, 3, 4, 5, 6, 7, 8], 'vv<^^'], 11, 6, 5, True], [[[0, 1, 2, 3, 4, 5, 6, 7, 8], '>v<^^'], 12, 7, 5, True], [[[0, 1, 2, 3, 4, 5, 6, 7, 8], ''], 0, 1, 0, True], [[[0, 1, 2, 3, 4, 5, 6, 7, 8], 'v>^<<v>^<^'], 28, 16, 10, True], [[[0, 1, 2, 3, 4, 5, 6, 7, 8], 'v<v>^<^<'], 20, 11, 8, True], [[[0, 1, 2, 3, 4, 5, 6, 7, 8], '>v>v<^^<'], 32, 17, 8, True], [[[0, 1, 2, 3, 4, 5, 6, 7, 8], 'v>v<^<^'], 19, 10, 7, True], [[[0, 1, 2, 3, 4, 5, 6, 7, 8], ''], 0, 1, 0, True], [[[0, 1, 2, 3, 4, 5, 6, 7, 8], '<^>v<^'], 24, 12, 6, True], [[[0, 1, 2, 3, 4, 5, 6, 7, 8], '^<<^'], 9, 5, 4, True], [[[0, 1, 2, 3, 4, 5, 6, 7, 8], '>>^^<v<^'], 15, 9, 8, True], [[[0, 1, 2, 3, 4, 5, 6, 7, 8], '<vv>^^<<'], 16, 10, 8, True], [[[0, 1, 2, 3, 4, 5, 6, 7, 8], 'v>>v<^^<'], 20, 11, 8, True], [[[0, 1, 2, 3, 4, 5, 6, 7, 8], '^<v<^^'], 12, 7, 6, True], [[[0, 1, 2, 3, 4, 5, 6, 7, 8], 'v<<^>>vv<^^<'], 49, 28, 12, True], [[[0, 1, 2, 3, 4, 5, 6, 7, 8], '>>vv<^^<'], 17, 10, 8, True], [[[0, 1, 2, 3, 4, 5, 6, 7, 8], 'v<^'], 8, 4, 3, True], [[[0, 1, 2, 3, 4, 5, 6, 7, 8], 'v>^^<'], 11, 6, 5, True], [[[0, 1, 2, 3, 4, 5, 6, 7, 8], 'v<^<^'], 11, 6, 5, True], [[[0, 1, 2, 3, 4, 5, 6, 7, 8], 'v<^<^'], 11, 6, 5, True], [[[0, 1, 2, 3, 4, 5, 6, 7, 8], '>^<'], 8, 4, 3, True], [[[0, 1, 2, 3, 4, 5, 6, 7, 8], '^>^<<'], 11, 6, 5, True], [[[0, 1, 2, 3, 4, 5, 6, 7, 8], '>v<^^'], 12, 7, 5, True], [[[0, 1, 2, 3, 4, 5, 6, 7, 8], '^<<^'], 9, 5, 4, True], [[[0, 1, 2, 3, 4, 5, 6, 7, 8], 'v<v<^^'], 12, 7, 6, True], [[[0, 1, 2, 3, 4, 5, 6, 7, 8], 'v>^^<<'], 12, 7, 6, True], [[[0, 1, 2, 3, 4, 5, 6, 7, 8], '>^<v>^^<'], 31, 17, 8, True], [[[0, 1, 2, 3, 4, 5, 6, 7, 8], '^<<^'], 9, 5, 4, True], [[[0, 1, 2, 3, 4, 5, 6, 7, 8], '>>v<^<^'], 20, 11, 7, True], [[[0, 1, 2, 3, 4, 5, 6, 7, 8], '^>>vv<^^<'], 21, 12, 9, True], [[[0, 1, 2, 3, 4, 5, 6, 7, 8], '<'], 3, 2, 1, True], [[[0, 1, 2, 3, 4, 5, 6, 7, 8], 'v>^>v<<^^'], 40, 23, 9, True], [[[0, 1, 2, 3, 4, 5, 6, 7, 8], 'vv<<^^'], 10, 7, 6, True], [[[0, 1, 2, 3, 4, 5, 6, 7, 8], '^^>vv<<^>^<'], 26, 15, 11, True], [[[0, 1, 2, 3, 4, 5, 6, 7, 8], '>^<'], 8, 4, 3, True], [[[0, 1, 2, 3, 4, 5, 6, 7, 8], 'v>^<'], 9, 5, 4, True], [[[0, 1, 2, 3, 4, 5, 6, 7, 8], '<^^'], 6, 4, 3, True], [[[0, 1, 2, 3, 4, 5, 6, 7, 8], 'vv>>^<v<^^'], 42, 23, 10, True], [[[0, 1, 2, 3, 4, 5, 6, 7, 8], 'v<^<'], 9, 5, 4, True], [[[0, 1, 2, 3, 4, 5, 6, 7, 8], '^<^'], 8, 4, 3, True], [[[0, 1, 2, 3, 4, 5, 6, 7, 8], 'vv>^^<'], 12, 7, 6, True], [[[0, 1, 2, 3, 4, 5, 6, 7, 8], '<^'], 6, 3, 2, True], [[[0, 1, 2, 3, 4, 5, 6, 7, 8], '>vv<^^<'], 15, 9, 7, True], [[[0, 1, 2, 3, 4, 5, 6, 7, 8], '^^>>v<v<^^'], 18, 11, 10, True], [[[0, 1, 2, 3, 4, 5, 6, 7, 8], 'vv<^^'], 11, 6, 5, True], [[[0, 1, 2, 3, 4, 5, 6, 7, 8], '<<v>^<^'], 17, 9, 7, True], [[[0, 1, 2, 3, 4, 5, 6, 7, 8], '^<<v>^^<'], 20, 11, 8, True], [[[0, 1, 2, 3, 4, 5, 6, 7, 8], 'v>>^^<v<^'], 18, 11, 9, True], [[[0, 1, 2, 3, 4, 5, 6, 7, 8], '^<v<^>^<'], 20, 11, 8, True], [[[0, 1, 2, 3, 4, 5, 6, 7, 8], 'vv<^^<'], 12, 7, 6, True], [[[0, 1, 2, 3, 4, 5, 6, 7, 8], '<<^^'], 7, 5, 4, True], [[[0, 1, 2, 3, 4, 5, 6, 7, 8], '<v>^<<^'], 19, 10, 7, True], [[[0, 1, 2, 3, 4, 5, 6, 7, 8], '>^^>v<<^'], 20, 11, 8, True], [[[0, 1, 2, 3, 4, 5, 6, 7, 8], '^>v<<^'], 17, 9, 6, True], [[[0, 1, 2, 3, 4, 5, 6, 7, 8], '<^<^'], 9, 5, 4, True], [[[0, 1, 2, 3, 4, 5, 6, 7, 8], '<<^>^>v<^<'], 21, 12, 10, True], [[[0, 1, 2, 3, 4, 5, 6, 7, 8], '>vv<<^^'], 12, 8, 7, True], [[[0, 1, 2, 3, 4, 5, 6, 7, 8], 'v>^^<v<^'], 17, 9, 8, True], [[[0, 1, 2, 3, 4, 5, 6, 7, 8], '>^<v<^>^<'], 25, 14, 9, True], [[[0, 1, 2, 3, 4, 5, 6, 7, 8], 'v<^^<'], 11, 6, 5, True], [[[0, 1, 2, 3, 4, 5, 6, 7, 8], 'v<<^>vv>^<<^'], 53, 28, 12, True], [[[0, 1, 2, 3, 4, 5, 6, 7, 8], 'v<^<'], 9, 5, 4, True], [[[0, 1, 2, 3, 4, 5, 6, 7, 8], '>v<^^'], 12, 7, 5, True], [[[0, 1, 2, 3, 4, 5, 6, 7, 8], '^^>vv>^^<v<^'], 23, 13, 12, True], [[[0, 1, 2, 3, 4, 5, 6, 7, 8], '^>^<<'], 11, 6, 5, True], [[[0, 1, 2, 3, 4, 5, 6, 7, 8], '^<<'], 6, 4, 3, True], [[[0, 1, 2, 3, 4, 5, 6, 7, 8], '^<<'], 6, 4, 3, True], [[[0, 1, 2, 3, 4, 5, 6, 7, 8], 'v<<^'], 9, 5, 4, True], [[[0, 1, 2, 3, 4, 5, 6, 7, 8], '>^<^'], 9, 5, 4, True], [[[0, 1, 2, 3, 4, 5, 6, 7, 8], '^>v<^<'], 15, 8, 6, True], [[[0, 1, 2, 3, 4, 5, 6, 7, 8], 'v>v<^^>v<<^'], 37, 21, 11, True], [[[0, 1, 2, 3, 4, 5, 6, 7, 8], '>v>^<v>v<^^<'], 61, 33, 12, True], [[[0, 1, 2, 3, 4, 5, 6, 7, 8], '>^<<^>v<^'], 29, 15, 9, True], [[[0, 1, 2, 3, 4, 5, 6, 7, 8], '<'], 3, 2, 1, True], [[[0, 1, 2, 3, 4, 5, 6, 7, 8], 'v<^'], 8, 4, 3, True], [[[0, 1, 2, 3, 4, 5, 6, 7, 8], 'v<^'], 8, 4, 3, True], [[[0, 1, 2, 3, 4, 5, 6, 7, 8], '<<^^'], 7, 5, 4, True], [[[0, 1, 2, 3, 4, 5, 6, 7, 8], '>^<^<'], 11, 6, 5, True], [[[0, 1, 2, 3, 4, 5, 6, 7, 8], '^<v<^'], 11, 6, 5, True], [[[0, 1, 2, 3, 4, 5, 6, 7, 8], 'vv<^>v<<^^'], 36, 21, 10, True], [[[0, 1, 2, 3, 4, 5, 6, 7, 8], '^^>vv<^^'], 15, 9, 8, True], [[[0, 1, 2, 3, 4, 5, 6, 7, 8], '<v>^^<<'], 18, 11, 7, True], [[[0, 1, 2, 3, 4, 5, 6, 7, 8], '<<'], 4, 3, 2, True], [[[0, 1, 2, 3, 4, 5, 6, 7, 8], '>v<v<^^'], 14, 8, 7, True], [[[0, 1, 2, 3, 4, 5, 6, 7, 8], 'v<^<^>v<^'], 29, 15, 9, True], [[[0, 1, 2, 3, 4, 5, 6, 7, 8], '>v<v>^<^'], 18, 10, 8, True], [[[0, 1, 2, 3, 4, 5, 6, 7, 8], '^^<'], 8, 4, 3, True], [[[0, 1, 2, 3, 4, 5, 6, 7, 8], 'v<^^'], 9, 5, 4, True], [[[0, 1, 2, 3, 4, 5, 6, 7, 8], '>vv<<^^'], 12, 8, 7, True], [[[0, 1, 2, 3, 4, 5, 6, 7, 8], '^>>vv<<^^'], 15, 10, 9, True], [[[0, 1, 2, 3, 4, 5, 6, 7, 8], '>^^<v>v<<^>^<'], 86, 50, 13, True], [[[0, 1, 2, 3, 4, 5, 6, 7, 8], '^<^>v<v<^^'], 26, 15, 10, True], [[[0, 1, 2, 3, 4, 5, 6, 7, 8], '^>vv<^^'], 14, 8, 7, True], [[[0, 1, 2, 3, 4, 5, 6, 7, 8], 'v<^<vv>^^<'], 20, 11, 10, True], [[[0, 1, 2, 3, 4, 5, 6, 7, 8], 'v>v<^^>>v<^<'], 47, 26, 12, True], [[[0, 1, 2, 3, 4, 5, 6, 7, 8], '>v<^^'], 12, 7, 5, True], [[[0, 1, 2, 3, 4, 5, 6, 7, 8], '^<v<^'], 11, 6, 5, True], [[[0, 1, 2, 3, 4, 5, 6, 7, 8], '>^<^<'], 11, 6, 5, True], [[[0, 1, 2, 3, 4, 5, 6, 7, 8], '<^>v<^'], 24, 12, 6, True], [[[0, 1, 2, 3, 4, 5, 6, 7, 8], '^>^<'], 9, 5, 4, True], [[[0, 1, 2, 3, 4, 5, 6, 7, 8], '<'], 3, 2, 1, True], [[[0, 1, 2, 3, 4, 5, 6, 7, 8], '^<'], 6, 3, 2, True], [[[0, 1, 2, 3, 4, 5, 6, 7, 8], '^>vv<^^'], 14, 8, 7, True], [[[0, 1, 2, 3, 4, 5, 6, 7, 8], ''], 0, 1, 0, True], [[[0, 1, 2, 3, 4, 5, 6, 7, 8], '<'], 3, 2, 1, True], [[[0, 1, 2, 3, 4, 5, 6, 7, 8], '<<vv>^<^'], 20, 11, 8, True], [[[0, 1, 2, 3, 4, 5, 6, 7, 8], '>vv>^^<<vv>^^<'], 51, 31, 14, True], [[[0, 1, 2, 3, 4, 5, 6, 7, 8], '^'], 3, 2, 1, True], [[[0, 1, 2, 3, 4, 5, 6, 7, 8], '<^^<'], 9, 5, 4, True], [[[0, 1, 2, 3, 4, 5, 6, 7, 8], 'v<<^'], 9, 5, 4, True], [[[0, 1, 2, 3, 4, 5, 6, 7, 8], 'v<^^'], 9, 5, 4, True], [[[0, 1, 2, 3, 4, 5, 6, 7, 8], '^<vv<^^'], 14, 8, 7, True], [[[0, 1, 2, 3, 4, 5, 6, 7, 8], '^>^>v<<^'], 25, 14, 8, True], [[[0, 1, 2, 3, 4, 5, 6, 7, 8], '<<^^'], 7, 5, 4, True], [[[0, 1, 2, 3, 4, 5, 6, 7, 8], '<^^>v<^'], 14, 8, 7, True], [[[0, 1, 2, 3, 4, 5, 6, 7, 8], '<^^'], 6, 4, 3, True], [[[0, 1, 2, 3, 4, 5, 6, 7, 8], '<v>>v<<^^'], 27, 16, 9, True], [[[0, 1, 2, 3, 4, 5, 6, 7, 8], '>v>v<^^<'], 32, 17, 8, True], [[[0, 1, 2, 3, 4, 5, 6, 7, 8], '>>v<^<^'], 20, 11, 7, True], [[[0, 1, 2, 3, 4, 5, 6, 7, 8], '<^>>v<v<^^'], 20, 11, 10, True], [[[0, 1, 2, 3, 4, 5, 6, 7, 8], '>v>^<<'], 14, 8, 6, True], [[[0, 1, 2, 3, 4, 5, 6, 7, 8], 'vv>>^^<<'], 13, 9, 8, True], [[[0, 1, 2, 3, 4, 5, 6, 7, 8], '<<^>v<^^'], 25, 15, 8, True], [[[0, 1, 2, 3, 4, 5, 6, 7, 8], '>v<^<^'], 17, 9, 6, True], [[[0, 1, 2, 3, 4, 5, 6, 7, 8], '>^^<'], 9, 5, 4, True], [[[0, 1, 2, 3, 4, 5, 6, 7, 8], ''], 0, 1, 0, True], [[[0, 1, 2, 3, 4, 5, 6, 7, 8], '<^'], 6, 3, 2, True], [[[0, 1, 2, 3, 4, 5, 6, 7, 8], 'vv<<^>^<'], 15, 9, 8, True], [[[0, 1, 2, 3, 4, 5, 6, 7, 8], '>^<^<'], 11, 6, 5, True], [[[0, 1, 2, 3, 4, 5, 6, 7, 8], '<<^^'], 7, 5, 4, True], [[[0, 1, 2, 3, 4, 5, 6, 7, 8], 'v>^<<'], 12, 7, 5, True], [[[0, 1, 2, 3, 4, 5, 6, 7, 8], '<^<'], 8, 4, 3, True], [[[0, 1, 2, 3, 4, 5, 6, 7, 8], '<^>v<^'], 24, 12, 6, True], [[[0, 1, 2, 3, 4, 5, 6, 7, 8], 'v<v>^>^<<'], 26, 15, 9, True], [[[0, 1, 2, 3, 4, 5, 6, 7, 8], '^<<^'], 9, 5, 4, True], [[[0, 1, 2, 3, 4, 5, 6, 7, 8], '^^'], 4, 3, 2, True], [[[0, 1, 2, 3, 4, 5, 6, 7, 8], '^<<'], 6, 4, 3, True], [[[0, 1, 2, 3, 4, 5, 6, 7, 8], 'v>^<^'], 12, 7, 5, True], [[[0, 1, 2, 3, 4, 5, 6, 7, 8], 'vv>>^^<<'], 13, 9, 8, True], [[[0, 1, 2, 3, 4, 5, 6, 7, 8], '^<v>^>^<<'], 25, 14, 9, True], [[[0, 1, 2, 3, 4, 5, 6, 7, 8], '^^'], 4, 3, 2, True], [[[0, 1, 2, 3, 4, 5, 6, 7, 8], 'v>^^<vv>^^<<'], 34, 21, 12, True], [[[0, 1, 2, 3, 4, 5, 6, 7, 8], 'v<^'], 8, 4, 3, True], [[[0, 1, 2, 3, 4, 5, 6, 7, 8], '^>v<^<'], 15, 8, 6, True], [[[0, 1, 2, 3, 4, 5, 6, 7, 8], '<'], 3, 2, 1, True], [[[0, 1, 2, 3, 4, 5, 6, 7, 8], '<^^<'], 9, 5, 4, True], [[[0, 1, 2, 3, 4, 5, 6, 7, 8], '>^^<v<v>^^<'], 40, 22, 11, True], [[[0, 1, 2, 3, 4, 5, 6, 7, 8], '<v>^<^'], 15, 8, 6, True], [[[0, 1, 2, 3, 4, 5, 6, 7, 8], '<v>^<'], 11, 6, 5, True], [[[0, 1, 2, 3, 4, 5, 6, 7, 8], '<<^>v>^<^<'], 29, 16, 10, True], [[[0, 1, 2, 3, 4, 5, 6, 7, 8], '^>v<<^^'], 18, 11, 7, True], [[[0, 1, 2, 3, 4, 5, 6, 7, 8], 'vv<^^'], 11, 6, 5, True], [[[0, 1, 2, 3, 4, 5, 6, 7, 8], '>v<^<'], 12, 7, 5, True], [[[0, 1, 2, 3, 4, 5, 6, 7, 8], '^<<v>^<'], 14, 8, 7, True], [[[0, 1, 2, 3, 4, 5, 6, 7, 8], 'v>^<v<^'], 19, 10, 7, True], [[[0, 1, 2, 3, 4, 5, 6, 7, 8], '>>v<^<'], 14, 8, 6, True], [[[0, 1, 2, 3, 4, 5, 6, 7, 8], '>>v<v>^<^<'], 25, 14, 10, True], [[[0, 1, 2, 3, 4, 5, 6, 7, 8], '^<^'], 8, 4, 3, True], [[[0, 1, 2, 3, 4, 5, 6, 7, 8], '<v<v>^>^<<'], 27, 16, 10, True], [[[0, 1, 2, 3, 4, 5, 6, 7, 8], '^'], 3, 2, 1, True], [[[0, 1, 2, 3, 4, 5, 6, 7, 8], '>>v<^<'], 14, 8, 6, True], [[[0, 1, 2, 3, 4, 5, 6, 7, 8], 'vv<<^^'], 10, 7, 6, True], [[[0, 1, 2, 3, 4, 5, 6, 7, 8], '^>^<'], 9, 5, 4, True], [[[0, 1, 2, 3, 4, 5, 6, 7, 8], '<v>^<'], 11, 6, 5, True], [[[0, 1, 2, 3, 4, 5, 6, 7, 8], '^<'], 6, 3, 2, True], [[[0, 1, 2, 3, 4, 5, 6, 7, 8], '<v>^^<v>^<<'], 45, 26, 11, True], [[[0, 1, 2, 3, 4, 5, 6, 7, 8], '>^<<'], 9, 5, 4, True], [[[0, 1, 2, 3, 4, 5, 6, 7, 8], '^^'], 4, 3, 2, True], [[[0, 1, 2, 3, 4, 5, 6, 7, 8], '^>v<^<'], 15, 8, 6, True], [[[0, 1, 2, 3, 4, 5, 6, 7, 8], '>v>^^<<'], 14, 8, 7, True], [[[0, 1, 2, 3, 4, 5, 6, 7, 8], '<v>^<'], 11, 6, 5, True], [[[0, 1, 2, 3, 4, 5, 6, 7, 8], '^<vv>^^<'], 17, 9, 8, True], [[[0, 1, 2, 3, 4, 5, 6, 7, 8], 'v<^>v>^^<v<^'], 50, 28, 12, True], [[[0, 1, 2, 3, 4, 5, 6, 7, 8], '>vv<^^'], 12, 7, 6, True], [[[0, 1, 2, 3, 4, 5, 6, 7, 8], 'v>>^^<<'], 12, 8, 7, True], [[[0, 1, 2, 3, 4, 5, 6, 7, 8], '^^<<'], 7, 5, 4, True], [[[0, 1, 2, 3, 4, 5, 6, 7, 8], '^^'], 4, 3, 2, True], [[[0, 1, 2, 3, 4, 5, 6, 7, 8], '^^'], 4, 3, 2, True], [[[0, 1, 2, 3, 4, 5, 6, 7, 8], '>vv<<^>v>^^<<'], 139, 83, 13, True], [[[0, 1, 2, 3, 4, 5, 6, 7, 8], '>v>^<<^'], 20, 11, 7, True], [[[0, 1, 2, 3, 4, 5, 6, 7, 8], '<<^^'], 7, 5, 4, True], [[[0, 1, 2, 3, 4, 5, 6, 7, 8], '^<^>v<<^'], 20, 11, 8, True], [[[0, 1, 2, 3, 4, 5, 6, 7, 8], '^<^<'], 9, 5, 4, True], [[[0, 1, 2, 3, 4, 5, 6, 7, 8], 'v>^<'], 9, 5, 4, True], [[[0, 1, 2, 3, 4, 5, 6, 7, 8], '^>v<<^^'], 18, 11, 7, True], [[[0, 1, 2, 3, 4, 5, 6, 7, 8], '>^<<^'], 11, 6, 5, True], [[[0, 1, 2, 3, 4, 5, 6, 7, 8], '>^^<'], 9, 5, 4, True], [[[0, 1, 2, 3, 4, 5, 6, 7, 8], 'vv<<^^>>v<<^'], 21, 13, 12, True], [[[0, 1, 2, 3, 4, 5, 6, 7, 8], '^>vv<<^^'], 15, 9, 8, True], [[[0, 1, 2, 3, 4, 5, 6, 7, 8], '>>^<^>v<^<'], 31, 18, 10, True], [[[0, 1, 2, 3, 4, 5, 6, 7, 8], '<vv>^^<<'], 16, 10, 8, True], [[[0, 1, 2, 3, 4, 5, 6, 7, 8], '<'], 3, 2, 1, True], [[[0, 1, 2, 3, 4, 5, 6, 7, 8], '>^<<'], 9, 5, 4, True], [[[0, 1, 2, 3, 4, 5, 6, 7, 8], '<^>v<^^>v<^'], 50, 28, 11, True], [[[0, 1, 2, 3, 4, 5, 6, 7, 8], '>v<^<^'], 17, 9, 6, True], [[[0, 1, 2, 3, 4, 5, 6, 7, 8], '<^>>v<<^^'], 18, 11, 9, True], [[[0, 1, 2, 3, 4, 5, 6, 7, 8], '^>>v<<^'], 14, 8, 7, True], [[[0, 1, 2, 3, 4, 5, 6, 7, 8], '^<<'], 6, 4, 3, True], [[[0, 1, 2, 3, 4, 5, 6, 7, 8], '<<^'], 8, 4, 3, True], [[[0, 1, 2, 3, 4, 5, 6, 7, 8], 'v>v>^<^<'], 20, 11, 8, True], [[[0, 1, 2, 3, 4, 5, 6, 7, 8], '<vv>^^<'], 14, 8, 7, True], [[[0, 1, 2, 3, 4, 5, 6, 7, 8], '<v<^^'], 11, 6, 5, True], [[[0, 1, 2, 3, 4, 5, 6, 7, 8], '>v>v<<^^'], 15, 9, 8, True], [[[0, 1, 2, 3, 4, 5, 6, 7, 8], '<^>v>^^<<'], 24, 15, 9, True], [[[0, 1, 2, 3, 4, 5, 6, 7, 8], '<^^<'], 9, 5, 4, True], [[[0, 1, 2, 3, 4, 5, 6, 7, 8], '^<<^'], 9, 5, 4, True], [[[0, 1, 2, 3, 4, 5, 6, 7, 8], '<^^'], 6, 4, 3, True], [[[0, 1, 2, 3, 4, 5, 6, 7, 8], '^<<vv>>^<^<'], 20, 12, 11, True], [[[0, 1, 2, 3, 4, 5, 6, 7, 8], ''], 0, 1, 0, True], [[[0, 1, 2, 3, 4, 5, 6, 7, 8], '^<vv<^^'], 14, 8, 7, True], [[[0, 1, 2, 3, 4, 5, 6, 7, 8], '^'], 3, 2, 1, True], [[[0, 1, 2, 3, 4, 5, 6, 7, 8], '^<^>v<^'], 26, 13, 7, True], [[[0, 1, 2, 3, 4, 5, 6, 7, 8], 'v>>^<<'], 12, 7, 6, True], [[[0, 1, 2, 3, 4, 5, 6, 7, 8], 'vv<^^'], 11, 6, 5, True], [[[0, 1, 2, 3, 4, 5, 6, 7, 8], '>>^<v<^^'], 23, 13, 8, True], [[[0, 1, 2, 3, 4, 5, 6, 7, 8], '^>>v<<^^'], 16, 10, 8, True], [[[0, 1, 2, 3, 4, 5, 6, 7, 8], '^^>v<^'], 12, 7, 6, True], [[[0, 1, 2, 3, 4, 5, 6, 7, 8], '>>v<^<'], 14, 8, 6, True], [[[0, 1, 2, 3, 4, 5, 6, 7, 8], '<<^'], 8, 4, 3, True], [[[0, 1, 2, 3, 4, 5, 6, 7, 8], '>>^<^<'], 12, 7, 6, True], [[[0, 1, 2, 3, 4, 5, 6, 7, 8], '>^>^<<'], 12, 7, 6, True], [[[0, 1, 2, 3, 4, 5, 6, 7, 8], '>>^^<<vv>^^<'], 21, 13, 12, True], [[[0, 1, 2, 3, 4, 5, 6, 7, 8], '<^^>>vv<<^^'], 18, 12, 11, True], [[[0, 1, 2, 3, 4, 5, 6, 7, 8], '<^<vv>^^<'], 19, 10, 9, True], [[[0, 1, 2, 3, 4, 5, 6, 7, 8], '^<v>v<<^^'], 24, 15, 9, True], [[[0, 1, 2, 3, 4, 5, 6, 7, 8], '^^'], 4, 3, 2, True], [[[0, 1, 2, 3, 4, 5, 6, 7, 8], '^<v>>^<v<^'], 46, 27, 10, True], [[[0, 1, 2, 3, 4, 5, 6, 7, 8], '<'], 3, 2, 1, True], [[[0, 1, 2, 3, 4, 5, 6, 7, 8], '^'], 3, 2, 1, True], [[[0, 1, 2, 3, 4, 5, 6, 7, 8], 'vv>^>^<<'], 15, 9, 8, True], [[[0, 1, 2, 3, 4, 5, 6, 7, 8], '>v<v>^^<'], 30, 16, 8, True], [[[0, 1, 2, 3, 4, 5, 6, 7, 8], '<^^'], 6, 4, 3, True], [[[0, 1, 2, 3, 4, 5, 6, 7, 8], '<vv<^^'], 12, 7, 6, True], [[[0, 1, 2, 3, 4, 5, 6, 7, 8], '>^<<'], 9, 5, 4, True], [[[0, 1, 2, 3, 4, 5, 6, 7, 8], '^^>v<^'], 12, 7, 6, True], [[[0, 1, 2, 3, 4, 5, 6, 7, 8], '^<<'], 6, 4, 3, True], [[[0, 1, 2, 3, 4, 5, 6, 7, 8], '^<^>v<^'], 26, 13, 7, True], [[[0, 1, 2, 3, 4, 5, 6, 7, 8], 'v>v<<^^'], 14, 8, 7, True], [[[0, 1, 2, 3, 4, 5, 6, 7, 8], '^<v>>^<<^>vv<^^'], 59, 33, 15, True], [[[0, 1, 2, 3, 4, 5, 6, 7, 8], '>>^<^<'], 12, 7, 6, True], [[[0, 1, 2, 3, 4, 5, 6, 7, 8], '^<<^>v>^<v<^'], 50, 27, 12, True], [[[0, 1, 2, 3, 4, 5, 6, 7, 8], '<v<^'], 9, 5, 4, True], [[[0, 1, 2, 3, 4, 5, 6, 7, 8], '>^<<'], 9, 5, 4, True], [[[0, 1, 2, 3, 4, 5, 6, 7, 8], '>v<^^'], 12, 7, 5, True], [[[0, 1, 2, 3, 4, 5, 6, 7, 8], 'vv>^<^<'], 20, 11, 7, True], [[[0, 1, 2, 3, 4, 5, 6, 7, 8], '>>^<^<'], 12, 7, 6, True], [[[0, 1, 2, 3, 4, 5, 6, 7, 8], '>^<<'], 9, 5, 4, True], [[[0, 1, 2, 3, 4, 5, 6, 7, 8], '<<^'], 8, 4, 3, True], [[[0, 1, 2, 3, 4, 5, 6, 7, 8], ''], 0, 1, 0, True], [[[0, 1, 2, 3, 4, 5, 6, 7, 8], 'v<^<^'], 11, 6, 5, True], [[[0, 1, 2, 3, 4, 5, 6, 7, 8], '>v<^<'], 12, 7, 5, True], [[[0, 1, 2, 3, 4, 5, 6, 7, 8], '^<<'], 6, 4, 3, True], [[[0, 1, 2, 3, 4, 5, 6, 7, 8], 'vv<^>^<<v>>^<<'], 46, 26, 14, True], [[[0, 1, 2, 3, 4, 5, 6, 7, 8], '>vv>^<^<'], 29, 16, 8, True], [[[0, 1, 2, 3, 4, 5, 6, 7, 8], '<<^>v<^^'], 25, 15, 8, True], [[[0, 1, 2, 3, 4, 5, 6, 7, 8], 'v>^^<vv>^>^<<'], 33, 18, 13, True], [[[0, 1, 2, 3, 4, 5, 6, 7, 8], '<v>^<<'], 13, 8, 6, True], [[[0, 1, 2, 3, 4, 5, 6, 7, 8], '<<^^'], 7, 5, 4, True], [[[0, 1, 2, 3, 4, 5, 6, 7, 8], '^>^<'], 9, 5, 4, True], [[[0, 1, 2, 3, 4, 5, 6, 7, 8], '>^^<'], 9, 5, 4, True], [[[0, 1, 2, 3, 4, 5, 6, 7, 8], '>vv>^<^<'], 29, 16, 8, True], [[[0, 1, 2, 3, 4, 5, 6, 7, 8], '^<^<'], 9, 5, 4, True], [[[0, 1, 2, 3, 4, 5, 6, 7, 8], '^^>v<^'], 12, 7, 6, True], [[[0, 1, 2, 3, 4, 5, 6, 7, 8], 'v<^<v>^>v<<^'], 85, 49, 12, True], [[[0, 1, 2, 3, 4, 5, 6, 7, 8], '^<^'], 8, 4, 3, True], [[[0, 1, 2, 3, 4, 5, 6, 7, 8], '^^'], 4, 3, 2, True], [[[0, 1, 2, 3, 4, 5, 6, 7, 8], '<v<^^'], 11, 6, 5, True], [[[0, 1, 2, 3, 4, 5, 6, 7, 8], '>^<^'], 9, 5, 4, True], [[[0, 1, 2, 3, 4, 5, 6, 7, 8], '<^>v<^<^'], 33, 18, 8, True], [[[0, 1, 2, 3, 4, 5, 6, 7, 8], '^^'], 4, 3, 2, True], [[[0, 1, 2, 3, 4, 5, 6, 7, 8], '^^'], 4, 3, 2, True], [[[0, 1, 2, 3, 4, 5, 6, 7, 8], '>>^<<^'], 12, 7, 6, True], [[[0, 1, 2, 3, 4, 5, 6, 7, 8], '<^>^<<'], 12, 7, 6, True], [[[0, 1, 2, 3, 4, 5, 6, 7, 8], '^^<vv<^>^<'], 42, 23, 10, True], [[[0, 1, 2, 3, 4, 5, 6, 7, 8], ''], 0, 1, 0, True], [[[0, 1, 2, 3, 4, 5, 6, 7, 8], '<<^^'], 7, 5, 4, True], [[[0, 1, 2, 3, 4, 5, 6, 7, 8], 'v>^<v<^'], 19, 10, 7, True], [[[0, 1, 2, 3, 4, 5, 6, 7, 8], '^'], 3, 2, 1, True], [[[0, 1, 2, 3, 4, 5, 6, 7, 8], '^<<'], 6, 4, 3, True], [[[0, 1, 2, 3, 4, 5, 6, 7, 8], '^>^<'], 9, 5, 4, True], [[[0, 1, 2, 3, 4, 5, 6, 7, 8], 'v<<^>>v<<^'], 20, 11, 10, True], [[[0, 1, 2, 3, 4, 5, 6, 7, 8], 'v>^^<'], 11, 6, 5, True], [[[0, 1, 2, 3, 4, 5, 6, 7, 8], '>vv<^<v>^^<'], 26, 15, 11, True], [[[0, 1, 2, 3, 4, 5, 6, 7, 8], 'vv<^<^'], 12, 7, 6, True], [[[0, 1, 2, 3, 4, 5, 6, 7, 8], '^^'], 4, 3, 2, True], [[[0, 1, 2, 3, 4, 5, 6, 7, 8], 'v<<^>v<^'], 27, 14, 8, True], [[[0, 1, 2, 3, 4, 5, 6, 7, 8], '<<^^'], 7, 5, 4, True], [[[0, 1, 2, 3, 4, 5, 6, 7, 8], '^<<v>^<'], 14, 8, 7, True], [[[0, 1, 2, 3, 4, 5, 6, 7, 8], '<<^^'], 7, 5, 4, True], [[[0, 1, 2, 3, 4, 5, 6, 7, 8], 'v<^<'], 9, 5, 4, True], [[[0, 1, 2, 3, 4, 5, 6, 7, 8], 'vv>^<^>v<^'], 36, 19, 10, True], [[[0, 1, 2, 3, 4, 5, 6, 7, 8], '^^<<'], 7, 5, 4, True], [[[0, 1, 2, 3, 4, 5, 6, 7, 8], '^^>v<^'], 12, 7, 6, True], [[[0, 1, 2, 3, 4, 5, 6, 7, 8], '^>v<^<'], 15, 8, 6, True], [[[0, 1, 2, 3, 4, 5, 6, 7, 8], '<^<^'], 9, 5, 4, True], [[[0, 1, 2, 3, 4, 5, 6, 7, 8], '>v<<^'], 11, 6, 5, True], [[[0, 1, 2, 3, 4, 5, 6, 7, 8], '^^'], 4, 3, 2, True], [[[0, 1, 2, 3, 4, 5, 6, 7, 8], '^<v>^>^<<'], 25, 14, 9, True], [[[0, 1, 2, 3, 4, 5, 6, 7, 8], '>^<^<'], 11, 6, 5, True], [[[0, 1, 2, 3, 4, 5, 6, 7, 8], '^>^<'], 9, 5, 4, True], [[[0, 1, 2, 3, 4, 5, 6, 7, 8], '^^>v<<^'], 19, 10, 7, True], [[[0, 1, 2, 3, 4, 5, 6, 7, 8], 'vv<^^<'], 12, 7, 6, True], [[[0, 1, 2, 3, 4, 5, 6, 7, 8], '>v<v>^>v<<^^'], 78, 46, 12, True], [[[0, 1, 2, 3, 4, 5, 6, 7, 8], '>vv<^<^'], 14, 8, 7, True], [[[0, 1, 2, 3, 4, 5, 6, 7, 8], '<^>v<^'], 24, 12, 6, True], [[[0, 1, 2, 3, 4, 5, 6, 7, 8], 'v<<^^'], 9, 6, 5, True], [[[0, 1, 2, 3, 4, 5, 6, 7, 8], '^<^'], 8, 4, 3, True], [[[0, 1, 2, 3, 4, 5, 6, 7, 8], '<<^^'], 7, 5, 4, True], [[[0, 1, 2, 3, 4, 5, 6, 7, 8], 'v<^>^<<'], 18, 11, 7, True], [[[0, 1, 2, 3, 4, 5, 6, 7, 8], '>>^<vv<^^'], 26, 15, 9, True], [[[0, 1, 2, 3, 4, 5, 6, 7, 8], '^^<vv>>^<^<'], 34, 20, 11, True], [[[0, 1, 2, 3, 4, 5, 6, 7, 8], '<^>^<<'], 12, 7, 6, True], [[[0, 1, 2, 3, 4, 5, 6, 7, 8], '<^^'], 6, 4, 3, True], [[[0, 1, 2, 3, 4, 5, 6, 7, 8], '^>^<v>^>v<<^'], 76, 44, 12, True], [[[0, 1, 2, 3, 4, 5, 6, 7, 8], '<v>>^<v<^^'], 47, 28, 10, True], [[[0, 1, 2, 3, 4, 5, 6, 7, 8], '<<^^>>v<<^'], 18, 11, 10, True], [[[0, 1, 2, 3, 4, 5, 6, 7, 8], 'vv>^^<v>>v<^^<'], 88, 48, 14, True], [[[0, 1, 2, 3, 4, 5, 6, 7, 8], '^>vv<^^<'], 18, 10, 8, True], [[[0, 1, 2, 3, 4, 5, 6, 7, 8], ''], 0, 1, 0, True], [[[0, 1, 2, 3, 4, 5, 6, 7, 8], '>^>v<<v>>^^<<'], 108, 63, 13, True], [[[0, 1, 2, 3, 4, 5, 6, 7, 8], 'v>v<^^<'], 20, 11, 7, True], [[[0, 1, 2, 3, 4, 5, 6, 7, 8], '^<^>v<^'], 26, 13, 7, True], [[[0, 1, 2, 3, 4, 5, 6, 7, 8], '>>^<<^'], 12, 7, 6, True], [[[0, 1, 2, 3, 4, 5, 6, 7, 8], '<v<^'], 9, 5, 4, True], [[[0, 1, 2, 3, 4, 5, 6, 7, 8], '>^^<vv>^^<vv<^^'], 66, 39, 15, True], [[[0, 1, 2, 3, 4, 5, 6, 7, 8], '^^<'], 8, 4, 3, True], [[[0, 1, 2, 3, 4, 5, 6, 7, 8], '<<'], 4, 3, 2, True], [[[0, 1, 2, 3, 4, 5, 6, 7, 8], 'v<<^'], 9, 5, 4, True], [[[0, 1, 2, 3, 4, 5, 6, 7, 8], 'v>^<^'], 12, 7, 5, True], [[[0, 1, 2, 3, 4, 5, 6, 7, 8], '^^<'], 8, 4, 3, True], [[[0, 1, 2, 3, 4, 5, 6, 7, 8], '>^<vv<^^'], 23, 13, 8, True], [[[0, 1, 2, 3, 4, 5, 6, 7, 8], '>v<^<v>>^<<'], 51, 28, 11, True], [[[0, 1, 2, 3, 4, 5, 6, 7, 8], '>>vv<^<^'], 15, 9, 8, True], [[[0, 1, 2, 3, 4, 5, 6, 7, 8], 'v<v>^<^'], 17, 9, 7, True], [[[0, 1, 2, 3, 4, 5, 6, 7, 8], '<<v>^^<'], 19, 10, 7, True], [[[0, 1, 2, 3, 4, 5, 6, 7, 8], ''], 0, 1, 0, True], [[[0, 1, 2, 3, 4, 5, 6, 7, 8], '^<<'], 6, 4, 3, True], [[[0, 1, 2, 3, 4, 5, 6, 7, 8], 'v>>^^<vv<^^'], 40, 23, 11, True], [[[0, 1, 2, 3, 4, 5, 6, 7, 8], '^>^>vv<^<v>^>^<<'], 134, 78, 16, True], [[[0, 1, 2, 3, 4, 5, 6, 7, 8], '>^<v<^^'], 18, 11, 7, True], [[[0, 1, 2, 3, 4, 5, 6, 7, 8], ''], 0, 1, 0, True], [[[0, 1, 2, 3, 4, 5, 6, 7, 8], '^'], 3, 2, 1, True], [[[0, 1, 2, 3, 4, 5, 6, 7, 8], '^>>vv<<^^'], 15, 10, 9, True], [[[0, 1, 2, 3, 4, 5, 6, 7, 8], '^<^'], 8, 4, 3, True], [[[0, 1, 2, 3, 4, 5, 6, 7, 8], '>>^<<'], 11, 6, 5, True], [[[0, 1, 2, 3, 4, 5, 6, 7, 8], '^^>vv<^<^'], 19, 10, 9, True], [[[0, 1, 2, 3, 4, 5, 6, 7, 8], '<<^>^<'], 12, 7, 6, True], [[[0, 1, 2, 3, 4, 5, 6, 7, 8], '<^^'], 6, 4, 3, True], [[[0, 1, 2, 3, 4, 5, 6, 7, 8], '>>v<<^'], 12, 7, 6, True], [[[0, 1, 2, 3, 4, 5, 6, 7, 8], '^^<<'], 7, 5, 4, True], [[[0, 1, 2, 3, 4, 5, 6, 7, 8], '^^<'], 8, 4, 3, True], [[[0, 1, 2, 3, 4, 5, 6, 7, 8], '^>^<<'], 11, 6, 5, True], [[[0, 1, 2, 3, 4, 5, 6, 7, 8], '^>v>v<<^^'], 17, 10, 9, True], [[[0, 1, 2, 3, 4, 5, 6, 7, 8], '<^>^<<'], 12, 7, 6, True], [[[0, 1, 2, 3, 4, 5, 6, 7, 8], '>>v<^<'], 14, 8, 6, True], [[[0, 1, 2, 3, 4, 5, 6, 7, 8], 'v<^<^'], 11, 6, 5, True], [[[0, 1, 2, 3, 4, 5, 6, 7, 8], 'v>^>v<v<^^'], 31, 18, 10, True], [[[0, 1, 2, 3, 4, 5, 6, 7, 8], 'vv<^^<'], 12, 7, 6, True], [[[0, 1, 2, 3, 4, 5, 6, 7, 8], '<^>v<^'], 24, 12, 6, True], [[[0, 1, 2, 3, 4, 5, 6, 7, 8], '^'], 3, 2, 1, True], [[[0, 1, 2, 3, 4, 5, 6, 7, 8], '<<^>v<^^>v<^'], 51, 29, 12, True], [[[0, 1, 2, 3, 4, 5, 6, 7, 8], '>^^<<'], 9, 6, 5, True], [[[0, 1, 2, 3, 4, 5, 6, 7, 8], 'vv<<^^'], 10, 7, 6, True], [[[0, 1, 2, 3, 4, 5, 6, 7, 8], '<<^^'], 7, 5, 4, True], [[[0, 1, 2, 3, 4, 5, 6, 7, 8], 'v>^^<'], 11, 6, 5, True], [[[0, 1, 2, 3, 4, 5, 6, 7, 8], '^>v>^<<^'], 25, 14, 8, True], [[[0, 1, 2, 3, 4, 5, 6, 7, 8], 'v>^<'], 9, 5, 4, True], [[[0, 1, 2, 3, 4, 5, 6, 7, 8], '^^'], 4, 3, 2, True], [[[0, 1, 2, 3, 4, 5, 6, 7, 8], '<^<^>v<v>^<^'], 41, 23, 12, True], [[[0, 1, 2, 3, 4, 5, 6, 7, 8], '<^>v<<^'], 19, 10, 7, True], [[[0, 1, 2, 3, 4, 5, 6, 7, 8], '^^>v<^'], 12, 7, 6, True], [[[0, 1, 2, 3, 4, 5, 6, 7, 8], '>^<'], 8, 4, 3, True], [[[0, 1, 2, 3, 4, 5, 6, 7, 8], '^>^<'], 9, 5, 4, True], [[[0, 1, 2, 3, 4, 5, 6, 7, 8], '^<<^'], 9, 5, 4, True], [[[0, 1, 2, 3, 4, 5, 6, 7, 8], '^<^'], 8, 4, 3, True], [[[0, 1, 2, 3, 4, 5, 6, 7, 8], '^<v<^'], 11, 6, 5, True], [[[0, 1, 2, 3, 4, 5, 6, 7, 8], '<^^<'], 9, 5, 4, True], [[[0, 1, 2, 3, 4, 5, 6, 7, 8], '<<^'], 8, 4, 3, True], [[[0, 1, 2, 3, 4, 5, 6, 7, 8], '<^>v<^<^'], 33, 18, 8, True], [[[0, 1, 2, 3, 4, 5, 6, 7, 8], '^^<<'], 7, 5, 4, True], [[[0, 1, 2, 3, 4, 5, 6, 7, 8], '>^^>vv<^<^'], 20, 11, 10, True], [[[0, 1, 2, 3, 4, 5, 6, 7, 8], '^<^'], 8, 4, 3, True], [[[0, 1, 2, 3, 4, 5, 6, 7, 8], '<^<'], 8, 4, 3, True], [[[0, 1, 2, 3, 4, 5, 6, 7, 8], '^>>v<^<^'], 22, 12, 8, True], [[[0, 1, 2, 3, 4, 5, 6, 7, 8], '>v<^^'], 12, 7, 5, True], [[[0, 1, 2, 3, 4, 5, 6, 7, 8], 'v>^<v>v<^^'], 49, 28, 10, True], [[[0, 1, 2, 3, 4, 5, 6, 7, 8], '<v>^>v<<^'], 45, 24, 9, True], [[[0, 1, 2, 3, 4, 5, 6, 7, 8], '^^'], 4, 3, 2, True], [[[0, 1, 2, 3, 4, 5, 6, 7, 8], '>^>v<^<'], 17, 9, 7, True], [[[0, 1, 2, 3, 4, 5, 6, 7, 8], '>^<'], 8, 4, 3, True], [[[0, 1, 2, 3, 4, 5, 6, 7, 8], '<^^<vv>^^<'], 20, 11, 10, True], [[[0, 1, 2, 3, 4, 5, 6, 7, 8], 'v<<^'], 9, 5, 4, True], [[[0, 1, 2, 3, 4, 5, 6, 7, 8], '<<v>v>^^<<'], 18, 11, 10, True], [[[0, 1, 2, 3, 4, 5, 6, 7, 8], 'v>>^<v<^^'], 33, 18, 9, True], [[[0, 1, 2, 3, 4, 5, 6, 7, 8], '>^^<'], 9, 5, 4, True], [[[0, 1, 2, 3, 4, 5, 6, 7, 8], '^<v<^'], 11, 6, 5, True], [[[0, 1, 2, 3, 4, 5, 6, 7, 8], '<<v>^<'], 12, 7, 6, True], [[[0, 1, 2, 3, 4, 5, 6, 7, 8], 'v>>^<^<'], 14, 8, 7, True], [[[0, 1, 2, 3, 4, 5, 6, 7, 8], '<<^>v<^^'], 25, 15, 8, True], [[[0, 1, 2, 3, 4, 5, 6, 7, 8], '<^^'], 6, 4, 3, True], [[[0, 1, 2, 3, 4, 5, 6, 7, 8], '<^<'], 8, 4, 3, True], [[[0, 1, 2, 3, 4, 5, 6, 7, 8], '>^<^'], 9, 5, 4, True], [[[0, 1, 2, 3, 4, 5, 6, 7, 8], '>^<^<'], 11, 6, 5, True], [[[0, 1, 2, 3, 4, 5, 6, 7, 8], '>>v<v<^^'], 15, 9, 8, True], [[[0, 1, 2, 3, 4, 5, 6, 7, 8], '<v>^<'], 11, 6, 5, True], [[[0, 1, 2, 3, 4, 5, 6, 7, 8], 'v>>v<^^<'], 20, 11, 8, True], [[[0, 1, 2, 3, 4, 5, 6, 7, 8], '>>^<v>^^<v<^'], 51, 28, 12, True], [[[0, 1, 2, 3, 4, 5, 6, 7, 8], '^'], 3, 2, 1, True], [[[0, 1, 2, 3, 4, 5, 6, 7, 8], '<v<^^>v<v>^<^'], 64, 36, 13, True], [[[0, 1, 2, 3, 4, 5, 6, 7, 8], 'v<^^<'], 11, 6, 5, True], [[[0, 1, 2, 3, 4, 5, 6, 7, 8], '<v<^^'], 11, 6, 5, True], [[[0, 1, 2, 3, 4, 5, 6, 7, 8], '>v<v>^>^<<'], 31, 18, 10, True], [[[0, 1, 2, 3, 4, 5, 6, 7, 8], 'vv<^>^<'], 20, 11, 7, True], [[[0, 1, 2, 3, 4, 5, 6, 7, 8], 'v<^'], 8, 4, 3, True], [[[0, 1, 2, 3, 4, 5, 6, 7, 8], '^<'], 6, 3, 2, True], [[[0, 1, 2, 3, 4, 5, 6, 7, 8], 'vv<^>>v<<^^'], 41, 24, 11, True], [[[0, 1, 2, 3, 4, 5, 6, 7, 8], '^>v<^^>>v<<^'], 35, 21, 12, True], [[[0, 1, 2, 3, 4, 5, 6, 7, 8], '<^<^'], 9, 5, 4, True], [[[0, 1, 2, 3, 4, 5, 6, 7, 8], '^<<^'], 9, 5, 4, True], [[[0, 1, 2, 3, 4, 5, 6, 7, 8], '>^<<v>^<^'], 21, 12, 9, True], [[[0, 1, 2, 3, 4, 5, 6, 7, 8], 'v>^^<'], 11, 6, 5, True], [[[0, 1, 2, 3, 4, 5, 6, 7, 8], '<v>^^<v<^'], 22, 12, 9, True], [[[0, 1, 2, 3, 4, 5, 6, 7, 8], '^<<^>v<^'], 27, 14, 8, True], [[[0, 1, 2, 3, 4, 5, 6, 7, 8], '>^<^'], 9, 5, 4, True], [[[0, 1, 2, 3, 4, 5, 6, 7, 8], '^^>v<^<'], 17, 9, 7, True], [[[0, 1, 2, 3, 4, 5, 6, 7, 8], 'v>^<<^'], 17, 9, 6, True], [[[0, 1, 2, 3, 4, 5, 6, 7, 8], '<<'], 4, 3, 2, True], [[[0, 1, 2, 3, 4, 5, 6, 7, 8], '<^<^'], 9, 5, 4, True], [[[0, 1, 2, 3, 4, 5, 6, 7, 8], '^'], 3, 2, 1, True], [[[0, 1, 2, 3, 4, 5, 6, 7, 8], '<^<^'], 9, 5, 4, True], [[[0, 1, 2, 3, 4, 5, 6, 7, 8], '^>>v<^<^'], 22, 12, 8, True], [[[0, 1, 2, 3, 4, 5, 6, 7, 8], '<<v>^<'], 12, 7, 6, True], [[[0, 1, 2, 3, 4, 5, 6, 7, 8], 'v<<^'], 9, 5, 4, True], [[[0, 1, 2, 3, 4, 5, 6, 7, 8], '>v>^<v<^^'], 24, 14, 9, True], [[[0, 1, 2, 3, 4, 5, 6, 7, 8], '<vv>^^<'], 14, 8, 7, True], [[[0, 1, 2, 3, 4, 5, 6, 7, 8], '>>^<<'], 11, 6, 5, True], [[[0, 1, 2, 3, 4, 5, 6, 7, 8], '^<<v>^<'], 14, 8, 7, True], [[[0, 1, 2, 3, 4, 5, 6, 7, 8], '<^<'], 8, 4, 3, True], [[[0, 1, 2, 3, 4, 5, 6, 7, 8], '^^<<'], 7, 5, 4, True], [[[0, 1, 2, 3, 4, 5, 6, 7, 8], '^<^>v<v<^^>v<^'], 52, 29, 14, True], [[[0, 1, 2, 3, 4, 5, 6, 7, 8], '<'], 3, 2, 1, True], [[[0, 1, 2, 3, 4, 5, 6, 7, 8], '^>v<^'], 11, 6, 5, True], [[[0, 1, 2, 3, 4, 5, 6, 7, 8], '^^>>v<^<'], 20, 11, 8, True], [[[0, 1, 2, 3, 4, 5, 6, 7, 8], '<<v>^>vv<^<^'], 83, 49, 12, True], [[[0, 1, 2, 3, 4, 5, 6, 7, 8], ''], 0, 1, 0, True], [[[0, 1, 2, 3, 4, 5, 6, 7, 8], 'v<^'], 8, 4, 3, True], [[[0, 1, 2, 3, 4, 5, 6, 7, 8], '<<'], 4, 3, 2, True], [[[0, 1, 2, 3, 4, 5, 6, 7, 8], 'v>^<'], 9, 5, 4, True], [[[0, 1, 2, 3, 4, 5, 6, 7, 8], '<^'], 6, 3, 2, True], [[[0, 1, 2, 3, 4, 5, 6, 7, 8], 'v<v>^<^'], 17, 9, 7, True], [[[0, 1, 2, 3, 4, 5, 6, 7, 8], '<^^<'], 9, 5, 4, True], [[[0, 1, 2, 3, 4, 5, 6, 7, 8], '^^<<'], 7, 5, 4, True], [[[0, 1, 2, 3, 4, 5, 6, 7, 8], '>>v<<^'], 12, 7, 6, True], [[[0, 1, 2, 3, 4, 5, 6, 7, 8], '<v>^<'], 11, 6, 5, True], [[[0, 1, 2, 3, 4, 5, 6, 7, 8], 'v>v<^^'], 14, 8, 6, True], [[[0, 1, 2, 3, 4, 5, 6, 7, 8], '<'], 3, 2, 1, True], [[[0, 1, 2, 3, 4, 5, 6, 7, 8], 'v>^^<'], 11, 6, 5, True], [[[0, 1, 2, 3, 4, 5, 6, 7, 8], 'v>^<<'], 12, 7, 5, True], [[[0, 1, 2, 3, 4, 5, 6, 7, 8], '>>v<<^'], 12, 7, 6, True], [[[0, 1, 2, 3, 4, 5, 6, 7, 8], '>v<^<'], 12, 7, 5, True], [[[0, 1, 2, 3, 4, 5, 6, 7, 8], '>v<<^'], 11, 6, 5, True], [[[0, 1, 2, 3, 4, 5, 6, 7, 8], 'vv>^>^<<'], 15, 9, 8, True], [[[0, 1, 2, 3, 4, 5, 6, 7, 8], 'v>^<<'], 12, 7, 5, True], [[[0, 1, 2, 3, 4, 5, 6, 7, 8], '<^'], 6, 3, 2, True], [[[0, 1, 2, 3, 4, 5, 6, 7, 8], 'vv<^>^<<'], 23, 13, 8, True], [[[0, 1, 2, 3, 4, 5, 6, 7, 8], '<^'], 6, 3, 2, True], [[[0, 1, 2, 3, 4, 5, 6, 7, 8], 'v<^^'], 9, 5, 4, True], [[[0, 1, 2, 3, 4, 5, 6, 7, 8], '^^<v<^'], 12, 7, 6, True], [[[0, 1, 2, 3, 4, 5, 6, 7, 8], '>v>^^<<'], 14, 8, 7, True], [[[0, 1, 2, 3, 4, 5, 6, 7, 8], '<^>v<^^<'], 31, 17, 8, True], [[[0, 1, 2, 3, 4, 5, 6, 7, 8], '^<<'], 6, 4, 3, True], [[[0, 1, 2, 3, 4, 5, 6, 7, 8], '>^<v<^'], 17, 9, 6, True], [[[0, 1, 2, 3, 4, 5, 6, 7, 8], '>^^>v<^<'], 18, 10, 8, True], [[[0, 1, 2, 3, 4, 5, 6, 7, 8], 'vv<^^<'], 12, 7, 6, True], [[[0, 1, 2, 3, 4, 5, 6, 7, 8], '<v>^<<'], 13, 8, 6, True], [[[0, 1, 2, 3, 4, 5, 6, 7, 8], '>^<v<^'], 17, 9, 6, True], [[[0, 1, 2, 3, 4, 5, 6, 7, 8], 'v>>^<^<'], 14, 8, 7, True], [[[0, 1, 2, 3, 4, 5, 6, 7, 8], 'v<v<^^'], 12, 7, 6, True], [[[0, 1, 2, 3, 4, 5, 6, 7, 8], '>v<^^<'], 17, 9, 6, True], [[[0, 1, 2, 3, 4, 5, 6, 7, 8], 'v>^<<'], 12, 7, 5, True], [[[0, 1, 2, 3, 4, 5, 6, 7, 8], '<^<v>^^<v>v<^^'], 136, 79, 14, True], [[[0, 1, 2, 3, 4, 5, 6, 7, 8], '^^<'], 8, 4, 3, True], [[[0, 1, 2, 3, 4, 5, 6, 7, 8], 'vv>>^<^<'], 15, 9, 8, True], [[[0, 1, 2, 3, 4, 5, 6, 7, 8], 'v>^<^<'], 17, 9, 6, True], [[[0, 1, 2, 3, 4, 5, 6, 7, 8], '^>vv>^^<v<v>^<^'], 33, 19, 15, True], [[[0, 1, 2, 3, 4, 5, 6, 7, 8], '^>^<'], 9, 5, 4, True], [[[0, 1, 2, 3, 4, 5, 6, 7, 8], '^>>v<^<^'], 22, 12, 8, True], [[[0, 1, 2, 3, 4, 5, 6, 7, 8], '<^'], 6, 3, 2, True], [[[0, 1, 2, 3, 4, 5, 6, 7, 8], 'v<^>vv<^^<'], 39, 23, 10, True], [[[0, 1, 2, 3, 4, 5, 6, 7, 8], 'v>v<^^'], 14, 8, 6, True], [[[0, 1, 2, 3, 4, 5, 6, 7, 8], '<v<^'], 9, 5, 4, True], [[[0, 1, 2, 3, 4, 5, 6, 7, 8], '^^<v<^'], 12, 7, 6, True], [[[0, 1, 2, 3, 4, 5, 6, 7, 8], '^<vv<^^'], 14, 8, 7, True], [[[0, 1, 2, 3, 4, 5, 6, 7, 8], 'vv>^<^>v<<^'], 34, 19, 11, True], [[[0, 1, 2, 3, 4, 5, 6, 7, 8], 'v<^<'], 9, 5, 4, True], [[[0, 1, 2, 3, 4, 5, 6, 7, 8], '<v<v>^^<'], 25, 14, 8, True], [[[0, 1, 2, 3, 4, 5, 6, 7, 8], '<vv<^>>^<<'], 27, 16, 10, True], [[[0, 1, 2, 3, 4, 5, 6, 7, 8], 'v<v>^^<v<^'], 29, 16, 10, True], [[[0, 1, 2, 3, 4, 5, 6, 7, 8], '^>v<^^<'], 19, 10, 7, True], [[[0, 1, 2, 3, 4, 5, 6, 7, 8], '<^>v<^^'], 24, 14, 7, True], [[[0, 1, 2, 3, 4, 5, 6, 7, 8], '>^^<'], 9, 5, 4, True], [[[0, 1, 2, 3, 4, 5, 6, 7, 8], '^^<vv>^<v<^^'], 33, 20, 12, True], [[[0, 1, 2, 3, 4, 5, 6, 7, 8], '<^<^'], 9, 5, 4, True], [[[0, 1, 2, 3, 4, 5, 6, 7, 8], '<^>>^<v<^'], 37, 20, 9, True], [[[0, 1, 2, 3, 4, 5, 6, 7, 8], 'v>>^<<'], 12, 7, 6, True], [[[0, 1, 2, 3, 4, 5, 6, 7, 8], '^'], 3, 2, 1, True], [[[0, 1, 2, 3, 4, 5, 6, 7, 8], '<<'], 4, 3, 2, True], [[[0, 1, 2, 3, 4, 5, 6, 7, 8], '<v<^^'], 11, 6, 5, True], [[[0, 1, 2, 3, 4, 5, 6, 7, 8], 'v<<^>>v<^<'], 28, 16, 10, True], [[[0, 1, 2, 3, 4, 5, 6, 7, 8], '>^<'], 8, 4, 3, True], [[[0, 1, 2, 3, 4, 5, 6, 7, 8], '^>>v<^<^'], 22, 12, 8, True], [[[0, 1, 2, 3, 4, 5, 6, 7, 8], '<<^>^<'], 12, 7, 6, True], [[[0, 1, 2, 3, 4, 5, 6, 7, 8], '<v<v>^^<'], 25, 14, 8, True], [[[0, 1, 2, 3, 4, 5, 6, 7, 8], '<v<^^'], 11, 6, 5, True], [[[0, 1, 2, 3, 4, 5, 6, 7, 8], '<^>v>^<v<^^'], 45, 26, 11, True], [[[0, 1, 2, 3, 4, 5, 6, 7, 8], '>^^<'], 9, 5, 4, True], [[[0, 1, 2, 3, 4, 5, 6, 7, 8], '^<^'], 8, 4, 3, True], [[[0, 1, 2, 3, 4, 5, 6, 7, 8], '^<^>vv<^^'], 28, 16, 9, True], [[[0, 1, 2, 3, 4, 5, 6, 7, 8], '>^<'], 8, 4, 3, True], [[[0, 1, 2, 3, 4, 5, 6, 7, 8], '>^<v<^'], 17, 9, 6, True], [[[0, 1, 2, 3, 4, 5, 6, 7, 8], '^^'], 4, 3, 2, True], [[[0, 1, 2, 3, 4, 5, 6, 7, 8], '<^>>v<^^<'], 22, 12, 9, True], [[[0, 1, 2, 3, 4, 5, 6, 7, 8], '<v>^<<'], 13, 8, 6, True], [[[0, 1, 2, 3, 4, 5, 6, 7, 8], 'v>^<<'], 12, 7, 5, True], [[[0, 1, 2, 3, 4, 5, 6, 7, 8], '^^>vv<^<^'], 19, 10, 9, True], [[[0, 1, 2, 3, 4, 5, 6, 7, 8], '>^<'], 8, 4, 3, True], [[[0, 1, 2, 3, 4, 5, 6, 7, 8], 'v<^<'], 9, 5, 4, True], [[[0, 1, 2, 3, 4, 5, 6, 7, 8], 'v<^^'], 9, 5, 4, True], [[[0, 1, 2, 3, 4, 5, 6, 7, 8], 'vv>^^<<'], 15, 9, 7, True], [[[0, 1, 2, 3, 4, 5, 6, 7, 8], '>v<^<'], 12, 7, 5, True], [[[0, 1, 2, 3, 4, 5, 6, 7, 8], 'v<^<^'], 11, 6, 5, True], [[[0, 1, 2, 3, 4, 5, 6, 7, 8], '^^<<v>^<'], 15, 9, 8, True], [[[0, 1, 2, 3, 4, 5, 6, 7, 8], '>vv<^<^'], 14, 8, 7, True], [[[0, 1, 2, 3, 4, 5, 6, 7, 8], 'v>^>^<<'], 14, 8, 7, True], [[[0, 1, 2, 3, 4, 5, 6, 7, 8], '^>v>^^<<'], 15, 9, 8, True], [[[0, 1, 2, 3, 4, 5, 6, 7, 8], '>^<vv>^<^'], 34, 19, 9, True], [[[0, 1, 2, 3, 4, 5, 6, 7, 8], '<^>^<<'], 12, 7, 6, True], [[[0, 1, 2, 3, 4, 5, 6, 7, 8], 'v>v<^>^<<'], 24, 14, 9, True], [[[0, 1, 2, 3, 4, 5, 6, 7, 8], '<v>^<^'], 15, 8, 6, True], [[[0, 1, 2, 3, 4, 5, 6, 7, 8], '<'], 3, 2, 1, True], [[[0, 1, 2, 3, 4, 5, 6, 7, 8], '^>v<^^>vv<^^'], 50, 28, 12, True], [[[0, 1, 2, 3, 4, 5, 6, 7, 8], '<^^'], 6, 4, 3, True], [[[0, 1, 2, 3, 4, 5, 6, 7, 8], '^^<v>^<<'], 30, 17, 8, True], [[[0, 1, 2, 3, 4, 5, 6, 7, 8], '<v>>^^<<'], 15, 9, 8, True], [[[0, 1, 2, 3, 4, 5, 6, 7, 8], 'v>v>^<<v>>^<<^'], 79, 45, 14, True], [[[0, 1, 2, 3, 4, 5, 6, 7, 8], '^^<<'], 7, 5, 4, True], [[[0, 1, 2, 3, 4, 5, 6, 7, 8], '<<^'], 8, 4, 3, True], [[[0, 1, 2, 3, 4, 5, 6, 7, 8], '<^<'], 8, 4, 3, True], [[[0, 1, 2, 3, 4, 5, 6, 7, 8], '>vv<<^>v>^<^<'], 62, 35, 13, True], [[[0, 1, 2, 3, 4, 5, 6, 7, 8], 'v<^<^'], 11, 6, 5, True], [[[0, 1, 2, 3, 4, 5, 6, 7, 8], '>^>v<^<'], 17, 9, 7, True], [[[0, 1, 2, 3, 4, 5, 6, 7, 8], '>^>vv<^<^'], 28, 16, 9, True], [[[0, 1, 2, 3, 4, 5, 6, 7, 8], '<^^>vv<^<^'], 20, 11, 10, True], [[[0, 1, 2, 3, 4, 5, 6, 7, 8], 'v<^^<'], 11, 6, 5, True], [[[0, 1, 2, 3, 4, 5, 6, 7, 8], '>^<<v>>^<<^'], 24, 14, 11, True], [[[0, 1, 2, 3, 4, 5, 6, 7, 8], '^<^>>vv<<^^'], 21, 13, 11, True], [[[0, 1, 2, 3, 4, 5, 6, 7, 8], '^<^'], 8, 4, 3, True], [[[0, 1, 2, 3, 4, 5, 6, 7, 8], '<^>^<'], 11, 6, 5, True], [[[0, 1, 2, 3, 4, 5, 6, 7, 8], 'v>v<<^^'], 14, 8, 7, True], [[[0, 1, 2, 3, 4, 5, 6, 7, 8], '>^<'], 8, 4, 3, True], [[[0, 1, 2, 3, 4, 5, 6, 7, 8], '<^>v<<^'], 19, 10, 7, True], [[[0, 1, 2, 3, 4, 5, 6, 7, 8], '<^>v<<^'], 19, 10, 7, True], [[[0, 1, 2, 3, 4, 5, 6, 7, 8], '>^>vv<^^<v>v<^^'], 120, 71, 15, True], [[[0, 1, 2, 3, 4, 5, 6, 7, 8], '^<vv>^<^<'], 26, 14, 9, True], [[[0, 1, 2, 3, 4, 5, 6, 7, 8], 'v>^<'], 9, 5, 4, True], [[[0, 1, 2, 3, 4, 5, 6, 7, 8], '<'], 3, 2, 1, True], [[[0, 1, 2, 3, 4, 5, 6, 7, 8], '^^>v<<^'], 19, 10, 7, True], [[[0, 1, 2, 3, 4, 5, 6, 7, 8], '<^>v>^<<^'], 32, 17, 9, True], [[[0, 1, 2, 3, 4, 5, 6, 7, 8], 'v<^<'], 9, 5, 4, True], [[[0, 1, 2, 3, 4, 5, 6, 7, 8], 'v<^^'], 9, 5, 4, True], [[[0, 1, 2, 3, 4, 5, 6, 7, 8], '<v>^<<'], 13, 8, 6, True], [[[0, 1, 2, 3, 4, 5, 6, 7, 8], '^^>vv>^^<<'], 32, 19, 10, True], [[[0, 1, 2, 3, 4, 5, 6, 7, 8], '>>^<<'], 11, 6, 5, True], [[[0, 1, 2, 3, 4, 5, 6, 7, 8], '>v<^^'], 12, 7, 5, True], [[[0, 1, 2, 3, 4, 5, 6, 7, 8], '^>v<v>^^<'], 45, 24, 9, True], [[[0, 1, 2, 3, 4, 5, 6, 7, 8], ''], 0, 1, 0, True], [[[0, 1, 2, 3, 4, 5, 6, 7, 8], '^>v<^^'], 13, 8, 6, True], [[[0, 1, 2, 3, 4, 5, 6, 7, 8], '<<^^>>v<<^'], 18, 11, 10, True], [[[0, 1, 2, 3, 4, 5, 6, 7, 8], 'v<^^'], 9, 5, 4, True], [[[0, 1, 2, 3, 4, 5, 6, 7, 8], '^<<v>>^<<'], 17, 10, 9, True], [[[0, 1, 2, 3, 4, 5, 6, 7, 8], '^<v>^^<'], 19, 10, 7, True], [[[0, 1, 2, 3, 4, 5, 6, 7, 8], '>^<^'], 9, 5, 4, True], [[[0, 1, 2, 3, 4, 5, 6, 7, 8], '>^^<'], 9, 5, 4, True], [[[0, 1, 2, 3, 4, 5, 6, 7, 8], '<<v>^<'], 12, 7, 6, True], [[[0, 1, 2, 3, 4, 5, 6, 7, 8], 'v>^<'], 9, 5, 4, True], [[[0, 1, 2, 3, 4, 5, 6, 7, 8], 'v>^<vv>^>^<<'], 40, 23, 12, True], [[[0, 1, 2, 3, 4, 5, 6, 7, 8], '^<^<'], 9, 5, 4, True], [[[0, 1, 2, 3, 4, 5, 6, 7, 8], '^>vv<^^'], 14, 8, 7, True], [[[0, 1, 2, 3, 4, 5, 6, 7, 8], '<v>^<<'], 13, 8, 6, True], [[[0, 1, 2, 3, 4, 5, 6, 7, 8], '^<<^'], 9, 5, 4, True], [[[0, 1, 2, 3, 4, 5, 6, 7, 8], '>v<<^'], 11, 6, 5, True], [[[0, 1, 2, 3, 4, 5, 6, 7, 8], '^>>v<^<'], 18, 10, 7, True], [[[0, 1, 2, 3, 4, 5, 6, 7, 8], '^>>v<^<^'], 22, 12, 8, True], [[[0, 1, 2, 3, 4, 5, 6, 7, 8], '>^^<v>v<^<^'], 42, 24, 11, True], [[[0, 1, 2, 3, 4, 5, 6, 7, 8], 'vv<^^>>v<<^'], 32, 18, 11, True], [[[0, 1, 2, 3, 4, 5, 6, 7, 8], '>>^<v<^^>>v<<^'], 63, 38, 14, True], [[[0, 1, 2, 3, 4, 5, 6, 7, 8], '<<'], 4, 3, 2, True], [[[0, 1, 2, 3, 4, 5, 6, 7, 8], '>>^^<<'], 10, 7, 6, True], [[[0, 1, 2, 3, 4, 5, 6, 7, 8], '>^^>v<<^'], 20, 11, 8, True], [[[0, 1, 2, 3, 4, 5, 6, 7, 8], '<<'], 4, 3, 2, True], [[[0, 1, 2, 3, 4, 5, 6, 7, 8], '>vv<<^^'], 12, 8, 7, True], [[[0, 1, 2, 3, 4, 5, 6, 7, 8], '<^<^'], 9, 5, 4, True], [[[0, 1, 2, 3, 4, 5, 6, 7, 8], 'v<<^>v<^'], 27, 14, 8, True], [[[0, 1, 2, 3, 4, 5, 6, 7, 8], '<<^>v<^^'], 25, 15, 8, True], [[[0, 1, 2, 3, 4, 5, 6, 7, 8], '>v<<^'], 11, 6, 5, True], [[[0, 1, 2, 3, 4, 5, 6, 7, 8], 'v<<^>^<'], 14, 8, 7, True], [[[0, 1, 2, 3, 4, 5, 6, 7, 8], '^'], 3, 2, 1, True], [[[0, 1, 2, 3, 4, 5, 6, 7, 8], '>v<^'], 9, 5, 4, True], [[[0, 1, 2, 3, 4, 5, 6, 7, 8], '^<v>v<^>^<'], 39, 21, 10, True], [[[0, 1, 2, 3, 4, 5, 6, 7, 8], '^^<v<^'], 12, 7, 6, True], [[[0, 1, 2, 3, 4, 5, 6, 7, 8], 'v<^^<'], 11, 6, 5, True], [[[0, 1, 2, 3, 4, 5, 6, 7, 8], '<^>v<^^'], 24, 14, 7, True], [[[0, 1, 2, 3, 4, 5, 6, 7, 8], '^'], 3, 2, 1, True], [[[0, 1, 2, 3, 4, 5, 6, 7, 8], '<'], 3, 2, 1, True], [[[0, 1, 2, 3, 4, 5, 6, 7, 8], 'v<^^'], 9, 5, 4, True], [[[0, 1, 2, 3, 4, 5, 6, 7, 8], '<<^'], 8, 4, 3, True], [[[0, 1, 2, 3, 4, 5, 6, 7, 8], 'v<^<'], 9, 5, 4, True], [[[0, 1, 2, 3, 4, 5, 6, 7, 8], '<v>^^<v<^'], 22, 12, 9, True], [[[0, 1, 2, 3, 4, 5, 6, 7, 8], '<^>vv<<^>^<'], 30, 18, 11, True], [[[0, 1, 2, 3, 4, 5, 6, 7, 8], '<<'], 4, 3, 2, True], [[[0, 1, 2, 3, 4, 5, 6, 7, 8], '>^<<^'], 11, 6, 5, True], [[[0, 1, 2, 3, 4, 5, 6, 7, 8], '<^>v<^^'], 24, 14, 7, True], [[[0, 1, 2, 3, 4, 5, 6, 7, 8], '<'], 3, 2, 1, True], [[[0, 1, 2, 3, 4, 5, 6, 7, 8], '<<v>^^<'], 19, 10, 7, True], [[[0, 1, 2, 3, 4, 5, 6, 7, 8], '^>^>vv<<^^'], 19, 12, 10, True], [[[0, 1, 2, 3, 4, 5, 6, 7, 8], '^<^>v<<^>v<^'], 52, 28, 12, True], [[[0, 1, 2, 3, 4, 5, 6, 7, 8], '^<v>^^<vv<^^'], 51, 31, 12, True], [[[0, 1, 2, 3, 4, 5, 6, 7, 8], '^<'], 6, 3, 2, True], [[[0, 1, 2, 3, 4, 5, 6, 7, 8], '^<^<'], 9, 5, 4, True], [[[0, 1, 2, 3, 4, 5, 6, 7, 8], ''], 0, 1, 0, True], [[[0, 1, 2, 3, 4, 5, 6, 7, 8], 'vv>^>v<^^<'], 23, 13, 10, True], [[[0, 1, 2, 3, 4, 5, 6, 7, 8], 'v>^<'], 9, 5, 4, True], [[[0, 1, 2, 3, 4, 5, 6, 7, 8], '<^>v<<^'], 19, 10, 7, True], [[[0, 1, 2, 3, 4, 5, 6, 7, 8], '^<v<^'], 11, 6, 5, True], [[[0, 1, 2, 3, 4, 5, 6, 7, 8], '>v>^<<vv>>^<^<'], 63, 39, 14, True], [[[0, 1, 2, 3, 4, 5, 6, 7, 8], 'v<^^<'], 11, 6, 5, True], [[[0, 1, 2, 3, 4, 5, 6, 7, 8], '^^<<'], 7, 5, 4, True], [[[0, 1, 2, 3, 4, 5, 6, 7, 8], 'v<^<^'], 11, 6, 5, True], [[[0, 1, 2, 3, 4, 5, 6, 7, 8], '<^^<'], 9, 5, 4, True], [[[0, 1, 2, 3, 4, 5, 6, 7, 8], '^<<^'], 9, 5, 4, True], [[[0, 1, 2, 3, 4, 5, 6, 7, 8], 'v<<^'], 9, 5, 4, True], [[[0, 1, 2, 3, 4, 5, 6, 7, 8], '^^<'], 8, 4, 3, True], [[[0, 1, 2, 3, 4, 5, 6, 7, 8], '^^>v<v>^<<^'], 34, 19, 11, True], [[[0, 1, 2, 3, 4, 5, 6, 7, 8], 'v>v<^<^'], 19, 10, 7, True], [[[0, 1, 2, 3, 4, 5, 6, 7, 8], '>v<^'], 9, 5, 4, True], [[[0, 1, 2, 3, 4, 5, 6, 7, 8], 'v>^<^'], 12, 7, 5, True], [[[0, 1, 2, 3, 4, 5, 6, 7, 8], '<^^'], 6, 4, 3, True], [[[0, 1, 2, 3, 4, 5, 6, 7, 8], '<^'], 6, 3, 2, True], [[[0, 1, 2, 3, 4, 5, 6, 7, 8], '>>v<^<'], 14, 8, 6, True], [[[0, 1, 2, 3, 4, 5, 6, 7, 8], '^^'], 4, 3, 2, True], [[[0, 1, 2, 3, 4, 5, 6, 7, 8], '^^'], 4, 3, 2, True], [[[0, 1, 2, 3, 4, 5, 6, 7, 8], '>>v<v>^<^<'], 25, 14, 10, True], [[[0, 1, 2, 3, 4, 5, 6, 7, 8], '>^<^<'], 11, 6, 5, True], [[[0, 1, 2, 3, 4, 5, 6, 7, 8], '>>v<<^^'], 15, 9, 7, True], [[[0, 1, 2, 3, 4, 5, 6, 7, 8], '<^>^<<'], 12, 7, 6, True], [[[0, 1, 2, 3, 4, 5, 6, 7, 8], 'v>^^<'], 11, 6, 5, True], [[[0, 1, 2, 3, 4, 5, 6, 7, 8], '>^<^'], 9, 5, 4, True], [[[0, 1, 2, 3, 4, 5, 6, 7, 8], '^^>>vv<^^<'], 23, 13, 10, True], [[[0, 1, 2, 3, 4, 5, 6, 7, 8], '<^>>v<^^<'], 22, 12, 9, True], [[[0, 1, 2, 3, 4, 5, 6, 7, 8], '<<^^'], 7, 5, 4, True], [[[0, 1, 2, 3, 4, 5, 6, 7, 8], '^>v<^^<'], 19, 10, 7, True], [[[0, 1, 2, 3, 4, 5, 6, 7, 8], '<<^^'], 7, 5, 4, True], [[[0, 1, 2, 3, 4, 5, 6, 7, 8], '>^<v<^^'], 18, 11, 7, True], [[[0, 1, 2, 3, 4, 5, 6, 7, 8], '<<^'], 8, 4, 3, True], [[[0, 1, 2, 3, 4, 5, 6, 7, 8], '<<^>vv<^^'], 24, 13, 9, True], [[[0, 1, 2, 3, 4, 5, 6, 7, 8], 'v<v<^^>>v<^<'], 41, 23, 12, True], [[[0, 1, 2, 3, 4, 5, 6, 7, 8], '<<^^'], 7, 5, 4, True], [[[0, 1, 2, 3, 4, 5, 6, 7, 8], '<^>^<v<^'], 20, 11, 8, True], [[[0, 1, 2, 3, 4, 5, 6, 7, 8], '<^>^<'], 11, 6, 5, True], [[[0, 1, 2, 3, 4, 5, 6, 7, 8], '<^'], 6, 3, 2, True], [[[0, 1, 2, 3, 4, 5, 6, 7, 8], '^'], 3, 2, 1, True], [[[0, 1, 2, 3, 4, 5, 6, 7, 8], '<^^>>vv<<^^'], 18, 12, 11, True], [[[0, 1, 2, 3, 4, 5, 6, 7, 8], '<'], 3, 2, 1, True], [[[0, 1, 2, 3, 4, 5, 6, 7, 8], '^>>v<^^<'], 20, 11, 8, True], [[[0, 1, 2, 3, 4, 5, 6, 7, 8], '^'], 3, 2, 1, True], [[[0, 1, 2, 3, 4, 5, 6, 7, 8], '<<v>>^<<'], 15, 9, 8, True], [[[0, 1, 2, 3, 4, 5, 6, 7, 8], '>vv>^^<<'], 17, 10, 8, True], [[[0, 1, 2, 3, 4, 5, 6, 7, 8], '^<v<^'], 11, 6, 5, True], [[[0, 1, 2, 3, 4, 5, 6, 7, 8], '<<^^>v>^<<'], 33, 19, 10, True], [[[0, 1, 2, 3, 4, 5, 6, 7, 8], '<^>>v<<^'], 17, 9, 8, True], [[[0, 1, 2, 3, 4, 5, 6, 7, 8], '>>v<^<'], 14, 8, 6, True], [[[0, 1, 2, 3, 4, 5, 6, 7, 8], 'v>^<'], 9, 5, 4, True], [[[0, 1, 2, 3, 4, 5, 6, 7, 8], '<v>v<^^'], 21, 12, 7, True], [[[0, 1, 2, 3, 4, 5, 6, 7, 8], '^>>v<v<^^'], 17, 10, 9, True], [[[0, 1, 2, 3, 4, 5, 6, 7, 8], '>>^<<^'], 12, 7, 6, True], [[[0, 1, 2, 3, 4, 5, 6, 7, 8], '^<<'], 6, 4, 3, True], [[[0, 1, 2, 3, 4, 5, 6, 7, 8], 'v>>v<<^^'], 17, 10, 8, True], [[[0, 1, 2, 3, 4, 5, 6, 7, 8], '^^>v<^<'], 17, 9, 7, True], [[[0, 1, 2, 3, 4, 5, 6, 7, 8], '^>v<<^^'], 18, 11, 7, True], [[[0, 1, 2, 3, 4, 5, 6, 7, 8], '^<^>v<v>^<^'], 40, 22, 11, True], [[[0, 1, 2, 3, 4, 5, 6, 7, 8], '^>^<v<^'], 19, 10, 7, True], [[[0, 1, 2, 3, 4, 5, 6, 7, 8], '<v>>^<<^'], 18, 10, 8, True], [[[0, 1, 2, 3, 4, 5, 6, 7, 8], '^<<'], 6, 4, 3, True], [[[0, 1, 2, 3, 4, 5, 6, 7, 8], '<'], 3, 2, 1, True], [[[0, 1, 2, 3, 4, 5, 6, 7, 8], 'v<<^>vv<^^'], 25, 14, 10, True], [[[0, 1, 2, 3, 4, 5, 6, 7, 8], '^^<<v>^<'], 15, 9, 8, True], [[[0, 1, 2, 3, 4, 5, 6, 7, 8], '<^>^<<'], 12, 7, 6, True], [[[0, 1, 2, 3, 4, 5, 6, 7, 8], '^<^'], 8, 4, 3, True], [[[0, 1, 2, 3, 4, 5, 6, 7, 8], '<<'], 4, 3, 2, True], [[[0, 1, 2, 3, 4, 5, 6, 7, 8], '>v>v<^^<'], 32, 17, 8, True], [[[0, 1, 2, 3, 4, 5, 6, 7, 8], '<<^^'], 7, 5, 4, True], [[[0, 1, 2, 3, 4, 5, 6, 7, 8], '^<^>v<^'], 26, 13, 7, True], [[[0, 1, 2, 3, 4, 5, 6, 7, 8], ''], 0, 1, 0, True], [[[0, 1, 2, 3, 4, 5, 6, 7, 8], '^^'], 4, 3, 2, True], [[[0, 1, 2, 3, 4, 5, 6, 7, 8], '^<v>^>^<<'], 25, 14, 9, True], [[[0, 1, 2, 3, 4, 5, 6, 7, 8], '<v>^^<<'], 18, 11, 7, True], [[[0, 1, 2, 3, 4, 5, 6, 7, 8], 'v>>v<^^<'], 20, 11, 8, True], [[[0, 1, 2, 3, 4, 5, 6, 7, 8], 'vv>^^<<v>v<^^'], 49, 29, 13, True], [[[0, 1, 2, 3, 4, 5, 6, 7, 8], '>v<<^'], 11, 6, 5, True], [[[0, 1, 2, 3, 4, 5, 6, 7, 8], '^<<'], 6, 4, 3, True], [[[0, 1, 2, 3, 4, 5, 6, 7, 8], '>>^<<'], 11, 6, 5, True], [[[0, 1, 2, 3, 4, 5, 6, 7, 8], 'v>^<^<'], 17, 9, 6, True], [[[0, 1, 2, 3, 4, 5, 6, 7, 8], 'vv<^^<'], 12, 7, 6, True], [[[0, 1, 2, 3, 4, 5, 6, 7, 8], 'vv<^>v<<^^'], 36, 21, 10, True], [[[0, 1, 2, 3, 4, 5, 6, 7, 8], '<^^'], 6, 4, 3, True], [[[0, 1, 2, 3, 4, 5, 6, 7, 8], '^>^>vv<<^^'], 19, 12, 10, True], [[[0, 1, 2, 3, 4, 5, 6, 7, 8], '>v<^<^'], 17, 9, 6, True], [[[0, 1, 2, 3, 4, 5, 6, 7, 8], 'vv<^^'], 11, 6, 5, True], [[[0, 1, 2, 3, 4, 5, 6, 7, 8], 'vv<^^'], 11, 6, 5, True], [[[0, 1, 2, 3, 4, 5, 6, 7, 8], '^<^>vv<<^^'], 39, 23, 10, True], [[[0, 1, 2, 3, 4, 5, 6, 7, 8], '^<^>vv<^<^'], 29, 16, 10, True], [[[0, 1, 2, 3, 4, 5, 6, 7, 8], '<^<v>^^<'], 20, 11, 8, True], [[[0, 1, 2, 3, 4, 5, 6, 7, 8], '<vv>^^<'], 14, 8, 7, True], [[[0, 1, 2, 3, 4, 5, 6, 7, 8], '>^<^<'], 11, 6, 5, True], [[[0, 1, 2, 3, 4, 5, 6, 7, 8], 'v>^>^<<'], 14, 8, 7, True], [[[0, 1, 2, 3, 4, 5, 6, 7, 8], '<<^'], 8, 4, 3, True], [[[0, 1, 2, 3, 4, 5, 6, 7, 8], 'vv>^<^'], 14, 8, 6, True], [[[0, 1, 2, 3, 4, 5, 6, 7, 8], '<^^>>v<<^'], 17, 10, 9, True], [[[0, 1, 2, 3, 4, 5, 6, 7, 8], 'vv>^^<<'], 15, 9, 7, True], [[[0, 1, 2, 3, 4, 5, 6, 7, 8], '<^>^<<'], 12, 7, 6, True], [[[0, 1, 2, 3, 4, 5, 6, 7, 8], 'v<^<vv>^<^'], 29, 17, 10, True], [[[0, 1, 2, 3, 4, 5, 6, 7, 8], 'v>^<vv>^^<'], 45, 25, 10, True], [[[0, 1, 2, 3, 4, 5, 6, 7, 8], 'v<<^^'], 9, 6, 5, True], [[[0, 1, 2, 3, 4, 5, 6, 7, 8], '^>vv>^<<^'], 22, 12, 9, True], [[[0, 1, 2, 3, 4, 5, 6, 7, 8], '>^<'], 8, 4, 3, True], [[[0, 1, 2, 3, 4, 5, 6, 7, 8], 'v<<^>^>vv<^<^'], 40, 23, 13, True], [[[0, 1, 2, 3, 4, 5, 6, 7, 8], '>>v<^^<'], 19, 10, 7, True], [[[0, 1, 2, 3, 4, 5, 6, 7, 8], '>^<<^'], 11, 6, 5, True], [[[0, 1, 2, 3, 4, 5, 6, 7, 8], 'v<<v>^<^'], 18, 10, 8, True], [[[0, 1, 2, 3, 4, 5, 6, 7, 8], '^'], 3, 2, 1, True], [[[0, 1, 2, 3, 4, 5, 6, 7, 8], '>>^<<v>v>^<^<'], 32, 18, 13, True], [[[0, 1, 2, 3, 4, 5, 6, 7, 8], '<^>v<v<^^'], 25, 14, 9, True], [[[0, 1, 2, 3, 4, 5, 6, 7, 8], '>v>^^<<'], 14, 8, 7, True], [[[0, 1, 2, 3, 4, 5, 6, 7, 8], '>v<<^^'], 12, 7, 6, True], [[[0, 1, 2, 3, 4, 5, 6, 7, 8], '<v<^'], 9, 5, 4, True], [[[0, 1, 2, 3, 4, 5, 6, 7, 8], '<^'], 6, 3, 2, True], [[[0, 1, 2, 3, 4, 5, 6, 7, 8], '>>^<^<'], 12, 7, 6, True], [[[0, 1, 2, 3, 4, 5, 6, 7, 8], '<<^>v<^^'], 25, 15, 8, True], [[[0, 1, 2, 3, 4, 5, 6, 7, 8], '>vv<^^<'], 15, 9, 7, True], [[[0, 1, 2, 3, 4, 5, 6, 7, 8], ''], 0, 1, 0, True], [[[0, 1, 2, 3, 4, 5, 6, 7, 8], '<^>^<'], 11, 6, 5, True], [[[0, 1, 2, 3, 4, 5, 6, 7, 8], 'v>v<<^^'], 14, 8, 7, True], [[[0, 1, 2, 3, 4, 5, 6, 7, 8], '^'], 3, 2, 1, True], [[[0, 1, 2, 3, 4, 5, 6, 7, 8], '>v<v>^^<'], 30, 16, 8, True], [[[0, 1, 2, 3, 4, 5, 6, 7, 8], '>^<^'], 9, 5, 4, True], [[[0, 1, 2, 3, 4, 5, 6, 7, 8], '^>v<^>>v<^<'], 53, 29, 11, True], [[[0, 1, 2, 3, 4, 5, 6, 7, 8], '^<<v>>^^<<'], 22, 14, 10, True], [[[0, 1, 2, 3, 4, 5, 6, 7, 8], 'vv>^<^<'], 20, 11, 7, True], [[[0, 1, 2, 3, 4, 5, 6, 7, 8], ''], 0, 1, 0, True], [[[0, 1, 2, 3, 4, 5, 6, 7, 8], '^<v>^<<'], 29, 16, 7, True], [[[0, 1, 2, 3, 4, 5, 6, 7, 8], '<<^>>vv<<^^'], 24, 15, 11, True], [[[0, 1, 2, 3, 4, 5, 6, 7, 8], '<v>^^<<'], 18, 11, 7, True], [[[0, 1, 2, 3, 4, 5, 6, 7, 8], '>vv<<^^'], 12, 8, 7, True], [[[0, 1, 2, 3, 4, 5, 6, 7, 8], '<^<'], 8, 4, 3, True], [[[0, 1, 2, 3, 4, 5, 6, 7, 8], '>v<^^'], 12, 7, 5, True], [[[0, 1, 2, 3, 4, 5, 6, 7, 8], '>^>v<<^'], 23, 13, 7, True], [[[0, 1, 2, 3, 4, 5, 6, 7, 8], '^<'], 6, 3, 2, True], [[[0, 1, 2, 3, 4, 5, 6, 7, 8], '^<<v>>^^<<v>^<'], 55, 34, 14, True], [[[0, 1, 2, 3, 4, 5, 6, 7, 8], 'v<^>^<vv>^^<<'], 70, 42, 13, True], [[[0, 1, 2, 3, 4, 5, 6, 7, 8], '^<<^>v<^'], 27, 14, 8, True], [[[0, 1, 2, 3, 4, 5, 6, 7, 8], 'v>v<<^^'], 14, 8, 7, True], [[[0, 1, 2, 3, 4, 5, 6, 7, 8], 'v<<v>>^^<<'], 36, 22, 10, True], [[[0, 1, 2, 3, 4, 5, 6, 7, 8], '<^'], 6, 3, 2, True], [[[0, 1, 2, 3, 4, 5, 6, 7, 8], '^<v>^^<'], 19, 10, 7, True], [[[0, 1, 2, 3, 4, 5, 6, 7, 8], '^>v>^<<'], 21, 12, 7, True], [[[0, 1, 2, 3, 4, 5, 6, 7, 8], '^<v>^^<'], 19, 10, 7, True], [[[0, 1, 2, 3, 4, 5, 6, 7, 8], '^>v<^<^'], 19, 10, 7, True], [[[0, 1, 2, 3, 4, 5, 6, 7, 8], '>v<^'], 9, 5, 4, True], [[[0, 1, 2, 3, 4, 5, 6, 7, 8], '^^>v<^<'], 17, 9, 7, True], [[[0, 1, 2, 3, 4, 5, 6, 7, 8], '>>^^<<'], 10, 7, 6, True], [[[0, 1, 2, 3, 4, 5, 6, 7, 8], 'v<^>^<<'], 18, 11, 7, True], [[[0, 1, 2, 3, 4, 5, 6, 7, 8], '<^<'], 8, 4, 3, True], [[[0, 1, 2, 3, 4, 5, 6, 7, 8], 'v<^^<'], 11, 6, 5, True], [[[0, 1, 2, 3, 4, 5, 6, 7, 8], '<v>v<^>>^<<'], 28, 16, 11, True], [[[0, 1, 2, 3, 4, 5, 6, 7, 8], '>^>^<<'], 12, 7, 6, True], [[[0, 1, 2, 3, 4, 5, 6, 7, 8], '^<^>v<v>^^<'], 70, 40, 11, True], [[[0, 1, 2, 3, 4, 5, 6, 7, 8], 'v<^^'], 9, 5, 4, True], [[[0, 1, 2, 3, 4, 5, 6, 7, 8], '<<v>^<'], 12, 7, 6, True], [[[0, 1, 2, 3, 4, 5, 6, 7, 8], '>v<^'], 9, 5, 4, True], [[[0, 1, 2, 3, 4, 5, 6, 7, 8], '<vv<^^'], 12, 7, 6, True], [[[0, 1, 2, 3, 4, 5, 6, 7, 8], 'v<^^>v>v<<^^'], 25, 14, 12, True], [[[0, 1, 2, 3, 4, 5, 6, 7, 8], '^^'], 4, 3, 2, True], [[[0, 1, 2, 3, 4, 5, 6, 7, 8], 'v<<^^'], 9, 6, 5, True], [[[0, 1, 2, 3, 4, 5, 6, 7, 8], '<v<^>^<'], 19, 10, 7, True], [[[0, 1, 2, 3, 4, 5, 6, 7, 8], '<'], 3, 2, 1, True], [[[0, 1, 2, 3, 4, 5, 6, 7, 8], '^<<^>v<^'], 27, 14, 8, True], [[[0, 1, 2, 3, 4, 5, 6, 7, 8], '^<v<^^'], 12, 7, 6, True], [[[0, 1, 2, 3, 4, 5, 6, 7, 8], '^^<'], 8, 4, 3, True], [[[0, 1, 2, 3, 4, 5, 6, 7, 8], '>>^<^<'], 12, 7, 6, True], [[[0, 1, 2, 3, 4, 5, 6, 7, 8], 'vv<^>>^<<'], 26, 15, 9, True], [[[0, 1, 2, 3, 4, 5, 6, 7, 8], '<v>^<^<'], 19, 10, 7, True], [[[0, 1, 2, 3, 4, 5, 6, 7, 8], 'v<^>^<v<^'], 25, 14, 9, True], [[[0, 1, 2, 3, 4, 5, 6, 7, 8], '>^<^'], 9, 5, 4, True], [[[0, 1, 2, 3, 4, 5, 6, 7, 8], '<vv>^<^'], 18, 10, 7, True], [[[0, 1, 2, 3, 4, 5, 6, 7, 8], '>vv>^^<<'], 17, 10, 8, True], [[[0, 1, 2, 3, 4, 5, 6, 7, 8], '<v>^^<'], 17, 9, 6, True], [[[0, 1, 2, 3, 4, 5, 6, 7, 8], '^>^<'], 9, 5, 4, True], [[[0, 1, 2, 3, 4, 5, 6, 7, 8], '^>v<<^'], 17, 9, 6, True], [[[0, 1, 2, 3, 4, 5, 6, 7, 8], 'vv>^^>v<<^'], 28, 16, 10, True], [[[0, 1, 2, 3, 4, 5, 6, 7, 8], 'v<<^^'], 9, 6, 5, True], [[[0, 1, 2, 3, 4, 5, 6, 7, 8], '<^^>v<^'], 14, 8, 7, True], [[[0, 1, 2, 3, 4, 5, 6, 7, 8], '^^<v<^'], 12, 7, 6, True], [[[0, 1, 2, 3, 4, 5, 6, 7, 8], '>^^<'], 9, 5, 4, True], [[[0, 1, 2, 3, 4, 5, 6, 7, 8], '^<^>v<^'], 26, 13, 7, True], [[[0, 1, 2, 3, 4, 5, 6, 7, 8], '<v>^<'], 11, 6, 5, True], [[[0, 1, 2, 3, 4, 5, 6, 7, 8], '^>^>vv<^^<'], 21, 12, 10, True], [[[0, 1, 2, 3, 4, 5, 6, 7, 8], '<^'], 6, 3, 2, True], [[[0, 1, 2, 3, 4, 5, 6, 7, 8], '<v<^'], 9, 5, 4, True], [[[0, 1, 2, 3, 4, 5, 6, 7, 8], '<<^>>^<<'], 15, 9, 8, True], [[[0, 1, 2, 3, 4, 5, 6, 7, 8], '^<v>^>v<^<'], 37, 20, 10, True], [[[0, 1, 2, 3, 4, 5, 6, 7, 8], '<<'], 4, 3, 2, True], [[[0, 1, 2, 3, 4, 5, 6, 7, 8], '<^>v>^<<v>^<'], 64, 36, 12, True], [[[0, 1, 2, 3, 4, 5, 6, 7, 8], '<'], 3, 2, 1, True], [[[0, 1, 2, 3, 4, 5, 6, 7, 8], '^^<vv<^^'], 15, 9, 8, True], [[[0, 1, 2, 3, 4, 5, 6, 7, 8], '^'], 3, 2, 1, True], [[[0, 1, 2, 3, 4, 5, 6, 7, 8], 'vv<^^'], 11, 6, 5, True], [[[0, 1, 2, 3, 4, 5, 6, 7, 8], '<<^^'], 7, 5, 4, True], [[[0, 1, 2, 3, 4, 5, 6, 7, 8], 'v>v<^<^'], 19, 10, 7, True], [[[0, 1, 2, 3, 4, 5, 6, 7, 8], '<v<v>^^<'], 25, 14, 8, True], [[[0, 1, 2, 3, 4, 5, 6, 7, 8], '^<^'], 8, 4, 3, True], [[[0, 1, 2, 3, 4, 5, 6, 7, 8], '^<v>>^<v<^'], 46, 27, 10, True], [[[0, 1, 2, 3, 4, 5, 6, 7, 8], 'v>^<'], 9, 5, 4, True], [[[0, 1, 2, 3, 4, 5, 6, 7, 8], '^>v>^<<'], 21, 12, 7, True], [[[0, 1, 2, 3, 4, 5, 6, 7, 8], '^>>v<<^^'], 16, 10, 8, True], [[[0, 1, 2, 3, 4, 5, 6, 7, 8], '>v>^<<'], 14, 8, 6, True], [[[0, 1, 2, 3, 4, 5, 6, 7, 8], '^>^>vv<^^<'], 21, 12, 10, True], [[[0, 1, 2, 3, 4, 5, 6, 7, 8], '>^<<'], 9, 5, 4, True], [[[0, 1, 2, 3, 4, 5, 6, 7, 8], '^<vv<^^'], 14, 8, 7, True], [[[0, 1, 2, 3, 4, 5, 6, 7, 8], 'v<v>^^<<'], 26, 15, 8, True], [[[0, 1, 2, 3, 4, 5, 6, 7, 8], 'v>^<'], 9, 5, 4, True], [[[0, 1, 2, 3, 4, 5, 6, 7, 8], '<<'], 4, 3, 2, True], [[[0, 1, 2, 3, 4, 5, 6, 7, 8], 'v>>^<<'], 12, 7, 6, True], [[[0, 1, 2, 3, 4, 5, 6, 7, 8], '>^^<'], 9, 5, 4, True], [[[0, 1, 2, 3, 4, 5, 6, 7, 8], '>v>^<^>v<v>^^<<'], 169, 100, 15, True], [[[0, 1, 2, 3, 4, 5, 6, 7, 8], '^<^'], 8, 4, 3, True], [[[0, 1, 2, 3, 4, 5, 6, 7, 8], '^>>v<<^'], 14, 8, 7, True], [[[0, 1, 2, 3, 4, 5, 6, 7, 8], 'v<^'], 8, 4, 3, True], [[[0, 1, 2, 3, 4, 5, 6, 7, 8], 'vv<^^'], 11, 6, 5, True], [[[0, 1, 2, 3, 4, 5, 6, 7, 8], '>v<^<'], 12, 7, 5, True], [[[0, 1, 2, 3, 4, 5, 6, 7, 8], '>^^<'], 9, 5, 4, True], [[[0, 1, 2, 3, 4, 5, 6, 7, 8], '^<v<^'], 11, 6, 5, True], [[[0, 1, 2, 3, 4, 5, 6, 7, 8], '^>>v<^>^<<'], 24, 14, 10, True], [[[0, 1, 2, 3, 4, 5, 6, 7, 8], '^<<'], 6, 4, 3, True], [[[0, 1, 2, 3, 4, 5, 6, 7, 8], 'v<^<^>v>^<<'], 38, 22, 11, True], [[[0, 1, 2, 3, 4, 5, 6, 7, 8], '>^<'], 8, 4, 3, True], [[[0, 1, 2, 3, 4, 5, 6, 7, 8], '<^^>vv<<^^'], 22, 14, 10, True], [[[0, 1, 2, 3, 4, 5, 6, 7, 8], 'v>>^<<^'], 15, 9, 7, True], [[[0, 1, 2, 3, 4, 5, 6, 7, 8], '<^^'], 6, 4, 3, True], [[[0, 1, 2, 3, 4, 5, 6, 7, 8], 'v<^>v<<^^'], 35, 20, 9, True], [[[0, 1, 2, 3, 4, 5, 6, 7, 8], '^<<^>v<v>^^<'], 64, 38, 12, True], [[[0, 1, 2, 3, 4, 5, 6, 7, 8], 'v>v<^^<'], 20, 11, 7, True], [[[0, 1, 2, 3, 4, 5, 6, 7, 8], '^>>^<<'], 12, 7, 6, True], [[[0, 1, 2, 3, 4, 5, 6, 7, 8], '<^^'], 6, 4, 3, True], [[[0, 1, 2, 3, 4, 5, 6, 7, 8], '^<<'], 6, 4, 3, True], [[[0, 1, 2, 3, 4, 5, 6, 7, 8], '>v<<^^>v<^'], 23, 13, 10, True], [[[0, 1, 2, 3, 4, 5, 6, 7, 8], '<<^>^<'], 12, 7, 6, True], [[[0, 1, 2, 3, 4, 5, 6, 7, 8], '^>v<v>^<^'], 23, 13, 9, True], [[[0, 1, 2, 3, 4, 5, 6, 7, 8], 'v>^^<<'], 12, 7, 6, True], [[[0, 1, 2, 3, 4, 5, 6, 7, 8], '^>v>^<^<'], 20, 11, 8, True], [[[0, 1, 2, 3, 4, 5, 6, 7, 8], '^^<'], 8, 4, 3, True], [[[0, 1, 2, 3, 4, 5, 6, 7, 8], 'v>v<^>^<'], 20, 11, 8, True], [[[0, 1, 2, 3, 4, 5, 6, 7, 8], '<<^'], 8, 4, 3, True], [[[0, 1, 2, 3, 4, 5, 6, 7, 8], '^<<'], 6, 4, 3, True], [[[0, 1, 2, 3, 4, 5, 6, 7, 8], '^>^<vv>^<^'], 42, 24, 10, True], [[[0, 1, 2, 3, 4, 5, 6, 7, 8], '^^'], 4, 3, 2, True], [[[0, 1, 2, 3, 4, 5, 6, 7, 8], '<v<^>^<'], 19, 10, 7, True], [[[0, 1, 2, 3, 4, 5, 6, 7, 8], 'vv<^^<'], 12, 7, 6, True], [[[0, 1, 2, 3, 4, 5, 6, 7, 8], '^<v>v>^<^<'], 60, 32, 10, True], [[[0, 1, 2, 3, 4, 5, 6, 7, 8], '<<^^'], 7, 5, 4, True], [[[0, 1, 2, 3, 4, 5, 6, 7, 8], '^^>vv<^^'], 15, 9, 8, True], [[[0, 1, 2, 3, 4, 5, 6, 7, 8], '>^>v<^<^'], 20, 11, 8, True], [[[0, 1, 2, 3, 4, 5, 6, 7, 8], '^<<'], 6, 4, 3, True], [[[0, 1, 2, 3, 4, 5, 6, 7, 8], 'vv<^^'], 11, 6, 5, True], [[[0, 1, 2, 3, 4, 5, 6, 7, 8], '^>v>^<<'], 21, 12, 7, True], [[[0, 1, 2, 3, 4, 5, 6, 7, 8], 'v<^'], 8, 4, 3, True], [[[0, 1, 2, 3, 4, 5, 6, 7, 8], 'vv<^^'], 11, 6, 5, True], [[[0, 1, 2, 3, 4, 5, 6, 7, 8], '>vv<^^'], 12, 7, 6, True], [[[0, 1, 2, 3, 4, 5, 6, 7, 8], '^<v>^<<'], 29, 16, 7, True], [[[0, 1, 2, 3, 4, 5, 6, 7, 8], '^>>v<<^^'], 16, 10, 8, True], [[[0, 1, 2, 3, 4, 5, 6, 7, 8], 'vv<<^^'], 10, 7, 6, True], [[[0, 1, 2, 3, 4, 5, 6, 7, 8], '>^<<'], 9, 5, 4, True], [[[0, 1, 2, 3, 4, 5, 6, 7, 8], '^>v<^'], 11, 6, 5, True], [[[0, 1, 2, 3, 4, 5, 6, 7, 8], '^^<<'], 7, 5, 4, True], [[[0, 1, 2, 3, 4, 5, 6, 7, 8], 'vv>>^<v<^>^<'], 50, 28, 12, True], [[[0, 1, 2, 3, 4, 5, 6, 7, 8], '^>v<^'], 11, 6, 5, True], [[[0, 1, 2, 3, 4, 5, 6, 7, 8], '>v<<v>^<^'], 20, 11, 9, True], [[[0, 1, 2, 3, 4, 5, 6, 7, 8], '>^<v<^'], 17, 9, 6, True], [[[0, 1, 2, 3, 4, 5, 6, 7, 8], 'v>>v<<^>^<'], 20, 11, 10, True], [[[0, 1, 2, 3, 4, 5, 6, 7, 8], '^^>vv<^^'], 15, 9, 8, True], [[[0, 1, 2, 3, 4, 5, 6, 7, 8], '<^^>v<^'], 14, 8, 7, True], [[[0, 1, 2, 3, 4, 5, 6, 7, 8], 'v<<^>v<^'], 27, 14, 8, True], [[[0, 1, 2, 3, 4, 5, 6, 7, 8], '>^^<<'], 9, 6, 5, True], [[[0, 1, 2, 3, 4, 5, 6, 7, 8], '>^<<v>^<^'], 21, 12, 9, True], [[[0, 1, 2, 3, 4, 5, 6, 7, 8], '<^<^'], 9, 5, 4, True], [[[0, 1, 2, 3, 4, 5, 6, 7, 8], 'v>^<'], 9, 5, 4, True], [[[0, 1, 2, 3, 4, 5, 6, 7, 8], '>^<^'], 9, 5, 4, True], [[[0, 1, 2, 3, 4, 5, 6, 7, 8], '^<^>v<<^'], 20, 11, 8, True], [[[0, 1, 2, 3, 4, 5, 6, 7, 8], '^>>^<<'], 12, 7, 6, True], [[[0, 1, 2, 3, 4, 5, 6, 7, 8], '<v>>^^<<'], 15, 9, 8, True], [[[0, 1, 2, 3, 4, 5, 6, 7, 8], 'v>>v<^^<'], 20, 11, 8, True], [[[0, 1, 2, 3, 4, 5, 6, 7, 8], 'vv<^>^<'], 20, 11, 7, True], [[[0, 1, 2, 3, 4, 5, 6, 7, 8], '^>v<^<'], 15, 8, 6, True], [[[0, 1, 2, 3, 4, 5, 6, 7, 8], '>^<<v>>^<^<'], 22, 12, 11, True], [[[0, 1, 2, 3, 4, 5, 6, 7, 8], 'v>^<'], 9, 5, 4, True], [[[0, 1, 2, 3, 4, 5, 6, 7, 8], '^>v<<^^'], 18, 11, 7, True], [[[0, 1, 2, 3, 4, 5, 6, 7, 8], '^'], 3, 2, 1, True], [[[0, 1, 2, 3, 4, 5, 6, 7, 8], '<v>^^<<v>^<'], 31, 18, 11, True], [[[0, 1, 2, 3, 4, 5, 6, 7, 8], '<^'], 6, 3, 2, True], [[[0, 1, 2, 3, 4, 5, 6, 7, 8], '<'], 3, 2, 1, True], [[[0, 1, 2, 3, 4, 5, 6, 7, 8], '<^<'], 8, 4, 3, True], [[[0, 1, 2, 3, 4, 5, 6, 7, 8], '<^>v>^<<^'], 32, 17, 9, True], [[[0, 1, 2, 3, 4, 5, 6, 7, 8], 'v>^<'], 9, 5, 4, True], [[[0, 1, 2, 3, 4, 5, 6, 7, 8], '<<v>^<^'], 17, 9, 7, True], [[[0, 1, 2, 3, 4, 5, 6, 7, 8], '>vv<^<^'], 14, 8, 7, True], [[[0, 1, 2, 3, 4, 5, 6, 7, 8], '^>vv<^<^'], 17, 9, 8, True], [[[0, 1, 2, 3, 4, 5, 6, 7, 8], '>>^^<<'], 10, 7, 6, True], [[[0, 1, 2, 3, 4, 5, 6, 7, 8], '^<'], 6, 3, 2, True], [[[0, 1, 2, 3, 4, 5, 6, 7, 8], '^^'], 4, 3, 2, True], [[[0, 1, 2, 3, 4, 5, 6, 7, 8], '^>^<'], 9, 5, 4, True], [[[0, 1, 2, 3, 4, 5, 6, 7, 8], '^^<<v>^<'], 15, 9, 8, True], [[[0, 1, 2, 3, 4, 5, 6, 7, 8], '<^^>v>^<<'], 30, 17, 9, True], [[[0, 1, 2, 3, 4, 5, 6, 7, 8], 'v<<^^'], 9, 6, 5, True], [[[0, 1, 2, 3, 4, 5, 6, 7, 8], 'v>^<v<^'], 19, 10, 7, True], [[[0, 1, 2, 3, 4, 5, 6, 7, 8], '<<^^'], 7, 5, 4, True], [[[0, 1, 2, 3, 4, 5, 6, 7, 8], '<<^^'], 7, 5, 4, True], [[[0, 1, 2, 3, 4, 5, 6, 7, 8], '<<^^'], 7, 5, 4, True], [[[0, 1, 2, 3, 4, 5, 6, 7, 8], '<^>^<<'], 12, 7, 6, True], [[[0, 1, 2, 3, 4, 5, 6, 7, 8], '^<<'], 6, 4, 3, True], [[[0, 1, 2, 3, 4, 5, 6, 7, 8], '>>v<<^'], 12, 7, 6, True], [[[0, 1, 2, 3, 4, 5, 6, 7, 8], '<^^<'], 9, 5, 4, True], [[[0, 1, 2, 3, 4, 5, 6, 7, 8], '<vv<^^'], 12, 7, 6, True], [[[0, 1, 2, 3, 4, 5, 6, 7, 8], '^<v<^'], 11, 6, 5, True], [[[0, 1, 2, 3, 4, 5, 6, 7, 8], 'v<^>^<v<^'], 25, 14, 9, True], [[[0, 1, 2, 3, 4, 5, 6, 7, 8], 'v<<v>>^<^<'], 20, 11, 10, True], [[[0, 1, 2, 3, 4, 5, 6, 7, 8], '>^<'], 8, 4, 3, True], [[[0, 1, 2, 3, 4, 5, 6, 7, 8], '>>^^<<'], 10, 7, 6, True], [[[0, 1, 2, 3, 4, 5, 6, 7, 8], '<v<^^'], 11, 6, 5, True], [[[0, 1, 2, 3, 4, 5, 6, 7, 8], '^^'], 4, 3, 2, True], [[[0, 1, 2, 3, 4, 5, 6, 7, 8], '^<<'], 6, 4, 3, True], [[[0, 1, 2, 3, 4, 5, 6, 7, 8], '<v>^<<'], 13, 8, 6, True], [[[0, 1, 2, 3, 4, 5, 6, 7, 8], '^^<<v>^<'], 15, 9, 8, True], [[[0, 1, 2, 3, 4, 5, 6, 7, 8], '^^<vv>^<^<'], 28, 15, 10, True], [[[0, 1, 2, 3, 4, 5, 6, 7, 8], '^'], 3, 2, 1, True], [[[0, 1, 2, 3, 4, 5, 6, 7, 8], '^^<'], 8, 4, 3, True], [[[0, 1, 2, 3, 4, 5, 6, 7, 8], '<v>v>^<^<'], 22, 12, 9, True], [[[0, 1, 2, 3, 4, 5, 6, 7, 8], '<^>^<<'], 12, 7, 6, True], [[[0, 1, 2, 3, 4, 5, 6, 7, 8], '>v>^<^<'], 19, 10, 7, True], [[[0, 1, 2, 3, 4, 5, 6, 7, 8], 'vv<^>^<'], 20, 11, 7, True], [[[0, 1, 2, 3, 4, 5, 6, 7, 8], '>v<v<^^'], 14, 8, 7, True], [[[0, 1, 2, 3, 4, 5, 6, 7, 8], '<^<'], 8, 4, 3, True], [[[0, 1, 2, 3, 4, 5, 6, 7, 8], ''], 0, 1, 0, True], [[[0, 1, 2, 3, 4, 5, 6, 7, 8], 'v<<^>>v<^<'], 28, 16, 10, True], [[[0, 1, 2, 3, 4, 5, 6, 7, 8], '<^^'], 6, 4, 3, True], [[[0, 1, 2, 3, 4, 5, 6, 7, 8], 'v>^>v<<^'], 30, 16, 8, True], [[[0, 1, 2, 3, 4, 5, 6, 7, 8], '^>>vv<^^<'], 21, 12, 9, True], [[[0, 1, 2, 3, 4, 5, 6, 7, 8], '<^>^<<'], 12, 7, 6, True], [[[0, 1, 2, 3, 4, 5, 6, 7, 8], '<^'], 6, 3, 2, True], [[[0, 1, 2, 3, 4, 5, 6, 7, 8], '^<v>^^<<vv>>^<<^'], 120, 68, 16, True], [[[0, 1, 2, 3, 4, 5, 6, 7, 8], '^^>>vv<<^>^<'], 26, 15, 12, True], [[[0, 1, 2, 3, 4, 5, 6, 7, 8], '^^>v<<^'], 19, 10, 7, True], [[[0, 1, 2, 3, 4, 5, 6, 7, 8], '>^>vv<^<^'], 28, 16, 9, True], [[[0, 1, 2, 3, 4, 5, 6, 7, 8], '>v<<v>>^<^<'], 23, 13, 11, True], [[[0, 1, 2, 3, 4, 5, 6, 7, 8], '^<<'], 6, 4, 3, True], [[[0, 1, 2, 3, 4, 5, 6, 7, 8], 'v<<v>^<^'], 18, 10, 8, True], [[[0, 1, 2, 3, 4, 5, 6, 7, 8], '<v>v<^^'], 21, 12, 7, True], [[[0, 1, 2, 3, 4, 5, 6, 7, 8], '>vv<^>^<<'], 33, 18, 9, True], [[[0, 1, 2, 3, 4, 5, 6, 7, 8], '>^<^'], 9, 5, 4, True], [[[0, 1, 2, 3, 4, 5, 6, 7, 8], '<<^^>v<^'], 15, 9, 8, True], [[[0, 1, 2, 3, 4, 5, 6, 7, 8], 'v>^>v<^<^'], 23, 13, 9, True], [[[0, 1, 2, 3, 4, 5, 6, 7, 8], '<vv>^>v<<^^'], 66, 39, 11, True], [[[0, 1, 2, 3, 4, 5, 6, 7, 8], 'v>v<<^^'], 14, 8, 7, True], [[[0, 1, 2, 3, 4, 5, 6, 7, 8], '>^^<v<^'], 14, 8, 7, True], [[[0, 1, 2, 3, 4, 5, 6, 7, 8], '>^<'], 8, 4, 3, True], [[[0, 1, 2, 3, 4, 5, 6, 7, 8], 'vv<^^'], 11, 6, 5, True], [[[0, 1, 2, 3, 4, 5, 6, 7, 8], 'v<^^'], 9, 5, 4, True], [[[0, 1, 2, 3, 4, 5, 6, 7, 8], '^<^<'], 9, 5, 4, True], [[[0, 1, 2, 3, 4, 5, 6, 7, 8], '>>^<<'], 11, 6, 5, True], [[[0, 1, 2, 3, 4, 5, 6, 7, 8], '<v>^<<^'], 19, 10, 7, True], [[[0, 1, 2, 3, 4, 5, 6, 7, 8], '<^<^'], 9, 5, 4, True], [[[0, 1, 2, 3, 4, 5, 6, 7, 8], 'v>^<^'], 12, 7, 5, True], [[[0, 1, 2, 3, 4, 5, 6, 7, 8], '<v<^'], 9, 5, 4, True], [[[0, 1, 2, 3, 4, 5, 6, 7, 8], '^^'], 4, 3, 2, True], [[[0, 1, 2, 3, 4, 5, 6, 7, 8], '<^>>^<v<^'], 37, 20, 9, True], [[[0, 1, 2, 3, 4, 5, 6, 7, 8], '>v<<^^'], 12, 7, 6, True], [[[0, 1, 2, 3, 4, 5, 6, 7, 8], '^>>v<^<^'], 22, 12, 8, True], [[[0, 1, 2, 3, 4, 5, 6, 7, 8], '^<<^'], 9, 5, 4, True], [[[0, 1, 2, 3, 4, 5, 6, 7, 8], '<v>^<^<'], 19, 10, 7, True], [[[0, 1, 2, 3, 4, 5, 6, 7, 8], '<^>>v<^<^'], 26, 14, 9, True], [[[0, 1, 2, 3, 4, 5, 6, 7, 8], '^'], 3, 2, 1, True], [[[0, 1, 2, 3, 4, 5, 6, 7, 8], 'v<<^'], 9, 5, 4, True], [[[0, 1, 2, 3, 4, 5, 6, 7, 8], '<v>^<'], 11, 6, 5, True], [[[0, 1, 2, 3, 4, 5, 6, 7, 8], '<^>v<<^'], 19, 10, 7, True], [[[0, 1, 2, 3, 4, 5, 6, 7, 8], '>v>^^<<'], 14, 8, 7, True], [[[0, 1, 2, 3, 4, 5, 6, 7, 8], 'v<<^^>>v<<^'], 20, 12, 11, True], [[[0, 1, 2, 3, 4, 5, 6, 7, 8], '^^<'], 8, 4, 3, True], [[[0, 1, 2, 3, 4, 5, 6, 7, 8], 'v<^<^'], 11, 6, 5, True], [[[0, 1, 2, 3, 4, 5, 6, 7, 8], '<^>^<<'], 12, 7, 6, True], [[[0, 1, 2, 3, 4, 5, 6, 7, 8], '^^<'], 8, 4, 3, True], [[[0, 1, 2, 3, 4, 5, 6, 7, 8], '^>^<<'], 11, 6, 5, True], [[[0, 1, 2, 3, 4, 5, 6, 7, 8], '<^'], 6, 3, 2, True], [[[0, 1, 2, 3, 4, 5, 6, 7, 8], '<v<^'], 9, 5, 4, True], [[[0, 1, 2, 3, 4, 5, 6, 7, 8], '<^^'], 6, 4, 3, True], [[[0, 1, 2, 3, 4, 5, 6, 7, 8], '<<^^'], 7, 5, 4, True], [[[0, 1, 2, 3, 4, 5, 6, 7, 8], '>v<^<'], 12, 7, 5, True], [[[0, 1, 2, 3, 4, 5, 6, 7, 8], '^^'], 4, 3, 2, True], [[[0, 1, 2, 3, 4, 5, 6, 7, 8], '>^>v<<^'], 23, 13, 7, True], [[[0, 1, 2, 3, 4, 5, 6, 7, 8], 'vv>^<<v>^<^'], 30, 17, 11, True], [[[0, 1, 2, 3, 4, 5, 6, 7, 8], '<^>v<v<^^'], 25, 14, 9, True], [[[0, 1, 2, 3, 4, 5, 6, 7, 8], 'vv>^^<<'], 15, 9, 7, True], [[[0, 1, 2, 3, 4, 5, 6, 7, 8], '<^>v<^^'], 24, 14, 7, True], [[[0, 1, 2, 3, 4, 5, 6, 7, 8], '>vv<^>^<'], 24, 13, 8, True], [[[0, 1, 2, 3, 4, 5, 6, 7, 8], 'v>^<'], 9, 5, 4, True], [[[0, 1, 2, 3, 4, 5, 6, 7, 8], '<^^'], 6, 4, 3, True], [[[0, 1, 2, 3, 4, 5, 6, 7, 8], 'vv>^^>vv<^<^'], 29, 17, 12, True], [[[0, 1, 2, 3, 4, 5, 6, 7, 8], '>v<^>>vv<^<^'], 70, 39, 12, True], [[[0, 1, 2, 3, 4, 5, 6, 7, 8], '>>vv<^<^'], 15, 9, 8, True], [[[0, 1, 2, 3, 4, 5, 6, 7, 8], '^<v<^'], 11, 6, 5, True], [[[0, 1, 2, 3, 4, 5, 6, 7, 8], '<v<v>^<^'], 18, 10, 8, True], [[[0, 1, 2, 3, 4, 5, 6, 7, 8], '>^<<'], 9, 5, 4, True], [[[0, 1, 2, 3, 4, 5, 6, 7, 8], '>^>v<<^'], 23, 13, 7, True], [[[0, 1, 2, 3, 4, 5, 6, 7, 8], '^^<<'], 7, 5, 4, True], [[[0, 1, 2, 3, 4, 5, 6, 7, 8], '^<<'], 6, 4, 3, True], [[[0, 1, 2, 3, 4, 5, 6, 7, 8], '<^>^<<'], 12, 7, 6, True], [[[0, 1, 2, 3, 4, 5, 6, 7, 8], 'v<^<'], 9, 5, 4, True], [[[0, 1, 2, 3, 4, 5, 6, 7, 8], '>v<^^'], 12, 7, 5, True], [[[0, 1, 2, 3, 4, 5, 6, 7, 8], '^<^'], 8, 4, 3, True], [[[0, 1, 2, 3, 4, 5, 6, 7, 8], '^<'], 6, 3, 2, True], [[[0, 1, 2, 3, 4, 5, 6, 7, 8], '^>v>^<<^'], 25, 14, 8, True], [[[0, 1, 2, 3, 4, 5, 6, 7, 8], '^>^>vv<<^^'], 19, 12, 10, True], [[[0, 1, 2, 3, 4, 5, 6, 7, 8], 'v<^<^'], 11, 6, 5, True], [[[0, 1, 2, 3, 4, 5, 6, 7, 8], '<vv>^^<'], 14, 8, 7, True], [[[0, 1, 2, 3, 4, 5, 6, 7, 8], '<^>^<<vv>^<^'], 41, 24, 12, True], [[[0, 1, 2, 3, 4, 5, 6, 7, 8], '^<^'], 8, 4, 3, True], [[[0, 1, 2, 3, 4, 5, 6, 7, 8], 'vv<<^^'], 10, 7, 6, True], [[[0, 1, 2, 3, 4, 5, 6, 7, 8], ''], 0, 1, 0, True], [[[0, 1, 2, 3, 4, 5, 6, 7, 8], '<<'], 4, 3, 2, True], [[[0, 1, 2, 3, 4, 5, 6, 7, 8], '>v<v>^^<<'], 40, 23, 9, True], [[[0, 1, 2, 3, 4, 5, 6, 7, 8], '>^^<<v>^<'], 17, 10, 9, True], [[[0, 1, 2, 3, 4, 5, 6, 7, 8], '>vv<^^'], 12, 7, 6, True], [[[0, 1, 2, 3, 4, 5, 6, 7, 8], '^>v<<^'], 17, 9, 6, True], [[[0, 1, 2, 3, 4, 5, 6, 7, 8], '<^<'], 8, 4, 3, True], [[[0, 1, 2, 3, 4, 5, 6, 7, 8], '<^^<'], 9, 5, 4, True], [[[0, 1, 2, 3, 4, 5, 6, 7, 8], '<<'], 4, 3, 2, True], [[[0, 1, 2, 3, 4, 5, 6, 7, 8], '>v<^^'], 12, 7, 5, True], [[[0, 1, 2, 3, 4, 5, 6, 7, 8], '<^>v<^^'], 24, 14, 7, True], [[[0, 1, 2, 3, 4, 5, 6, 7, 8], '^<v>^^<<'], 19, 12, 8, True], [[[0, 1, 2, 3, 4, 5, 6, 7, 8], ''], 0, 1, 0, True], [[[0, 1, 2, 3, 4, 5, 6, 7, 8], '^<<'], 6, 4, 3, True], [[[0, 1, 2, 3, 4, 5, 6, 7, 8], '>v<<^'], 11, 6, 5, True], [[[0, 1, 2, 3, 4, 5, 6, 7, 8], 'vv<<^^'], 10, 7, 6, True], [[[0, 1, 2, 3, 4, 5, 6, 7, 8], 'v<v>>^<<^'], 20, 11, 9, True], [[[0, 1, 2, 3, 4, 5, 6, 7, 8], '>vv<^^>vv<<^^'], 27, 17, 13, True], [[[0, 1, 2, 3, 4, 5, 6, 7, 8], '<^>^<'], 11, 6, 5, True], [[[0, 1, 2, 3, 4, 5, 6, 7, 8], '<^>v>v<<^^'], 28, 16, 10, True], [[[0, 1, 2, 3, 4, 5, 6, 7, 8], '>vv<<^^'], 12, 8, 7, True], [[[0, 1, 2, 3, 4, 5, 6, 7, 8], '>v<^'], 9, 5, 4, True], [[[0, 1, 2, 3, 4, 5, 6, 7, 8], 'v>^<^'], 12, 7, 5, True], [[[0, 1, 2, 3, 4, 5, 6, 7, 8], 'v<^^'], 9, 5, 4, True], [[[0, 1, 2, 3, 4, 5, 6, 7, 8], 'vv<<^^'], 10, 7, 6, True], [[[0, 1, 2, 3, 4, 5, 6, 7, 8], '<^>v<^^'], 24, 14, 7, True], [[[0, 1, 2, 3, 4, 5, 6, 7, 8], 'vv<^^'], 11, 6, 5, True], [[[0, 1, 2, 3, 4, 5, 6, 7, 8], '<v<^'], 9, 5, 4, True], [[[0, 1, 2, 3, 4, 5, 6, 7, 8], '^<vv<^>^<'], 34, 18, 9, True], [[[0, 1, 2, 3, 4, 5, 6, 7, 8], '<v<^'], 9, 5, 4, True], [[[0, 1, 2, 3, 4, 5, 6, 7, 8], '<^^<'], 9, 5, 4, True], [[[0, 1, 2, 3, 4, 5, 6, 7, 8], 'v>>v<^^<'], 20, 11, 8, True], [[[0, 1, 2, 3, 4, 5, 6, 7, 8], '>>^^<<'], 10, 7, 6, True], [[[0, 1, 2, 3, 4, 5, 6, 7, 8], '^>>^<v>v<<^^'], 31, 19, 12, True], [[[0, 1, 2, 3, 4, 5, 6, 7, 8], '^^<v<^'], 12, 7, 6, True], [[[0, 1, 2, 3, 4, 5, 6, 7, 8], '<v>^<^>v<^'], 38, 20, 10, True], [[[0, 1, 2, 3, 4, 5, 6, 7, 8], '^'], 3, 2, 1, True], [[[0, 1, 2, 3, 4, 5, 6, 7, 8], 'vv<^^<'], 12, 7, 6, True], [[[0, 1, 2, 3, 4, 5, 6, 7, 8], '>^^<'], 9, 5, 4, True], [[[0, 1, 2, 3, 4, 5, 6, 7, 8], '>^>v<<^>v<^'], 49, 26, 11, True], [[[0, 1, 2, 3, 4, 5, 6, 7, 8], '>>^<<v>^<^'], 24, 14, 10, True], [[[0, 1, 2, 3, 4, 5, 6, 7, 8], '<'], 3, 2, 1, True], [[[0, 1, 2, 3, 4, 5, 6, 7, 8], '^>v>^<<^'], 25, 14, 8, True], [[[0, 1, 2, 3, 4, 5, 6, 7, 8], '>^<v<^'], 17, 9, 6, True], [[[0, 1, 2, 3, 4, 5, 6, 7, 8], 'v<<^^'], 9, 6, 5, True], [[[0, 1, 2, 3, 4, 5, 6, 7, 8], '>>^^<<v>>^<<'], 21, 13, 12, True], [[[0, 1, 2, 3, 4, 5, 6, 7, 8], '<^>v<^'], 24, 12, 6, True], [[[0, 1, 2, 3, 4, 5, 6, 7, 8], '<<'], 4, 3, 2, True], [[[0, 1, 2, 3, 4, 5, 6, 7, 8], '<<^>>^<v<^'], 42, 23, 10, True], [[[0, 1, 2, 3, 4, 5, 6, 7, 8], '>^<^<'], 11, 6, 5, True], [[[0, 1, 2, 3, 4, 5, 6, 7, 8], '<v<^'], 9, 5, 4, True], [[[0, 1, 2, 3, 4, 5, 6, 7, 8], '>vv>^<^<'], 29, 16, 8, True], [[[0, 1, 2, 3, 4, 5, 6, 7, 8], '>^<v>v>^^<<'], 44, 26, 11, True], [[[0, 1, 2, 3, 4, 5, 6, 7, 8], '<^>v<^'], 24, 12, 6, True], [[[0, 1, 2, 3, 4, 5, 6, 7, 8], 'vv>^^<'], 12, 7, 6, True], [[[0, 1, 2, 3, 4, 5, 6, 7, 8], '<^^'], 6, 4, 3, True], [[[0, 1, 2, 3, 4, 5, 6, 7, 8], 'v>^<'], 9, 5, 4, True], [[[0, 1, 2, 3, 4, 5, 6, 7, 8], '^<<'], 6, 4, 3, True], [[[0, 1, 2, 3, 4, 5, 6, 7, 8], '<^<'], 8, 4, 3, True], [[[0, 1, 2, 3, 4, 5, 6, 7, 8], '<<'], 4, 3, 2, True], [[[0, 1, 2, 3, 4, 5, 6, 7, 8], '>^>vv<^^<'], 20, 11, 9, True], [[[0, 1, 2, 3, 4, 5, 6, 7, 8], ''], 0, 1, 0, True], [[[0, 1, 2, 3, 4, 5, 6, 7, 8], 'v>^^<<'], 12, 7, 6, True], [[[0, 1, 2, 3, 4, 5, 6, 7, 8], '>^<<^'], 11, 6, 5, True], [[[0, 1, 2, 3, 4, 5, 6, 7, 8], '>^^<'], 9, 5, 4, True], [[[0, 1, 2, 3, 4, 5, 6, 7, 8], '<<^^>>v<^<'], 26, 14, 10, True], [[[0, 1, 2, 3, 4, 5, 6, 7, 8], '^>^<'], 9, 5, 4, True], [[[0, 1, 2, 3, 4, 5, 6, 7, 8], '^^>vv<<^>>^<<'], 102, 59, 13, True], [[[0, 1, 2, 3, 4, 5, 6, 7, 8], '>v>^<<'], 14, 8, 6, True], [[[0, 1, 2, 3, 4, 5, 6, 7, 8], 'v>^<vv>^>^<<'], 40, 23, 12, True], [[[0, 1, 2, 3, 4, 5, 6, 7, 8], '<'], 3, 2, 1, True], [[[0, 1, 2, 3, 4, 5, 6, 7, 8], '>>v<^>vv<<^^'], 46, 27, 12, True], [[[0, 1, 2, 3, 4, 5, 6, 7, 8], '<<'], 4, 3, 2, True], [[[0, 1, 2, 3, 4, 5, 6, 7, 8], '>^<^'], 9, 5, 4, True], [[[0, 1, 2, 3, 4, 5, 6, 7, 8], '>v<^<'], 12, 7, 5, True], [[[0, 1, 2, 3, 4, 5, 6, 7, 8], '<<^'], 8, 4, 3, True], [[[0, 1, 2, 3, 4, 5, 6, 7, 8], '<^>>^<<'], 14, 8, 7, True], [[[0, 1, 2, 3, 4, 5, 6, 7, 8], '<v>^<<'], 13, 8, 6, True], [[[0, 1, 2, 3, 4, 5, 6, 7, 8], '<^'], 6, 3, 2, True], [[[0, 1, 2, 3, 4, 5, 6, 7, 8], 'v>v<^^'], 14, 8, 6, True], [[[0, 1, 2, 3, 4, 5, 6, 7, 8], '<<^>v>^<<^'], 45, 25, 10, True], [[[0, 1, 2, 3, 4, 5, 6, 7, 8], '<^>vv<<^^'], 24, 15, 9, True], [[[0, 1, 2, 3, 4, 5, 6, 7, 8], '>vv<^^<'], 15, 9, 7, True], [[[0, 1, 2, 3, 4, 5, 6, 7, 8], 'vv>>^<^<v>>^<<'], 74, 42, 14, True], [[[0, 1, 2, 3, 4, 5, 6, 7, 8], '<^>^<<v>^<'], 22, 12, 10, True], [[[0, 1, 2, 3, 4, 5, 6, 7, 8], '<v>^<vv<^^'], 38, 20, 10, True], [[[0, 1, 2, 3, 4, 5, 6, 7, 8], 'v>v<^^'], 14, 8, 6, True], [[[0, 1, 2, 3, 4, 5, 6, 7, 8], '^<^<'], 9, 5, 4, True], [[[0, 1, 2, 3, 4, 5, 6, 7, 8], 'v<^'], 8, 4, 3, True], [[[0, 1, 2, 3, 4, 5, 6, 7, 8], '>vv<^^'], 12, 7, 6, True], [[[0, 1, 2, 3, 4, 5, 6, 7, 8], '<v>^^>vv<^<^'], 32, 18, 12, True], [[[0, 1, 2, 3, 4, 5, 6, 7, 8], 'vv>^>^<<'], 15, 9, 8, True], [[[0, 1, 2, 3, 4, 5, 6, 7, 8], '<<^^>v<^'], 15, 9, 8, True], [[[0, 1, 2, 3, 4, 5, 6, 7, 8], 'v>v<<^^'], 14, 8, 7, True], [[[0, 1, 2, 3, 4, 5, 6, 7, 8], '>^<'], 8, 4, 3, True], [[[0, 1, 2, 3, 4, 5, 6, 7, 8], '>^<<^'], 11, 6, 5, True], [[[0, 1, 2, 3, 4, 5, 6, 7, 8], '>^>^<v<^'], 20, 11, 8, True], [[[0, 1, 2, 3, 4, 5, 6, 7, 8], '>vv>^<^<'], 29, 16, 8, True], [[[0, 1, 2, 3, 4, 5, 6, 7, 8], 'v<<^'], 9, 5, 4, True], [[[0, 1, 2, 3, 4, 5, 6, 7, 8], ''], 0, 1, 0, True], [[[0, 1, 2, 3, 4, 5, 6, 7, 8], '^<^<'], 9, 5, 4, True], [[[0, 1, 2, 3, 4, 5, 6, 7, 8], '<^^'], 6, 4, 3, True], [[[0, 1, 2, 3, 4, 5, 6, 7, 8], 'v>^^<'], 11, 6, 5, True], [[[0, 1, 2, 3, 4, 5, 6, 7, 8], '^<<^'], 9, 5, 4, True], [[[0, 1, 2, 3, 4, 5, 6, 7, 8], '>vv>^<v<^^'], 24, 14, 10, True], [[[0, 1, 2, 3, 4, 5, 6, 7, 8], 'v<^^'], 9, 5, 4, True], [[[0, 1, 2, 3, 4, 5, 6, 7, 8], '<v>^^<<'], 18, 11, 7, True], [[[0, 1, 2, 3, 4, 5, 6, 7, 8], '>v<<^^'], 12, 7, 6, True], [[[0, 1, 2, 3, 4, 5, 6, 7, 8], 'v>^<^'], 12, 7, 5, True], [[[0, 1, 2, 3, 4, 5, 6, 7, 8], 'v<^'], 8, 4, 3, True], [[[0, 1, 2, 3, 4, 5, 6, 7, 8], '<'], 3, 2, 1, True], [[[0, 1, 2, 3, 4, 5, 6, 7, 8], '^<<'], 6, 4, 3, True], [[[0, 1, 2, 3, 4, 5, 6, 7, 8], '<v>v<^^'], 21, 12, 7, True], [[[0, 1, 2, 3, 4, 5, 6, 7, 8], '^^'], 4, 3, 2, True], [[[0, 1, 2, 3, 4, 5, 6, 7, 8], 'v<<v>>^<<^'], 21, 12, 10, True], [[[0, 1, 2, 3, 4, 5, 6, 7, 8], 'v<^<^'], 11, 6, 5, True], [[[0, 1, 2, 3, 4, 5, 6, 7, 8], '<v<v>>^<<^'], 21, 12, 10, True], [[[0, 1, 2, 3, 4, 5, 6, 7, 8], 'v>^<^'], 12, 7, 5, True], [[[0, 1, 2, 3, 4, 5, 6, 7, 8], '<^'], 6, 3, 2, True], [[[0, 1, 2, 3, 4, 5, 6, 7, 8], '>v<^'], 9, 5, 4, True], [[[0, 1, 2, 3, 4, 5, 6, 7, 8], '^>>v<^<'], 18, 10, 7, True], [[[0, 1, 2, 3, 4, 5, 6, 7, 8], '>>^<^<'], 12, 7, 6, True], [[[0, 1, 2, 3, 4, 5, 6, 7, 8], '^<^'], 8, 4, 3, True], [[[0, 1, 2, 3, 4, 5, 6, 7, 8], '<^>>v<<^^'], 18, 11, 9, True], [[[0, 1, 2, 3, 4, 5, 6, 7, 8], 'v<^^>v<^'], 19, 10, 8, True], [[[0, 1, 2, 3, 4, 5, 6, 7, 8], 'v<^<'], 9, 5, 4, True], [[[0, 1, 2, 3, 4, 5, 6, 7, 8], '<v>^<<'], 13, 8, 6, True], [[[0, 1, 2, 3, 4, 5, 6, 7, 8], 'vv<<^^'], 10, 7, 6, True], [[[0, 1, 2, 3, 4, 5, 6, 7, 8], ''], 0, 1, 0, True], [[[0, 1, 2, 3, 4, 5, 6, 7, 8], '>v<^^'], 12, 7, 5, True], [[[0, 1, 2, 3, 4, 5, 6, 7, 8], '>v<^'], 9, 5, 4, True], [[[0, 1, 2, 3, 4, 5, 6, 7, 8], 'vv<^^'], 11, 6, 5, True], [[[0, 1, 2, 3, 4, 5, 6, 7, 8], 'vv>^^<<'], 15, 9, 7, True], [[[0, 1, 2, 3, 4, 5, 6, 7, 8], '>v>^^<<'], 14, 8, 7, True], [[[0, 1, 2, 3, 4, 5, 6, 7, 8], '^>v<^^'], 13, 8, 6, True], [[[0, 1, 2, 3, 4, 5, 6, 7, 8], 'vv>^^<<'], 15, 9, 7, True], [[[0, 1, 2, 3, 4, 5, 6, 7, 8], '<<^^'], 7, 5, 4, True], [[[0, 1, 2, 3, 4, 5, 6, 7, 8], '^>>vv<^>^<<'], 63, 36, 11, True], [[[0, 1, 2, 3, 4, 5, 6, 7, 8], '<'], 3, 2, 1, True], [[[0, 1, 2, 3, 4, 5, 6, 7, 8], '>^<^'], 9, 5, 4, True], [[[0, 1, 2, 3, 4, 5, 6, 7, 8], '<^^'], 6, 4, 3, True], [[[0, 1, 2, 3, 4, 5, 6, 7, 8], '>v<<^'], 11, 6, 5, True], [[[0, 1, 2, 3, 4, 5, 6, 7, 8], '^>v>^<<'], 21, 12, 7, True], [[[0, 1, 2, 3, 4, 5, 6, 7, 8], '^>v>^<v<^'], 22, 12, 9, True], [[[0, 1, 2, 3, 4, 5, 6, 7, 8], '>^<<^'], 11, 6, 5, True], [[[0, 1, 2, 3, 4, 5, 6, 7, 8], '^<^<'], 9, 5, 4, True], [[[0, 1, 2, 3, 4, 5, 6, 7, 8], '^>vv<^<^'], 17, 9, 8, True], [[[0, 1, 2, 3, 4, 5, 6, 7, 8], '<^^'], 6, 4, 3, True], [[[0, 1, 2, 3, 4, 5, 6, 7, 8], '<^<'], 8, 4, 3, True], [[[0, 1, 2, 3, 4, 5, 6, 7, 8], 'v>^^<vv<^>^<'], 46, 25, 12, True], [[[0, 1, 2, 3, 4, 5, 6, 7, 8], 'v<v>^<<^'], 20, 11, 8, True], [[[0, 1, 2, 3, 4, 5, 6, 7, 8], '>^^<'], 9, 5, 4, True], [[[0, 1, 2, 3, 4, 5, 6, 7, 8], '<^<^>v<^'], 27, 14, 8, True], [[[0, 1, 2, 3, 4, 5, 6, 7, 8], '>v>^<<'], 14, 8, 6, True], [[[0, 1, 2, 3, 4, 5, 6, 7, 8], 'v>>v<^^<'], 20, 11, 8, True], [[[0, 1, 2, 3, 4, 5, 6, 7, 8], '>^<'], 8, 4, 3, True], [[[0, 1, 2, 3, 4, 5, 6, 7, 8], '<^^'], 6, 4, 3, True], [[[0, 1, 2, 3, 4, 5, 6, 7, 8], '^>>v<^^<'], 20, 11, 8, True], [[[0, 1, 2, 3, 4, 5, 6, 7, 8], '^>^<v<^'], 19, 10, 7, True], [[[0, 1, 2, 3, 4, 5, 6, 7, 8], '<v<^^'], 11, 6, 5, True], [[[0, 1, 2, 3, 4, 5, 6, 7, 8], '<<v>^<^'], 17, 9, 7, True], [[[0, 1, 2, 3, 4, 5, 6, 7, 8], '>^>^<<'], 12, 7, 6, True], [[[0, 1, 2, 3, 4, 5, 6, 7, 8], '<<^>v<^^'], 25, 15, 8, True], [[[0, 1, 2, 3, 4, 5, 6, 7, 8], ''], 0, 1, 0, True], [[[0, 1, 2, 3, 4, 5, 6, 7, 8], '>v>v<^^<'], 32, 17, 8, True], [[[0, 1, 2, 3, 4, 5, 6, 7, 8], '^>>v<v>^^<<v>^<'], 173, 104, 15, True], [[[0, 1, 2, 3, 4, 5, 6, 7, 8], '^^<<'], 7, 5, 4, True], [[[0, 1, 2, 3, 4, 5, 6, 7, 8], '>^<^<'], 11, 6, 5, True], [[[0, 1, 2, 3, 4, 5, 6, 7, 8], '>^<'], 8, 4, 3, True], [[[0, 1, 2, 3, 4, 5, 6, 7, 8], 'v>^<'], 9, 5, 4, True], [[[0, 1, 2, 3, 4, 5, 6, 7, 8], '^>^<'], 9, 5, 4, True], [[[0, 1, 2, 3, 4, 5, 6, 7, 8], '^>v<^^'], 13, 8, 6, True], [[[0, 1, 2, 3, 4, 5, 6, 7, 8], '>vv<^>^<'], 24, 13, 8, True], [[[0, 1, 2, 3, 4, 5, 6, 7, 8], 'v>v<^^'], 14, 8, 6, True], [[[0, 1, 2, 3, 4, 5, 6, 7, 8], '^<^>>v<^<'], 26, 15, 9, True], [[[0, 1, 2, 3, 4, 5, 6, 7, 8], '<vv<^^'], 12, 7, 6, True], [[[0, 1, 2, 3, 4, 5, 6, 7, 8], '^<<vv>^<^'], 24, 13, 9, True], [[[0, 1, 2, 3, 4, 5, 6, 7, 8], 'v>^<'], 9, 5, 4, True], [[[0, 1, 2, 3, 4, 5, 6, 7, 8], '>v<^'], 9, 5, 4, True], [[[0, 1, 2, 3, 4, 5, 6, 7, 8], '^^<'], 8, 4, 3, True], [[[0, 1, 2, 3, 4, 5, 6, 7, 8], '^<<v>^^<'], 20, 11, 8, True], [[[0, 1, 2, 3, 4, 5, 6, 7, 8], '>^<^'], 9, 5, 4, True], [[[0, 1, 2, 3, 4, 5, 6, 7, 8], '<^'], 6, 3, 2, True], [[[0, 1, 2, 3, 4, 5, 6, 7, 8], '^'], 3, 2, 1, True], [[[0, 1, 2, 3, 4, 5, 6, 7, 8], '^<^'], 8, 4, 3, True], [[[0, 1, 2, 3, 4, 5, 6, 7, 8], '>v<^'], 9, 5, 4, True], [[[0, 1, 2, 3, 4, 5, 6, 7, 8], '^>v<^<^'], 19, 10, 7, True], [[[0, 1, 2, 3, 4, 5, 6, 7, 8], '<<'], 4, 3, 2, True], [[[0, 1, 2, 3, 4, 5, 6, 7, 8], '<^^'], 6, 4, 3, True], [[[0, 1, 2, 3, 4, 5, 6, 7, 8], '>^<<^'], 11, 6, 5, True], [[[0, 1, 2, 3, 4, 5, 6, 7, 8], 'v>^^<'], 11, 6, 5, True], [[[0, 1, 2, 3, 4, 5, 6, 7, 8], '^<v<^'], 11, 6, 5, True], [[[0, 1, 2, 3, 4, 5, 6, 7, 8], 'v<^^<'], 11, 6, 5, True], [[[0, 1, 2, 3, 4, 5, 6, 7, 8], 'vv>^^<<'], 15, 9, 7, True], [[[0, 1, 2, 3, 4, 5, 6, 7, 8], 'v<^<'], 9, 5, 4, True], [[[0, 1, 2, 3, 4, 5, 6, 7, 8], '<'], 3, 2, 1, True], [[[0, 1, 2, 3, 4, 5, 6, 7, 8], '^>>^<<'], 12, 7, 6, True], [[[0, 1, 2, 3, 4, 5, 6, 7, 8], '<^<'], 8, 4, 3, True], [[[0, 1, 2, 3, 4, 5, 6, 7, 8], '<^>v<<^>v<^'], 51, 27, 11, True], [[[0, 1, 2, 3, 4, 5, 6, 7, 8], '^^<<'], 7, 5, 4, True], [[[0, 1, 2, 3, 4, 5, 6, 7, 8], 'v<^^<'], 11, 6, 5, True], [[[0, 1, 2, 3, 4, 5, 6, 7, 8], 'v<v<^>^<'], 20, 11, 8, True], [[[0, 1, 2, 3, 4, 5, 6, 7, 8], 'v>^^>v<^<'], 20, 11, 9, True], [[[0, 1, 2, 3, 4, 5, 6, 7, 8], '^^<<v>^<'], 15, 9, 8, True], [[[0, 1, 2, 3, 4, 5, 6, 7, 8], 'vv<<^^'], 10, 7, 6, True], [[[0, 1, 2, 3, 4, 5, 6, 7, 8], '^>v<v>^>^<<'], 44, 25, 11, True], [[[0, 1, 2, 3, 4, 5, 6, 7, 8], '^<vv>^^<<vv>^^<'], 37, 23, 15, True], [[[0, 1, 2, 3, 4, 5, 6, 7, 8], '<'], 3, 2, 1, True], [[[0, 1, 2, 3, 4, 5, 6, 7, 8], '<v>^^<<'], 18, 11, 7, True], [[[0, 1, 2, 3, 4, 5, 6, 7, 8], 'v>v<^^'], 14, 8, 6, True], [[[0, 1, 2, 3, 4, 5, 6, 7, 8], '>v<^<v>^^<'], 31, 17, 10, True], [[[0, 1, 2, 3, 4, 5, 6, 7, 8], '>v<^<'], 12, 7, 5, True], [[[0, 1, 2, 3, 4, 5, 6, 7, 8], 'v<^<^'], 11, 6, 5, True], [[[0, 1, 2, 3, 4, 5, 6, 7, 8], '>^^>v<^<'], 18, 10, 8, True], [[[0, 1, 2, 3, 4, 5, 6, 7, 8], '>>v<<^'], 12, 7, 6, True], [[[0, 1, 2, 3, 4, 5, 6, 7, 8], '>v<^<'], 12, 7, 5, True], [[[0, 1, 2, 3, 4, 5, 6, 7, 8], '^^<<'], 7, 5, 4, True], [[[0, 1, 2, 3, 4, 5, 6, 7, 8], 'vv<^^'], 11, 6, 5, True], [[[0, 1, 2, 3, 4, 5, 6, 7, 8], '<^<'], 8, 4, 3, True], [[[0, 1, 2, 3, 4, 5, 6, 7, 8], '^^>v<v>^<^<'], 32, 18, 11, True], [[[0, 1, 2, 3, 4, 5, 6, 7, 8], 'v<<^^'], 9, 6, 5, True], [[[0, 1, 2, 3, 4, 5, 6, 7, 8], 'v>^<^'], 12, 7, 5, True], [[[0, 1, 2, 3, 4, 5, 6, 7, 8], '<<^>^<'], 12, 7, 6, True], [[[0, 1, 2, 3, 4, 5, 6, 7, 8], '^<vv<^>>^<<'], 68, 38, 11, True], [[[0, 1, 2, 3, 4, 5, 6, 7, 8], '^<'], 6, 3, 2, True], [[[0, 1, 2, 3, 4, 5, 6, 7, 8], '<<'], 4, 3, 2, True], [[[0, 1, 2, 3, 4, 5, 6, 7, 8], '^<v>>^<<^'], 24, 14, 9, True], [[[0, 1, 2, 3, 4, 5, 6, 7, 8], '>^<^<'], 11, 6, 5, True], [[[0, 1, 2, 3, 4, 5, 6, 7, 8], '^<<^'], 9, 5, 4, True], [[[0, 1, 2, 3, 4, 5, 6, 7, 8], '>v>^<vv>^<<^'], 34, 19, 12, True], [[[0, 1, 2, 3, 4, 5, 6, 7, 8], '^<vv>>^<<^'], 31, 18, 10, True], [[[0, 1, 2, 3, 4, 5, 6, 7, 8], '^^'], 4, 3, 2, True], [[[0, 1, 2, 3, 4, 5, 6, 7, 8], '<'], 3, 2, 1, True], [[[0, 1, 2, 3, 4, 5, 6, 7, 8], '<^>^<'], 11, 6, 5, True], [[[0, 1, 2, 3, 4, 5, 6, 7, 8], '^<'], 6, 3, 2, True], [[[0, 1, 2, 3, 4, 5, 6, 7, 8], '^^>vv<^^<'], 20, 11, 9, True], [[[0, 1, 2, 3, 4, 5, 6, 7, 8], '^^<'], 8, 4, 3, True], [[[0, 1, 2, 3, 4, 5, 6, 7, 8], '<^^<'], 9, 5, 4, True], [[[0, 1, 2, 3, 4, 5, 6, 7, 8], '<<v>^>vv<^<^'], 83, 49, 12, True], [[[0, 1, 2, 3, 4, 5, 6, 7, 8], '^<vv<^>^<'], 34, 18, 9, True], [[[0, 1, 2, 3, 4, 5, 6, 7, 8], 'vv>^<^'], 14, 8, 6, True], [[[0, 1, 2, 3, 4, 5, 6, 7, 8], '<^'], 6, 3, 2, True], [[[0, 1, 2, 3, 4, 5, 6, 7, 8], '^<^'], 8, 4, 3, True], [[[0, 1, 2, 3, 4, 5, 6, 7, 8], ''], 0, 1, 0, True], [[[0, 1, 2, 3, 4, 5, 6, 7, 8], '>vv<^^'], 12, 7, 6, True], [[[0, 1, 2, 3, 4, 5, 6, 7, 8], 'v>^<v<^^'], 21, 12, 8, True], [[[0, 1, 2, 3, 4, 5, 6, 7, 8], 'v>^<<v>^<'], 24, 13, 9, True], [[[0, 1, 2, 3, 4, 5, 6, 7, 8], '<^^'], 6, 4, 3, True], [[[0, 1, 2, 3, 4, 5, 6, 7, 8], 'v<^'], 8, 4, 3, True], [[[0, 1, 2, 3, 4, 5, 6, 7, 8], '>vv>^^<v>v<^<^'], 68, 39, 14, True], [[[0, 1, 2, 3, 4, 5, 6, 7, 8], 'v<^<'], 9, 5, 4, True], [[[0, 1, 2, 3, 4, 5, 6, 7, 8], 'vv<<^^'], 10, 7, 6, True], [[[0, 1, 2, 3, 4, 5, 6, 7, 8], '<v<^'], 9, 5, 4, True], [[[0, 1, 2, 3, 4, 5, 6, 7, 8], '<'], 3, 2, 1, True], [[[0, 1, 2, 3, 4, 5, 6, 7, 8], '>>^<<'], 11, 6, 5, True], [[[0, 1, 2, 3, 4, 5, 6, 7, 8], 'v<^^'], 9, 5, 4, True], [[[0, 1, 2, 3, 4, 5, 6, 7, 8], '<'], 3, 2, 1, True], [[[0, 1, 2, 3, 4, 5, 6, 7, 8], 'vv>^<<^'], 19, 10, 7, True], [[[0, 1, 2, 3, 4, 5, 6, 7, 8], 'vv>^^<'], 12, 7, 6, True], [[[0, 1, 2, 3, 4, 5, 6, 7, 8], '<^>^<<v>^<'], 22, 12, 10, True], [[[0, 1, 2, 3, 4, 5, 6, 7, 8], 'v<^<^'], 11, 6, 5, True], [[[0, 1, 2, 3, 4, 5, 6, 7, 8], '<<'], 4, 3, 2, True], [[[0, 1, 2, 3, 4, 5, 6, 7, 8], '<<^'], 8, 4, 3, True], [[[0, 1, 2, 3, 4, 5, 6, 7, 8], '<<^>v<^'], 26, 13, 7, True], [[[0, 1, 2, 3, 4, 5, 6, 7, 8], '^>v>^<<'], 21, 12, 7, True], [[[0, 1, 2, 3, 4, 5, 6, 7, 8], '<<^'], 8, 4, 3, True], [[[0, 1, 2, 3, 4, 5, 6, 7, 8], ''], 0, 1, 0, True], [[[0, 1, 2, 3, 4, 5, 6, 7, 8], 'v<^'], 8, 4, 3, True], [[[0, 1, 2, 3, 4, 5, 6, 7, 8], '^^>v<^'], 12, 7, 6, True], [[[0, 1, 2, 3, 4, 5, 6, 7, 8], 'v<^<^'], 11, 6, 5, True], [[[0, 1, 2, 3, 4, 5, 6, 7, 8], '^<'], 6, 3, 2, True], [[[0, 1, 2, 3, 4, 5, 6, 7, 8], '<^>^<v<^'], 20, 11, 8, True], [[[0, 1, 2, 3, 4, 5, 6, 7, 8], '^^>>v<^<'], 20, 11, 8, True], [[[0, 1, 2, 3, 4, 5, 6, 7, 8], '<v>^<<^'], 19, 10, 7, True], [[[0, 1, 2, 3, 4, 5, 6, 7, 8], '^>^<'], 9, 5, 4, True], [[[0, 1, 2, 3, 4, 5, 6, 7, 8], '^>v<v<^^'], 23, 13, 8, True], [[[0, 1, 2, 3, 4, 5, 6, 7, 8], '<<^'], 8, 4, 3, True], [[[0, 1, 2, 3, 4, 5, 6, 7, 8], 'v<<^^>v>^<<'], 38, 21, 11, True], [[[0, 1, 2, 3, 4, 5, 6, 7, 8], '<'], 3, 2, 1, True], [[[0, 1, 2, 3, 4, 5, 6, 7, 8], 'v<^^'], 9, 5, 4, True], [[[0, 1, 2, 3, 4, 5, 6, 7, 8], 'v<<^'], 9, 5, 4, True], [[[0, 1, 2, 3, 4, 5, 6, 7, 8], '<^^>v>^<<'], 30, 17, 9, True], [[[0, 1, 2, 3, 4, 5, 6, 7, 8], 'vv>>^<^<'], 15, 9, 8, True], [[[0, 1, 2, 3, 4, 5, 6, 7, 8], 'v<^'], 8, 4, 3, True], [[[0, 1, 2, 3, 4, 5, 6, 7, 8], '<<^^>v<^'], 15, 9, 8, True], [[[0, 1, 2, 3, 4, 5, 6, 7, 8], '^<v>^^<v>>^<<'], 52, 29, 13, True], [[[0, 1, 2, 3, 4, 5, 6, 7, 8], 'vv>^<^'], 14, 8, 6, True], [[[0, 1, 2, 3, 4, 5, 6, 7, 8], '>>^^<v<^'], 15, 9, 8, True], [[[0, 1, 2, 3, 4, 5, 6, 7, 8], 'v<^'], 8, 4, 3, True], [[[0, 1, 2, 3, 4, 5, 6, 7, 8], '^<<'], 6, 4, 3, True], [[[0, 1, 2, 3, 4, 5, 6, 7, 8], '>v>^<^<'], 19, 10, 7, True], [[[0, 1, 2, 3, 4, 5, 6, 7, 8], 'vv>^^<v>^<<'], 43, 24, 11, True], [[[0, 1, 2, 3, 4, 5, 6, 7, 8], 'v>^^<<'], 12, 7, 6, True], [[[0, 1, 2, 3, 4, 5, 6, 7, 8], '<<^>^<'], 12, 7, 6, True], [[[0, 1, 2, 3, 4, 5, 6, 7, 8], '>>v<<^>>^<<'], 26, 15, 11, True], [[[0, 1, 2, 3, 4, 5, 6, 7, 8], '>^<'], 8, 4, 3, True], [[[0, 1, 2, 3, 4, 5, 6, 7, 8], 'v>^<^'], 12, 7, 5, True], [[[0, 1, 2, 3, 4, 5, 6, 7, 8], 'v>^^<v>v<^^<'], 84, 47, 12, True], [[[0, 1, 2, 3, 4, 5, 6, 7, 8], '<v>>v<<^^'], 27, 16, 9, True], [[[0, 1, 2, 3, 4, 5, 6, 7, 8], '<<^^'], 7, 5, 4, True], [[[0, 1, 2, 3, 4, 5, 6, 7, 8], '^<vv>^<^'], 24, 13, 8, True], [[[0, 1, 2, 3, 4, 5, 6, 7, 8], '>>v<^<^'], 20, 11, 7, True], [[[0, 1, 2, 3, 4, 5, 6, 7, 8], '<v>^<<'], 13, 8, 6, True], [[[0, 1, 2, 3, 4, 5, 6, 7, 8], '^>v<<^>^<vv>^<^'], 141, 80, 15, True], [[[0, 1, 2, 3, 4, 5, 6, 7, 8], '>^<<^'], 11, 6, 5, True], [[[0, 1, 2, 3, 4, 5, 6, 7, 8], '<^^'], 6, 4, 3, True], [[[0, 1, 2, 3, 4, 5, 6, 7, 8], '>v>^<^>v<<^'], 35, 20, 11, True], [[[0, 1, 2, 3, 4, 5, 6, 7, 8], '^<<^'], 9, 5, 4, True], [[[0, 1, 2, 3, 4, 5, 6, 7, 8], 'v<^^'], 9, 5, 4, True], [[[0, 1, 2, 3, 4, 5, 6, 7, 8], '<^'], 6, 3, 2, True], [[[0, 1, 2, 3, 4, 5, 6, 7, 8], '<vv>^^<'], 14, 8, 7, True], [[[0, 1, 2, 3, 4, 5, 6, 7, 8], '^<'], 6, 3, 2, True], [[[0, 1, 2, 3, 4, 5, 6, 7, 8], '<^>^<<'], 12, 7, 6, True], [[[0, 1, 2, 3, 4, 5, 6, 7, 8], 'vv>^<<^'], 19, 10, 7, True], [[[0, 1, 2, 3, 4, 5, 6, 7, 8], '^^>>v<^<'], 20, 11, 8, True], [[[0, 1, 2, 3, 4, 5, 6, 7, 8], '^<v<^^'], 12, 7, 6, True], [[[0, 1, 2, 3, 4, 5, 6, 7, 8], '^<^<'], 9, 5, 4, True], [[[0, 1, 2, 3, 4, 5, 6, 7, 8], 'v<^'], 8, 4, 3, True], [[[0, 1, 2, 3, 4, 5, 6, 7, 8], 'v>^<'], 9, 5, 4, True], [[[0, 1, 2, 3, 4, 5, 6, 7, 8], '>>v<^<'], 14, 8, 6, True], [[[0, 1, 2, 3, 4, 5, 6, 7, 8], '^<'], 6, 3, 2, True], [[[0, 1, 2, 3, 4, 5, 6, 7, 8], '>v>v<<^>^<'], 22, 12, 10, True], [[[0, 1, 2, 3, 4, 5, 6, 7, 8], '<<vv>>^<<^'], 23, 13, 10, True], [[[0, 1, 2, 3, 4, 5, 6, 7, 8], '<^>>^<<'], 14, 8, 7, True], [[[0, 1, 2, 3, 4, 5, 6, 7, 8], '^<v>v<^^'], 28, 16, 8, True], [[[0, 1, 2, 3, 4, 5, 6, 7, 8], '^>^<<'], 11, 6, 5, True], [[[0, 1, 2, 3, 4, 5, 6, 7, 8], 'v>>^^<<'], 12, 8, 7, True], [[[0, 1, 2, 3, 4, 5, 6, 7, 8], '^<'], 6, 3, 2, True], [[[0, 1, 2, 3, 4, 5, 6, 7, 8], 'vv<^^<'], 12, 7, 6, True], [[[0, 1, 2, 3, 4, 5, 6, 7, 8], '<v<^^'], 11, 6, 5, True], [[[0, 1, 2, 3, 4, 5, 6, 7, 8], '^<<'], 6, 4, 3, True], [[[0, 1, 2, 3, 4, 5, 6, 7, 8], 'v>^<'], 9, 5, 4, True], [[[0, 1, 2, 3, 4, 5, 6, 7, 8], '>^^<<'], 9, 6, 5, True], [[[0, 1, 2, 3, 4, 5, 6, 7, 8], '<v>^^<v>^<<'], 45, 26, 11, True], [[[0, 1, 2, 3, 4, 5, 6, 7, 8], '<v>v<^>^<<'], 25, 15, 10, True], [[[0, 1, 2, 3, 4, 5, 6, 7, 8], '>^<<'], 9, 5, 4, True], [[[0, 1, 2, 3, 4, 5, 6, 7, 8], '>>^^<<'], 10, 7, 6, True], [[[0, 1, 2, 3, 4, 5, 6, 7, 8], '>>^^<<'], 10, 7, 6, True], [[[0, 1, 2, 3, 4, 5, 6, 7, 8], '>v>v<^^<'], 32, 17, 8, True], [[[0, 1, 2, 3, 4, 5, 6, 7, 8], '^^'], 4, 3, 2, True], [[[0, 1, 2, 3, 4, 5, 6, 7, 8], 'v>v<^^'], 14, 8, 6, True], [[[0, 1, 2, 3, 4, 5, 6, 7, 8], '<<^>>v<^<'], 26, 15, 9, True], [[[0, 1, 2, 3, 4, 5, 6, 7, 8], '<^>v<^^<'], 31, 17, 8, True], [[[0, 1, 2, 3, 4, 5, 6, 7, 8], '<v<^^'], 11, 6, 5, True], [[[0, 1, 2, 3, 4, 5, 6, 7, 8], '>^<v<^'], 17, 9, 6, True], [[[0, 1, 2, 3, 4, 5, 6, 7, 8], '>^<<^'], 11, 6, 5, True], [[[0, 1, 2, 3, 4, 5, 6, 7, 8], '>vv<^^'], 12, 7, 6, True], [[[0, 1, 2, 3, 4, 5, 6, 7, 8], '<^>v>^^<<'], 24, 15, 9, True], [[[0, 1, 2, 3, 4, 5, 6, 7, 8], '^<^'], 8, 4, 3, True], [[[0, 1, 2, 3, 4, 5, 6, 7, 8], '^<^>>v<<^'], 19, 10, 9, True], [[[0, 1, 2, 3, 4, 5, 6, 7, 8], '<<v>^<^'], 17, 9, 7, True], [[[0, 1, 2, 3, 4, 5, 6, 7, 8], '<<^>v<^'], 26, 13, 7, True], [[[0, 1, 2, 3, 4, 5, 6, 7, 8], '^^'], 4, 3, 2, True], [[[0, 1, 2, 3, 4, 5, 6, 7, 8], '>v<^>^<<'], 21, 12, 8, True], [[[0, 1, 2, 3, 4, 5, 6, 7, 8], '<^>>v<^<^'], 26, 14, 9, True], [[[0, 1, 2, 3, 4, 5, 6, 7, 8], '>>^^<<'], 10, 7, 6, True], [[[0, 1, 2, 3, 4, 5, 6, 7, 8], '<^^'], 6, 4, 3, True], [[[0, 1, 2, 3, 4, 5, 6, 7, 8], '>^>^<<'], 12, 7, 6, True], [[[0, 1, 2, 3, 4, 5, 6, 7, 8], '>^<vv<^^'], 23, 13, 8, True], [[[0, 1, 2, 3, 4, 5, 6, 7, 8], '<v>^<'], 11, 6, 5, True], [[[0, 1, 2, 3, 4, 5, 6, 7, 8], 'v>>^^<vv<^^'], 40, 23, 11, True], [[[0, 1, 2, 3, 4, 5, 6, 7, 8], '>^<'], 8, 4, 3, True], [[[0, 1, 2, 3, 4, 5, 6, 7, 8], '>v<^'], 9, 5, 4, True], [[[0, 1, 2, 3, 4, 5, 6, 7, 8], 'v<^'], 8, 4, 3, True], [[[0, 1, 2, 3, 4, 5, 6, 7, 8], 'v<<^^'], 9, 6, 5, True], [[[0, 1, 2, 3, 4, 5, 6, 7, 8], '>vv<^<^'], 14, 8, 7, True], [[[0, 1, 2, 3, 4, 5, 6, 7, 8], '^<'], 6, 3, 2, True], [[[0, 1, 2, 3, 4, 5, 6, 7, 8], 'v<<v>^<^>v<^'], 41, 22, 12, True], [[[0, 1, 2, 3, 4, 5, 6, 7, 8], '<v>v<^>^<<'], 25, 15, 10, True], [[[0, 1, 2, 3, 4, 5, 6, 7, 8], '<<^>>^<<vv>^<^'], 106, 61, 14, True], [[[0, 1, 2, 3, 4, 5, 6, 7, 8], 'v>>^<<^'], 15, 9, 7, True], [[[0, 1, 2, 3, 4, 5, 6, 7, 8], '^>^<<'], 11, 6, 5, True], [[[0, 1, 2, 3, 4, 5, 6, 7, 8], '<v>^^<'], 17, 9, 6, True], [[[0, 1, 2, 3, 4, 5, 6, 7, 8], 'v<v>^^<'], 23, 13, 7, True], [[[0, 1, 2, 3, 4, 5, 6, 7, 8], '>>v<^>^<<'], 23, 13, 9, True], [[[0, 1, 2, 3, 4, 5, 6, 7, 8], '<v>v<^>^<'], 22, 12, 9, True], [[[0, 1, 2, 3, 4, 5, 6, 7, 8], '^>v>v<^>^<<'], 45, 26, 11, True], [[[0, 1, 2, 3, 4, 5, 6, 7, 8], 'v<^>^<'], 17, 9, 6, True], [[[0, 1, 2, 3, 4, 5, 6, 7, 8], '<^>v<<^^'], 19, 12, 8, True], [[[0, 1, 2, 3, 4, 5, 6, 7, 8], '<<^>v>^<v<^'], 48, 26, 11, True], [[[0, 1, 2, 3, 4, 5, 6, 7, 8], '^<<'], 6, 4, 3, True], [[[0, 1, 2, 3, 4, 5, 6, 7, 8], '^<v>^>v<^<'], 37, 20, 10, True], [[[0, 1, 2, 3, 4, 5, 6, 7, 8], 'v<<^^>v<^'], 17, 10, 9, True], [[[0, 1, 2, 3, 4, 5, 6, 7, 8], '>^<^'], 9, 5, 4, True], [[[0, 1, 2, 3, 4, 5, 6, 7, 8], '<vv>^<^>v>^<<'], 61, 36, 13, True], [[[0, 1, 2, 3, 4, 5, 6, 7, 8], '<'], 3, 2, 1, True], [[[0, 1, 2, 3, 4, 5, 6, 7, 8], '>^<^<vv>^^<'], 22, 12, 11, True], [[[0, 1, 2, 3, 4, 5, 6, 7, 8], '<<'], 4, 3, 2, True], [[[0, 1, 2, 3, 4, 5, 6, 7, 8], 'v<^^'], 9, 5, 4, True], [[[0, 1, 2, 3, 4, 5, 6, 7, 8], '<v>^<<^'], 19, 10, 7, True], [[[0, 1, 2, 3, 4, 5, 6, 7, 8], '^'], 3, 2, 1, True], [[[0, 1, 2, 3, 4, 5, 6, 7, 8], ''], 0, 1, 0, True], [[[0, 1, 2, 3, 4, 5, 6, 7, 8], '>^<<'], 9, 5, 4, True], [[[0, 1, 2, 3, 4, 5, 6, 7, 8], 'v>v<^^'], 14, 8, 6, True], [[[0, 1, 2, 3, 4, 5, 6, 7, 8], '^<v<^'], 11, 6, 5, True], [[[0, 1, 2, 3, 4, 5, 6, 7, 8], '<^>v>^<<'], 28, 16, 8, True], [[[0, 1, 2, 3, 4, 5, 6, 7, 8], '>^<^'], 9, 5, 4, True], [[[0, 1, 2, 3, 4, 5, 6, 7, 8], '<^^>v<^'], 14, 8, 7, True], [[[0, 1, 2, 3, 4, 5, 6, 7, 8], '>^>vv<^<^'], 28, 16, 9, True], [[[0, 1, 2, 3, 4, 5, 6, 7, 8], '^^<v<^'], 12, 7, 6, True], [[[0, 1, 2, 3, 4, 5, 6, 7, 8], '<^>v<^'], 24, 12, 6, True], [[[0, 1, 2, 3, 4, 5, 6, 7, 8], '^<<v>^>v<v<^^'], 72, 42, 13, True], [[[0, 1, 2, 3, 4, 5, 6, 7, 8], '<v>^^<'], 17, 9, 6, True], [[[0, 1, 2, 3, 4, 5, 6, 7, 8], '<<^>^>v<^<'], 21, 12, 10, True], [[[0, 1, 2, 3, 4, 5, 6, 7, 8], '>^<^<'], 11, 6, 5, True], [[[0, 1, 2, 3, 4, 5, 6, 7, 8], 'v>v>^^<v>^<<'], 42, 24, 12, True], [[[0, 1, 2, 3, 4, 5, 6, 7, 8], '<v>v<^^'], 21, 12, 7, True], [[[0, 1, 2, 3, 4, 5, 6, 7, 8], '>^<<^'], 11, 6, 5, True], [[[0, 1, 2, 3, 4, 5, 6, 7, 8], 'v<^'], 8, 4, 3, True], [[[0, 1, 2, 3, 4, 5, 6, 7, 8], '<^^>v<<^'], 20, 11, 8, True], [[[0, 1, 2, 3, 4, 5, 6, 7, 8], '^>>^<<'], 12, 7, 6, True], [[[0, 1, 2, 3, 4, 5, 6, 7, 8], 'v>^^<'], 11, 6, 5, True], [[[0, 1, 2, 3, 4, 5, 6, 7, 8], 'v>>^<v<^'], 24, 13, 8, True], [[[0, 1, 2, 3, 4, 5, 6, 7, 8], '^>>vv<<^^'], 15, 10, 9, True], [[[0, 1, 2, 3, 4, 5, 6, 7, 8], '^^>v<<^'], 19, 10, 7, True], [[[0, 1, 2, 3, 4, 5, 6, 7, 8], '^<<^'], 9, 5, 4, True], [[[0, 1, 2, 3, 4, 5, 6, 7, 8], 'v>^<^'], 12, 7, 5, True], [[[0, 1, 2, 3, 4, 5, 6, 7, 8], 'v<v<^^'], 12, 7, 6, True], [[[0, 1, 2, 3, 4, 5, 6, 7, 8], 'v>^<v<^'], 19, 10, 7, True], [[[0, 1, 2, 3, 4, 5, 6, 7, 8], '>>v<^<'], 14, 8, 6, True], [[[0, 1, 2, 3, 4, 5, 6, 7, 8], '^>^<<'], 11, 6, 5, True], [[[0, 1, 2, 3, 4, 5, 6, 7, 8], '^<vv>^<<^'], 22, 12, 9, True], [[[0, 1, 2, 3, 4, 5, 6, 7, 8], '^>v<^^<'], 19, 10, 7, True], [[[0, 1, 2, 3, 4, 5, 6, 7, 8], '<^>^<'], 11, 6, 5, True], [[[0, 1, 2, 3, 4, 5, 6, 7, 8], '>>v<<^^'], 15, 9, 7, True], [[[0, 1, 2, 3, 4, 5, 6, 7, 8], '>v>v<^^<'], 32, 17, 8, True], [[[0, 1, 2, 3, 4, 5, 6, 7, 8], '<^<'], 8, 4, 3, True], [[[0, 1, 2, 3, 4, 5, 6, 7, 8], '<^^>v<^'], 14, 8, 7, True], [[[0, 1, 2, 3, 4, 5, 6, 7, 8], 'vv>^<^>v<<^'], 34, 19, 11, True], [[[0, 1, 2, 3, 4, 5, 6, 7, 8], 'v<^<^>>v<^<'], 35, 20, 11, True], [[[0, 1, 2, 3, 4, 5, 6, 7, 8], 'v<^^>v<^<'], 21, 12, 9, True], [[[0, 1, 2, 3, 4, 5, 6, 7, 8], 'v<^<^'], 11, 6, 5, True], [[[0, 1, 2, 3, 4, 5, 6, 7, 8], '>v<^<'], 12, 7, 5, True], [[[0, 1, 2, 3, 4, 5, 6, 7, 8], 'vv>^^<'], 12, 7, 6, True], [[[0, 1, 2, 3, 4, 5, 6, 7, 8], '<^<^'], 9, 5, 4, True], [[[0, 1, 2, 3, 4, 5, 6, 7, 8], '^<v<^>^<'], 20, 11, 8, True], [[[0, 1, 2, 3, 4, 5, 6, 7, 8], '^>v<^^>v<^<'], 30, 17, 11, True], [[[0, 1, 2, 3, 4, 5, 6, 7, 8], 'v>v<^>v>^^<<'], 39, 23, 12, True], [[[0, 1, 2, 3, 4, 5, 6, 7, 8], '<v>>^^<<'], 15, 9, 8, True], [[[0, 1, 2, 3, 4, 5, 6, 7, 8], '<^'], 6, 3, 2, True], [[[0, 1, 2, 3, 4, 5, 6, 7, 8], '>^>v<^<^'], 20, 11, 8, True], [[[0, 1, 2, 3, 4, 5, 6, 7, 8], '^^<vv>^<<^'], 23, 13, 10, True], [[[0, 1, 2, 3, 4, 5, 6, 7, 8], '<v>^<'], 11, 6, 5, True], [[[0, 1, 2, 3, 4, 5, 6, 7, 8], ''], 0, 1, 0, True], [[[0, 1, 2, 3, 4, 5, 6, 7, 8], 'v<^>vv<^^'], 35, 20, 9, True], [[[0, 1, 2, 3, 4, 5, 6, 7, 8], '>v<^^'], 12, 7, 5, True], [[[0, 1, 2, 3, 4, 5, 6, 7, 8], '^'], 3, 2, 1, True], [[[0, 1, 2, 3, 4, 5, 6, 7, 8], '>^^<vv>^<^'], 28, 16, 10, True], [[[0, 1, 2, 3, 4, 5, 6, 7, 8], '<v>v<^^<'], 25, 14, 8, True], [[[0, 1, 2, 3, 4, 5, 6, 7, 8], 'v>^<v<^^'], 21, 12, 8, True], [[[0, 1, 2, 3, 4, 5, 6, 7, 8], 'v<^>>^<<'], 23, 13, 8, True], [[[0, 1, 2, 3, 4, 5, 6, 7, 8], '<<v>v<^^'], 23, 13, 8, True], [[[0, 1, 2, 3, 4, 5, 6, 7, 8], '<^>v<<^^'], 19, 12, 8, True], [[[0, 1, 2, 3, 4, 5, 6, 7, 8], '^<v<^^'], 12, 7, 6, True], [[[0, 1, 2, 3, 4, 5, 6, 7, 8], '^^>v<v>^^<'], 55, 31, 10, True], [[[0, 1, 2, 3, 4, 5, 6, 7, 8], 'v>^<v<^^'], 21, 12, 8, True], [[[0, 1, 2, 3, 4, 5, 6, 7, 8], '>>v<^<'], 14, 8, 6, True], [[[0, 1, 2, 3, 4, 5, 6, 7, 8], '^<'], 6, 3, 2, True], [[[0, 1, 2, 3, 4, 5, 6, 7, 8], '<vv<^^'], 12, 7, 6, True], [[[0, 1, 2, 3, 4, 5, 6, 7, 8], 'v<^>^<'], 17, 9, 6, True], [[[0, 1, 2, 3, 4, 5, 6, 7, 8], 'vv>^<^<'], 20, 11, 7, True], [[[0, 1, 2, 3, 4, 5, 6, 7, 8], '>^>v<^<^'], 20, 11, 8, True], [[[0, 1, 2, 3, 4, 5, 6, 7, 8], '^>v>^<<^'], 25, 14, 8, True], [[[0, 1, 2, 3, 4, 5, 6, 7, 8], 'v<<^'], 9, 5, 4, True], [[[0, 1, 2, 3, 4, 5, 6, 7, 8], '>^^>v<<^'], 20, 11, 8, True], [[[0, 1, 2, 3, 4, 5, 6, 7, 8], ''], 0, 1, 0, True], [[[0, 1, 2, 3, 4, 5, 6, 7, 8], '<^'], 6, 3, 2, True], [[[0, 1, 2, 3, 4, 5, 6, 7, 8], 'vv>^^<v>^<<'], 43, 24, 11, True], [[[0, 1, 2, 3, 4, 5, 6, 7, 8], '>v<^'], 9, 5, 4, True], [[[0, 1, 2, 3, 4, 5, 6, 7, 8], '<<'], 4, 3, 2, True], [[[0, 1, 2, 3, 4, 5, 6, 7, 8], '>v<^<^'], 17, 9, 6, True], [[[0, 1, 2, 3, 4, 5, 6, 7, 8], 'vv<^^<'], 12, 7, 6, True], [[[0, 1, 2, 3, 4, 5, 6, 7, 8], '>^^<'], 9, 5, 4, True], [[[0, 1, 2, 3, 4, 5, 6, 7, 8], '>vv>^<<^'], 20, 11, 8, True], [[[0, 1, 2, 3, 4, 5, 6, 7, 8], '^^<<'], 7, 5, 4, True], [[[0, 1, 2, 3, 4, 5, 6, 7, 8], '>vv<^^'], 12, 7, 6, True], [[[0, 1, 2, 3, 4, 5, 6, 7, 8], '^<<^'], 9, 5, 4, True], [[[0, 1, 2, 3, 4, 5, 6, 7, 8], '^<'], 6, 3, 2, True], [[[0, 1, 2, 3, 4, 5, 6, 7, 8], '^<<^'], 9, 5, 4, True], [[[0, 1, 2, 3, 4, 5, 6, 7, 8], '>v<^'], 9, 5, 4, True], [[[0, 1, 2, 3, 4, 5, 6, 7, 8], ''], 0, 1, 0, True], [[[0, 1, 2, 3, 4, 5, 6, 7, 8], '^<^'], 8, 4, 3, True], [[[0, 1, 2, 3, 4, 5, 6, 7, 8], '^^<<'], 7, 5, 4, True], [[[0, 1, 2, 3, 4, 5, 6, 7, 8], 'v<^'], 8, 4, 3, True], [[[0, 1, 2, 3, 4, 5, 6, 7, 8], 'vv<^>^<<'], 23, 13, 8, True], [[[0, 1, 2, 3, 4, 5, 6, 7, 8], '^<'], 6, 3, 2, True], [[[0, 1, 2, 3, 4, 5, 6, 7, 8], '>>^<vv<^^'], 26, 15, 9, True], [[[0, 1, 2, 3, 4, 5, 6, 7, 8], 'vv<<^^'], 10, 7, 6, True], [[[0, 1, 2, 3, 4, 5, 6, 7, 8], '^<<'], 6, 4, 3, True], [[[0, 1, 2, 3, 4, 5, 6, 7, 8], '>^<v<^^'], 18, 11, 7, True], [[[0, 1, 2, 3, 4, 5, 6, 7, 8], '>^<^'], 9, 5, 4, True], [[[0, 1, 2, 3, 4, 5, 6, 7, 8], 'v>^<^'], 12, 7, 5, True], [[[0, 1, 2, 3, 4, 5, 6, 7, 8], '<^<'], 8, 4, 3, True], [[[0, 1, 2, 3, 4, 5, 6, 7, 8], 'v>v<^^'], 14, 8, 6, True], [[[0, 1, 2, 3, 4, 5, 6, 7, 8], '^<v>^<^>>v<^<'], 72, 42, 13, True], [[[0, 1, 2, 3, 4, 5, 6, 7, 8], 'v<^^'], 9, 5, 4, True], [[[0, 1, 2, 3, 4, 5, 6, 7, 8], 'vv>^^<<'], 15, 9, 7, True], [[[0, 1, 2, 3, 4, 5, 6, 7, 8], '^'], 3, 2, 1, True], [[[0, 1, 2, 3, 4, 5, 6, 7, 8], '<'], 3, 2, 1, True], [[[0, 1, 2, 3, 4, 5, 6, 7, 8], '<v<^'], 9, 5, 4, True], [[[0, 1, 2, 3, 4, 5, 6, 7, 8], '^>^<v<v>^<^'], 46, 26, 11, True], [[[0, 1, 2, 3, 4, 5, 6, 7, 8], '^>>v<^<^'], 22, 12, 8, True], [[[0, 1, 2, 3, 4, 5, 6, 7, 8], 'v<<^'], 9, 5, 4, True], [[[0, 1, 2, 3, 4, 5, 6, 7, 8], 'v>>^<^<'], 14, 8, 7, True], [[[0, 1, 2, 3, 4, 5, 6, 7, 8], 'v<^^>vv<^^<'], 24, 14, 11, True], [[[0, 1, 2, 3, 4, 5, 6, 7, 8], '<<^^'], 7, 5, 4, True], [[[0, 1, 2, 3, 4, 5, 6, 7, 8], 'v>^<^<v>^>v<<^'], 91, 52, 14, True], [[[0, 1, 2, 3, 4, 5, 6, 7, 8], 'v>>^<<'], 12, 7, 6, True], [[[0, 1, 2, 3, 4, 5, 6, 7, 8], '<^^'], 6, 4, 3, True], [[[0, 1, 2, 3, 4, 5, 6, 7, 8], '>>^<<^'], 12, 7, 6, True], [[[0, 1, 2, 3, 4, 5, 6, 7, 8], '^<<'], 6, 4, 3, True], [[[0, 1, 2, 3, 4, 5, 6, 7, 8], '>^<v<^>vv<^^'], 49, 27, 12, True], [[[0, 1, 2, 3, 4, 5, 6, 7, 8], '<v>^^<<'], 18, 11, 7, True], [[[0, 1, 2, 3, 4, 5, 6, 7, 8], '<^'], 6, 3, 2, True], [[[0, 1, 2, 3, 4, 5, 6, 7, 8], '<^<'], 8, 4, 3, True], [[[0, 1, 2, 3, 4, 5, 6, 7, 8], '^'], 3, 2, 1, True], [[[0, 1, 2, 3, 4, 5, 6, 7, 8], '<^'], 6, 3, 2, True], [[[0, 1, 2, 3, 4, 5, 6, 7, 8], '<v>v<^>^<<'], 25, 15, 10, True], [[[0, 1, 2, 3, 4, 5, 6, 7, 8], '^<v<^>^<'], 20, 11, 8, True], [[[0, 1, 2, 3, 4, 5, 6, 7, 8], ''], 0, 1, 0, True], [[[0, 1, 2, 3, 4, 5, 6, 7, 8], '>^^<'], 9, 5, 4, True], [[[0, 1, 2, 3, 4, 5, 6, 7, 8], '<v<^^'], 11, 6, 5, True], [[[0, 1, 2, 3, 4, 5, 6, 7, 8], 'v>>^<^>v<^<'], 35, 20, 11, True], [[[0, 1, 2, 3, 4, 5, 6, 7, 8], 'v<^<^'], 11, 6, 5, True], [[[0, 1, 2, 3, 4, 5, 6, 7, 8], '<<'], 4, 3, 2, True], [[[0, 1, 2, 3, 4, 5, 6, 7, 8], '^>v>v<^>^<<'], 45, 26, 11, True], [[[0, 1, 2, 3, 4, 5, 6, 7, 8], '^<^'], 8, 4, 3, True], [[[0, 1, 2, 3, 4, 5, 6, 7, 8], '>v<^'], 9, 5, 4, True], [[[0, 1, 2, 3, 4, 5, 6, 7, 8], '<v<^'], 9, 5, 4, True], [[[0, 1, 2, 3, 4, 5, 6, 7, 8], '^>v<<^^'], 18, 11, 7, True], [[[0, 1, 2, 3, 4, 5, 6, 7, 8], '<^'], 6, 3, 2, True], [[[0, 1, 2, 3, 4, 5, 6, 7, 8], '^>v>v<^>^<<'], 45, 26, 11, True], [[[0, 1, 2, 3, 4, 5, 6, 7, 8], '^<^'], 8, 4, 3, True], [[[0, 1, 2, 3, 4, 5, 6, 7, 8], '>v>^<<^'], 20, 11, 7, True], [[[0, 1, 2, 3, 4, 5, 6, 7, 8], '<v<^'], 9, 5, 4, True], [[[0, 1, 2, 3, 4, 5, 6, 7, 8], '^^<'], 8, 4, 3, True], [[[0, 1, 2, 3, 4, 5, 6, 7, 8], 'v<<^>>v<^<'], 28, 16, 10, True], [[[0, 1, 2, 3, 4, 5, 6, 7, 8], 'v>^<^'], 12, 7, 5, True], [[[0, 1, 2, 3, 4, 5, 6, 7, 8], '<v>^<<'], 13, 8, 6, True], [[[0, 1, 2, 3, 4, 5, 6, 7, 8], 'v>^^<'], 11, 6, 5, True], [[[0, 1, 2, 3, 4, 5, 6, 7, 8], '>>^<^<'], 12, 7, 6, True], [[[0, 1, 2, 3, 4, 5, 6, 7, 8], '^>>^<<'], 12, 7, 6, True], [[[0, 1, 2, 3, 4, 5, 6, 7, 8], '<^<v>^>^<<'], 26, 15, 10, True], [[[0, 1, 2, 3, 4, 5, 6, 7, 8], '^>^<'], 9, 5, 4, True], [[[0, 1, 2, 3, 4, 5, 6, 7, 8], '>^>^<<'], 12, 7, 6, True], [[[0, 1, 2, 3, 4, 5, 6, 7, 8], 'v<<^>^<'], 14, 8, 7, True], [[[0, 1, 2, 3, 4, 5, 6, 7, 8], '^<<^>>v<<^'], 20, 11, 10, True], [[[0, 1, 2, 3, 4, 5, 6, 7, 8], '^>^<<'], 11, 6, 5, True], [[[0, 1, 2, 3, 4, 5, 6, 7, 8], 'vv<^<^'], 12, 7, 6, True], [[[0, 1, 2, 3, 4, 5, 6, 7, 8], '<<vv>^<^>v<^'], 56, 30, 12, True], [[[0, 1, 2, 3, 4, 5, 6, 7, 8], '<v>^<<^'], 19, 10, 7, True], [[[0, 1, 2, 3, 4, 5, 6, 7, 8], '^<^'], 8, 4, 3, True], [[[0, 1, 2, 3, 4, 5, 6, 7, 8], '^<^'], 8, 4, 3, True], [[[0, 1, 2, 3, 4, 5, 6, 7, 8], '<<^^'], 7, 5, 4, True], [[[0, 1, 2, 3, 4, 5, 6, 7, 8], '<<'], 4, 3, 2, True], [[[0, 1, 2, 3, 4, 5, 6, 7, 8], '<^>^<<'], 12, 7, 6, True], [[[0, 1, 2, 3, 4, 5, 6, 7, 8], '^^<<'], 7, 5, 4, True], [[[0, 1, 2, 3, 4, 5, 6, 7, 8], '^>>^<<'], 12, 7, 6, True], [[[0, 1, 2, 3, 4, 5, 6, 7, 8], '>^<<^'], 11, 6, 5, True], [[[0, 1, 2, 3, 4, 5, 6, 7, 8], '^^'], 4, 3, 2, True], [[[0, 1, 2, 3, 4, 5, 6, 7, 8], '^<v<^>v>^<<'], 41, 22, 11, True], [[[0, 1, 2, 3, 4, 5, 6, 7, 8], '^<v>>^<<'], 22, 12, 8, True], [[[0, 1, 2, 3, 4, 5, 6, 7, 8], '<'], 3, 2, 1, True], [[[0, 1, 2, 3, 4, 5, 6, 7, 8], 'v<<^'], 9, 5, 4, True], [[[0, 1, 2, 3, 4, 5, 6, 7, 8], '<^'], 6, 3, 2, True], [[[0, 1, 2, 3, 4, 5, 6, 7, 8], '^<'], 6, 3, 2, True], [[[0, 1, 2, 3, 4, 5, 6, 7, 8], '<^>v<^'], 24, 12, 6, True], [[[0, 1, 2, 3, 4, 5, 6, 7, 8], '<<^^'], 7, 5, 4, True], [[[0, 1, 2, 3, 4, 5, 6, 7, 8], '^<<v>>v<^^<'], 28, 16, 11, True], [[[0, 1, 2, 3, 4, 5, 6, 7, 8], '^>>v<^>^<v>v<<^^'], 122, 72, 16, True], [[[0, 1, 2, 3, 4, 5, 6, 7, 8], 'v<^>^<'], 17, 9, 6, True], [[[0, 1, 2, 3, 4, 5, 6, 7, 8], '^>v<^^<'], 19, 10, 7, True], [[[0, 1, 2, 3, 4, 5, 6, 7, 8], '<v>^^<vv<^^'], 30, 18, 11, True], [[[0, 1, 2, 3, 4, 5, 6, 7, 8], '>vv<^>^<v<^'], 43, 24, 11, True], [[[0, 1, 2, 3, 4, 5, 6, 7, 8], '^>^<<'], 11, 6, 5, True], [[[0, 1, 2, 3, 4, 5, 6, 7, 8], '^^<<v>^<'], 15, 9, 8, True], [[[0, 1, 2, 3, 4, 5, 6, 7, 8], '^'], 3, 2, 1, True], [[[0, 1, 2, 3, 4, 5, 6, 7, 8], 'vv>^^<<'], 15, 9, 7, True], [[[0, 1, 2, 3, 4, 5, 6, 7, 8], '^^<<'], 7, 5, 4, True], [[[0, 1, 2, 3, 4, 5, 6, 7, 8], '>^^<<'], 9, 6, 5, True], [[[0, 1, 2, 3, 4, 5, 6, 7, 8], '<v>^<^<'], 19, 10, 7, True], [[[0, 1, 2, 3, 4, 5, 6, 7, 8], '<^<'], 8, 4, 3, True], [[[0, 1, 2, 3, 4, 5, 6, 7, 8], '^>v<v>^^<v>v<^^'], 214, 128, 15, True], [[[0, 1, 2, 3, 4, 5, 6, 7, 8], 'v<^'], 8, 4, 3, True], [[[0, 1, 2, 3, 4, 5, 6, 7, 8], '^>v<^^>v<^'], 25, 14, 10, True], [[[0, 1, 2, 3, 4, 5, 6, 7, 8], '^<<'], 6, 4, 3, True], [[[0, 1, 2, 3, 4, 5, 6, 7, 8], '^<^<'], 9, 5, 4, True], [[[0, 1, 2, 3, 4, 5, 6, 7, 8], '<v>^<'], 11, 6, 5, True], [[[0, 1, 2, 3, 4, 5, 6, 7, 8], '^<vv>^<v<^^'], 27, 16, 11, True], [[[0, 1, 2, 3, 4, 5, 6, 7, 8], 'vv>^^<<'], 15, 9, 7, True], [[[0, 1, 2, 3, 4, 5, 6, 7, 8], '^<<^'], 9, 5, 4, True], [[[0, 1, 2, 3, 4, 5, 6, 7, 8], 'v<^>v<<^'], 38, 20, 8, True], [[[0, 1, 2, 3, 4, 5, 6, 7, 8], '>v<<^'], 11, 6, 5, True], [[[0, 1, 2, 3, 4, 5, 6, 7, 8], '<vv>^<^<'], 22, 12, 8, True], [[[0, 1, 2, 3, 4, 5, 6, 7, 8], '<<^>>^<v<^'], 42, 23, 10, True], [[[0, 1, 2, 3, 4, 5, 6, 7, 8], '<<^>v<^'], 26, 13, 7, True], [[[0, 1, 2, 3, 4, 5, 6, 7, 8], '>>^<<^'], 12, 7, 6, True], [[[0, 1, 2, 3, 4, 5, 6, 7, 8], '>vv>^<^<'], 29, 16, 8, True], [[[0, 1, 2, 3, 4, 5, 6, 7, 8], 'vv<^^'], 11, 6, 5, True], [[[0, 1, 2, 3, 4, 5, 6, 7, 8], '>^<^'], 9, 5, 4, True], [[[0, 1, 2, 3, 4, 5, 6, 7, 8], '^>v<<^'], 17, 9, 6, True], [[[0, 1, 2, 3, 4, 5, 6, 7, 8], '<^>>v<^<^'], 26, 14, 9, True], [[[0, 1, 2, 3, 4, 5, 6, 7, 8], '>>^<<v>^<'], 21, 12, 9, True], [[[0, 1, 2, 3, 4, 5, 6, 7, 8], '^<v<^^'], 12, 7, 6, True], [[[0, 1, 2, 3, 4, 5, 6, 7, 8], 'v>^<^>v<^<'], 39, 22, 10, True], [[[0, 1, 2, 3, 4, 5, 6, 7, 8], '<v>^>v<<^^'], 53, 32, 10, True], [[[0, 1, 2, 3, 4, 5, 6, 7, 8], '^<v<^>^<'], 20, 11, 8, True], [[[0, 1, 2, 3, 4, 5, 6, 7, 8], ''], 0, 1, 0, True], [[[0, 1, 2, 3, 4, 5, 6, 7, 8], '^^<<'], 7, 5, 4, True], [[[0, 1, 2, 3, 4, 5, 6, 7, 8], '>v<^>^<<'], 21, 12, 8, True], [[[0, 1, 2, 3, 4, 5, 6, 7, 8], '^^>v>^<<'], 23, 13, 8, True], [[[0, 1, 2, 3, 4, 5, 6, 7, 8], '>>^<^<'], 12, 7, 6, True], [[[0, 1, 2, 3, 4, 5, 6, 7, 8], '>^<<^'], 11, 6, 5, True], [[[0, 1, 2, 3, 4, 5, 6, 7, 8], '^>v<^<'], 15, 8, 6, True], [[[0, 1, 2, 3, 4, 5, 6, 7, 8], 'v<^'], 8, 4, 3, True], [[[0, 1, 2, 3, 4, 5, 6, 7, 8], 'vv>^^<'], 12, 7, 6, True], [[[0, 1, 2, 3, 4, 5, 6, 7, 8], '<'], 3, 2, 1, True], [[[0, 1, 2, 3, 4, 5, 6, 7, 8], 'v<v<^^'], 12, 7, 6, True], [[[0, 1, 2, 3, 4, 5, 6, 7, 8], '^<<'], 6, 4, 3, True], [[[0, 1, 2, 3, 4, 5, 6, 7, 8], '>v<^^<'], 17, 9, 6, True], [[[0, 1, 2, 3, 4, 5, 6, 7, 8], 'v>^<<^'], 17, 9, 6, True], [[[0, 1, 2, 3, 4, 5, 6, 7, 8], '^<vv>^^<'], 17, 9, 8, True], [[[0, 1, 2, 3, 4, 5, 6, 7, 8], ''], 0, 1, 0, True], [[[0, 1, 2, 3, 4, 5, 6, 7, 8], '<vv<^^>v<^'], 23, 13, 10, True], [[[0, 1, 2, 3, 4, 5, 6, 7, 8], 'v>>^^<<'], 12, 8, 7, True], [[[0, 1, 2, 3, 4, 5, 6, 7, 8], 'v<^'], 8, 4, 3, True], [[[0, 1, 2, 3, 4, 5, 6, 7, 8], '^>v<^<^'], 19, 10, 7, True], [[[0, 1, 2, 3, 4, 5, 6, 7, 8], '>v<^'], 9, 5, 4, True], [[[0, 1, 2, 3, 4, 5, 6, 7, 8], '^<'], 6, 3, 2, True], [[[0, 1, 2, 3, 4, 5, 6, 7, 8], '^^>vv<^^<'], 20, 11, 9, True], [[[0, 1, 2, 3, 4, 5, 6, 7, 8], 'v<<^'], 9, 5, 4, True], [[[0, 1, 2, 3, 4, 5, 6, 7, 8], '<^^'], 6, 4, 3, True], [[[0, 1, 2, 3, 4, 5, 6, 7, 8], 'v<<v>^<^'], 18, 10, 8, True], [[[0, 1, 2, 3, 4, 5, 6, 7, 8], 'vv<^>^<'], 20, 11, 7, True], [[[0, 1, 2, 3, 4, 5, 6, 7, 8], '<v<^^'], 11, 6, 5, True], [[[0, 1, 2, 3, 4, 5, 6, 7, 8], '<<^>v<^'], 26, 13, 7, True], [[[0, 1, 2, 3, 4, 5, 6, 7, 8], '>^<^<'], 11, 6, 5, True], [[[0, 1, 2, 3, 4, 5, 6, 7, 8], '^<v<^'], 11, 6, 5, True], [[[0, 1, 2, 3, 4, 5, 6, 7, 8], '^^<<'], 7, 5, 4, True], [[[0, 1, 2, 3, 4, 5, 6, 7, 8], '<^^'], 6, 4, 3, True], [[[0, 1, 2, 3, 4, 5, 6, 7, 8], '>>^^<<'], 10, 7, 6, True], [[[0, 1, 2, 3, 4, 5, 6, 7, 8], '>>^^<<'], 10, 7, 6, True], [[[0, 1, 2, 3, 4, 5, 6, 7, 8], '<<^'], 8, 4, 3, True], [[[0, 1, 2, 3, 4, 5, 6, 7, 8], '>^^>v<^<'], 18, 10, 8, True], [[[0, 1, 2, 3, 4, 5, 6, 7, 8], 'v>v<^^'], 14, 8, 6, True], [[[0, 1, 2, 3, 4, 5, 6, 7, 8], '<vv>>^^<<'], 15, 10, 9, True], [[[0, 1, 2, 3, 4, 5, 6, 7, 8], 'vv>^<^<'], 20, 11, 7, True], [[[0, 1, 2, 3, 4, 5, 6, 7, 8], '^>vv<^^<'], 18, 10, 8, True], [[[0, 1, 2, 3, 4, 5, 6, 7, 8], '>v<^<'], 12, 7, 5, True], [[[0, 1, 2, 3, 4, 5, 6, 7, 8], '<v<^^'], 11, 6, 5, True], [[[0, 1, 2, 3, 4, 5, 6, 7, 8], '>v>^<<'], 14, 8, 6, True], [[[0, 1, 2, 3, 4, 5, 6, 7, 8], 'v>^^>v<<^'], 23, 13, 9, True], [[[0, 1, 2, 3, 4, 5, 6, 7, 8], '<v<^^'], 11, 6, 5, True], [[[0, 1, 2, 3, 4, 5, 6, 7, 8], '<vv>>^^<<'], 15, 10, 9, True], [[[0, 1, 2, 3, 4, 5, 6, 7, 8], '>v>^<<^'], 20, 11, 7, True], [[[0, 1, 2, 3, 4, 5, 6, 7, 8], '<<'], 4, 3, 2, True], [[[0, 1, 2, 3, 4, 5, 6, 7, 8], 'vv<^^<'], 12, 7, 6, True], [[[0, 1, 2, 3, 4, 5, 6, 7, 8], 'v<<^>>^<<'], 21, 13, 9, True], [[[0, 1, 2, 3, 4, 5, 6, 7, 8], '^<^'], 8, 4, 3, True], [[[0, 1, 2, 3, 4, 5, 6, 7, 8], 'v<v>^^<'], 23, 13, 7, True], [[[0, 1, 2, 3, 4, 5, 6, 7, 8], '^<<v>v>^<^<'], 25, 14, 11, True], [[[0, 1, 2, 3, 4, 5, 6, 7, 8], 'vv<<^>^<'], 15, 9, 8, True], [[[0, 1, 2, 3, 4, 5, 6, 7, 8], '<v>>^<<'], 14, 8, 7, True], [[[0, 1, 2, 3, 4, 5, 6, 7, 8], '<<^'], 8, 4, 3, True], [[[0, 1, 2, 3, 4, 5, 6, 7, 8], '<v<^^>v>^<<'], 48, 28, 11, True], [[[0, 1, 2, 3, 4, 5, 6, 7, 8], '^<<^'], 9, 5, 4, True], [[[0, 1, 2, 3, 4, 5, 6, 7, 8], '>v<v<^^'], 14, 8, 7, True], [[[0, 1, 2, 3, 4, 5, 6, 7, 8], '<^>^<<'], 12, 7, 6, True], [[[0, 1, 2, 3, 4, 5, 6, 7, 8], '^>>v<^<^'], 22, 12, 8, True], [[[0, 1, 2, 3, 4, 5, 6, 7, 8], '^>>v<^<'], 18, 10, 7, True], [[[0, 1, 2, 3, 4, 5, 6, 7, 8], '<<v>^<'], 12, 7, 6, True], [[[0, 1, 2, 3, 4, 5, 6, 7, 8], 'v<^<'], 9, 5, 4, True], [[[0, 1, 2, 3, 4, 5, 6, 7, 8], 'v>^^>v<<^'], 23, 13, 9, True], [[[0, 1, 2, 3, 4, 5, 6, 7, 8], 'v>^^<v<^'], 17, 9, 8, True], [[[0, 1, 2, 3, 4, 5, 6, 7, 8], '>v>v<^<^'], 20, 11, 8, True], [[[0, 1, 2, 3, 4, 5, 6, 7, 8], '<<^^>vv<^^'], 18, 11, 10, True], [[[0, 1, 2, 3, 4, 5, 6, 7, 8], '<'], 3, 2, 1, True], [[[0, 1, 2, 3, 4, 5, 6, 7, 8], '^<'], 6, 3, 2, True], [[[0, 1, 2, 3, 4, 5, 6, 7, 8], '>v<v>^^<'], 30, 16, 8, True], [[[0, 1, 2, 3, 4, 5, 6, 7, 8], 'vv<^^<'], 12, 7, 6, True], [[[0, 1, 2, 3, 4, 5, 6, 7, 8], 'v>^<'], 9, 5, 4, True], [[[0, 1, 2, 3, 4, 5, 6, 7, 8], '>v<v>^<^<'], 23, 13, 9, True], [[[0, 1, 2, 3, 4, 5, 6, 7, 8], '>v<<^'], 11, 6, 5, True], [[[0, 1, 2, 3, 4, 5, 6, 7, 8], '>^^<<v>^<'], 17, 10, 9, True], [[[0, 1, 2, 3, 4, 5, 6, 7, 8], '<<'], 4, 3, 2, True], [[[0, 1, 2, 3, 4, 5, 6, 7, 8], '<<'], 4, 3, 2, True], [[[0, 1, 2, 3, 4, 5, 6, 7, 8], '<'], 3, 2, 1, True], [[[0, 1, 2, 3, 4, 5, 6, 7, 8], ''], 0, 1, 0, True], [[[0, 1, 2, 3, 4, 5, 6, 7, 8], '>^<^>v<^<'], 30, 17, 9, True], [[[0, 1, 2, 3, 4, 5, 6, 7, 8], '^<v>^<<'], 29, 16, 7, True], [[[0, 1, 2, 3, 4, 5, 6, 7, 8], '>>vv<^>^<<'], 42, 23, 10, True], [[[0, 1, 2, 3, 4, 5, 6, 7, 8], '<v<^^'], 11, 6, 5, True], [[[0, 1, 2, 3, 4, 5, 6, 7, 8], 'v>^>v<<^^'], 40, 23, 9, True], [[[0, 1, 2, 3, 4, 5, 6, 7, 8], '>^<^'], 9, 5, 4, True], [[[0, 1, 2, 3, 4, 5, 6, 7, 8], 'vv<^<^'], 12, 7, 6, True], [[[0, 1, 2, 3, 4, 5, 6, 7, 8], '>^<<v>>v<<^^'], 50, 29, 12, True], [[[0, 1, 2, 3, 4, 5, 6, 7, 8], '^'], 3, 2, 1, True], [[[0, 1, 2, 3, 4, 5, 6, 7, 8], '<v>^<<^'], 19, 10, 7, True], [[[0, 1, 2, 3, 4, 5, 6, 7, 8], '^<<v>v>^<v<^^'], 58, 34, 13, True], [[[0, 1, 2, 3, 4, 5, 6, 7, 8], 'vv<^<v>^^<'], 23, 13, 10, True], [[[0, 1, 2, 3, 4, 5, 6, 7, 8], '<^^'], 6, 4, 3, True], [[[0, 1, 2, 3, 4, 5, 6, 7, 8], '>vv<^<^'], 14, 8, 7, True], [[[0, 1, 2, 3, 4, 5, 6, 7, 8], '>^<'], 8, 4, 3, True], [[[0, 1, 2, 3, 4, 5, 6, 7, 8], '<<^'], 8, 4, 3, True], [[[0, 1, 2, 3, 4, 5, 6, 7, 8], '<v>^<<v>^<'], 25, 14, 10, True], [[[0, 1, 2, 3, 4, 5, 6, 7, 8], '^<^<'], 9, 5, 4, True], [[[0, 1, 2, 3, 4, 5, 6, 7, 8], '^>v>^<v<^'], 22, 12, 9, True], [[[0, 1, 2, 3, 4, 5, 6, 7, 8], '<<^^'], 7, 5, 4, True], [[[0, 1, 2, 3, 4, 5, 6, 7, 8], '<^^<'], 9, 5, 4, True], [[[0, 1, 2, 3, 4, 5, 6, 7, 8], '>^>vv<^^<'], 20, 11, 9, True], [[[0, 1, 2, 3, 4, 5, 6, 7, 8], '^<<'], 6, 4, 3, True], [[[0, 1, 2, 3, 4, 5, 6, 7, 8], 'v<^^<'], 11, 6, 5, True], [[[0, 1, 2, 3, 4, 5, 6, 7, 8], '<<v>^<'], 12, 7, 6, True], [[[0, 1, 2, 3, 4, 5, 6, 7, 8], '<^>^<<'], 12, 7, 6, True], [[[0, 1, 2, 3, 4, 5, 6, 7, 8], '^^<vv>^^<<'], 19, 12, 10, True], [[[0, 1, 2, 3, 4, 5, 6, 7, 8], 'vv>^^>vv<^^<'], 24, 14, 12, True], [[[0, 1, 2, 3, 4, 5, 6, 7, 8], '^<v>v>^^<<'], 28, 16, 10, True], [[[0, 1, 2, 3, 4, 5, 6, 7, 8], '<'], 3, 2, 1, True], [[[0, 1, 2, 3, 4, 5, 6, 7, 8], '^>>^<<'], 12, 7, 6, True], [[[0, 1, 2, 3, 4, 5, 6, 7, 8], '>^<^'], 9, 5, 4, True], [[[0, 1, 2, 3, 4, 5, 6, 7, 8], '<v<^^'], 11, 6, 5, True], [[[0, 1, 2, 3, 4, 5, 6, 7, 8], '>>v<v<^^'], 15, 9, 8, True], [[[0, 1, 2, 3, 4, 5, 6, 7, 8], '^^<<'], 7, 5, 4, True], [[[0, 1, 2, 3, 4, 5, 6, 7, 8], 'v<^<^'], 11, 6, 5, True], [[[0, 1, 2, 3, 4, 5, 6, 7, 8], 'v>>^<<'], 12, 7, 6, True], [[[0, 1, 2, 3, 4, 5, 6, 7, 8], '>v>v<^^<'], 32, 17, 8, True], [[[0, 1, 2, 3, 4, 5, 6, 7, 8], '>v<^'], 9, 5, 4, True], [[[0, 1, 2, 3, 4, 5, 6, 7, 8], 'v>^<vv<^^'], 25, 14, 9, True], [[[0, 1, 2, 3, 4, 5, 6, 7, 8], '>>v<^<'], 14, 8, 6, True], [[[0, 1, 2, 3, 4, 5, 6, 7, 8], 'vv<^^<'], 12, 7, 6, True], [[[0, 1, 2, 3, 4, 5, 6, 7, 8], '^<<^'], 9, 5, 4, True], [[[0, 1, 2, 3, 4, 5, 6, 7, 8], '<^<^>v<^'], 27, 14, 8, True], [[[0, 1, 2, 3, 4, 5, 6, 7, 8], 'vv>^^<'], 12, 7, 6, True], [[[0, 1, 2, 3, 4, 5, 6, 7, 8], '^<v>v<^^'], 28, 16, 8, True], [[[0, 1, 2, 3, 4, 5, 6, 7, 8], 'v<^'], 8, 4, 3, True], [[[0, 1, 2, 3, 4, 5, 6, 7, 8], '<v>^>v<^<^'], 29, 16, 10, True], [[[0, 1, 2, 3, 4, 5, 6, 7, 8], '^^'], 4, 3, 2, True], [[[0, 1, 2, 3, 4, 5, 6, 7, 8], '^^>v<^<'], 17, 9, 7, True], [[[0, 1, 2, 3, 4, 5, 6, 7, 8], '>>v<^<^'], 20, 11, 7, True], [[[0, 1, 2, 3, 4, 5, 6, 7, 8], 'v<^<'], 9, 5, 4, True], [[[0, 1, 2, 3, 4, 5, 6, 7, 8], '^^'], 4, 3, 2, True], [[[0, 1, 2, 3, 4, 5, 6, 7, 8], '^^>>v<^<'], 20, 11, 8, True], [[[0, 1, 2, 3, 4, 5, 6, 7, 8], '<^>vv<^^'], 22, 12, 8, True], [[[0, 1, 2, 3, 4, 5, 6, 7, 8], '^>^<'], 9, 5, 4, True], [[[0, 1, 2, 3, 4, 5, 6, 7, 8], '^<^<'], 9, 5, 4, True], [[[0, 1, 2, 3, 4, 5, 6, 7, 8], '>v>^<<'], 14, 8, 6, True], [[[0, 1, 2, 3, 4, 5, 6, 7, 8], '<<^^'], 7, 5, 4, True], [[[0, 1, 2, 3, 4, 5, 6, 7, 8], 'vv>^^>vv<^^<'], 24, 14, 12, True], [[[0, 1, 2, 3, 4, 5, 6, 7, 8], 'v>^^<<'], 12, 7, 6, True], [[[0, 1, 2, 3, 4, 5, 6, 7, 8], '^^>v<v>^<^>v<^'], 129, 75, 14, True], [[[0, 1, 2, 3, 4, 5, 6, 7, 8], '<v>^^<<'], 18, 11, 7, True], [[[0, 1, 2, 3, 4, 5, 6, 7, 8], '^<<v>^<^'], 18, 10, 8, True], [[[0, 1, 2, 3, 4, 5, 6, 7, 8], '>>^<v<^^'], 23, 13, 8, True], [[[0, 1, 2, 3, 4, 5, 6, 7, 8], '<<^>v<^'], 26, 13, 7, True], [[[0, 1, 2, 3, 4, 5, 6, 7, 8], '^>>vv<^^<'], 21, 12, 9, True], [[[0, 1, 2, 3, 4, 5, 6, 7, 8], '^>vv<^^'], 14, 8, 7, True], [[[0, 1, 2, 3, 4, 5, 6, 7, 8], '^>v<^^'], 13, 8, 6, True], [[[0, 1, 2, 3, 4, 5, 6, 7, 8], '<<^>>^<v<^'], 42, 23, 10, True], [[[0, 1, 2, 3, 4, 5, 6, 7, 8], '^<<^'], 9, 5, 4, True], [[[0, 1, 2, 3, 4, 5, 6, 7, 8], '^>^>v<^<'], 18, 10, 8, True], [[[0, 1, 2, 3, 4, 5, 6, 7, 8], '^'], 3, 2, 1, True], [[[0, 1, 2, 3, 4, 5, 6, 7, 8], '>^<v>^>v<^<^'], 73, 41, 12, True], [[[0, 1, 2, 3, 4, 5, 6, 7, 8], '<^>>vv<^<^'], 29, 17, 10, True], [[[0, 1, 2, 3, 4, 5, 6, 7, 8], 'v<^^<'], 11, 6, 5, True], [[[0, 1, 2, 3, 4, 5, 6, 7, 8], 'v<<^>>^<<'], 21, 13, 9, True], [[[0, 1, 2, 3, 4, 5, 6, 7, 8], '<<v>>^^<<'], 21, 13, 9, True], [[[0, 1, 2, 3, 4, 5, 6, 7, 8], '^<^>v<^'], 26, 13, 7, True], [[[0, 1, 2, 3, 4, 5, 6, 7, 8], '^<v<^'], 11, 6, 5, True], [[[0, 1, 2, 3, 4, 5, 6, 7, 8], '^>vv<^>^<'], 36, 20, 9, True], [[[0, 1, 2, 3, 4, 5, 6, 7, 8], '^>^<<'], 11, 6, 5, True], [[[0, 1, 2, 3, 4, 5, 6, 7, 8], '>v>^<<'], 14, 8, 6, True], [[[0, 1, 2, 3, 4, 5, 6, 7, 8], '<<v>^<'], 12, 7, 6, True], [[[0, 1, 2, 3, 4, 5, 6, 7, 8], '>^<'], 8, 4, 3, True], [[[0, 1, 2, 3, 4, 5, 6, 7, 8], '^<'], 6, 3, 2, True], [[[0, 1, 2, 3, 4, 5, 6, 7, 8], '>^<<'], 9, 5, 4, True], [[[0, 1, 2, 3, 4, 5, 6, 7, 8], '>^<v<^'], 17, 9, 6, True], [[[0, 1, 2, 3, 4, 5, 6, 7, 8], '^<^>>v<^<'], 26, 15, 9, True], [[[0, 1, 2, 3, 4, 5, 6, 7, 8], '^^<<'], 7, 5, 4, True], [[[0, 1, 2, 3, 4, 5, 6, 7, 8], '>>^<<^'], 12, 7, 6, True], [[[0, 1, 2, 3, 4, 5, 6, 7, 8], '<^<^'], 9, 5, 4, True], [[[0, 1, 2, 3, 4, 5, 6, 7, 8], '>^^<'], 9, 5, 4, True], [[[0, 1, 2, 3, 4, 5, 6, 7, 8], '^<^'], 8, 4, 3, True], [[[0, 1, 2, 3, 4, 5, 6, 7, 8], '^<v>^^>vv<^<^'], 34, 19, 13, True], [[[0, 1, 2, 3, 4, 5, 6, 7, 8], '<^<^'], 9, 5, 4, True], [[[0, 1, 2, 3, 4, 5, 6, 7, 8], 'v>^<<^'], 17, 9, 6, True], [[[0, 1, 2, 3, 4, 5, 6, 7, 8], '>^<^>vv<<^^'], 59, 34, 11, True], [[[0, 1, 2, 3, 4, 5, 6, 7, 8], '>vv<^^'], 12, 7, 6, True], [[[0, 1, 2, 3, 4, 5, 6, 7, 8], '^<v>v<<^^>v<^'], 68, 40, 13, True], [[[0, 1, 2, 3, 4, 5, 6, 7, 8], '^'], 3, 2, 1, True], [[[0, 1, 2, 3, 4, 5, 6, 7, 8], '^<<'], 6, 4, 3, True], [[[0, 1, 2, 3, 4, 5, 6, 7, 8], '>>^<<^'], 12, 7, 6, True], [[[0, 1, 2, 3, 4, 5, 6, 7, 8], '>^^<'], 9, 5, 4, True], [[[0, 1, 2, 3, 4, 5, 6, 7, 8], '^<<vv>>^^<<'], 18, 12, 11, True], [[[0, 1, 2, 3, 4, 5, 6, 7, 8], '>v<^^'], 12, 7, 5, True], [[[0, 1, 2, 3, 4, 5, 6, 7, 8], '>>v<v<^>^>vv<^^<'], 128, 74, 16, True], [[[0, 1, 2, 3, 4, 5, 6, 7, 8], '^<v<^>>vv<^<^'], 105, 62, 13, True], [[[0, 1, 2, 3, 4, 5, 6, 7, 8], '>v<^>^<<'], 21, 12, 8, True], [[[0, 1, 2, 3, 4, 5, 6, 7, 8], '>^<<'], 9, 5, 4, True], [[[0, 1, 2, 3, 4, 5, 6, 7, 8], '<<^>v<^'], 26, 13, 7, True], [[[0, 1, 2, 3, 4, 5, 6, 7, 8], '^<'], 6, 3, 2, True], [[[0, 1, 2, 3, 4, 5, 6, 7, 8], '^<<'], 6, 4, 3, True], [[[0, 1, 2, 3, 4, 5, 6, 7, 8], '<<v>^<'], 12, 7, 6, True], [[[0, 1, 2, 3, 4, 5, 6, 7, 8], '>^<<v>^^<'], 22, 12, 9, True], [[[0, 1, 2, 3, 4, 5, 6, 7, 8], 'vv>>^<<^'], 17, 10, 8, True], [[[0, 1, 2, 3, 4, 5, 6, 7, 8], '<<'], 4, 3, 2, True], [[[0, 1, 2, 3, 4, 5, 6, 7, 8], '>^<<'], 9, 5, 4, True], [[[0, 1, 2, 3, 4, 5, 6, 7, 8], '<^'], 6, 3, 2, True], [[[0, 1, 2, 3, 4, 5, 6, 7, 8], 'vv>^^>v<<^'], 28, 16, 10, True], [[[0, 1, 2, 3, 4, 5, 6, 7, 8], 'v<^<'], 9, 5, 4, True], [[[0, 1, 2, 3, 4, 5, 6, 7, 8], 'v<^<^>>v<^<'], 35, 20, 11, True], [[[0, 1, 2, 3, 4, 5, 6, 7, 8], '>>v<<^'], 12, 7, 6, True], [[[0, 1, 2, 3, 4, 5, 6, 7, 8], '>^^<<'], 9, 6, 5, True], [[[0, 1, 2, 3, 4, 5, 6, 7, 8], '>v<^^'], 12, 7, 5, True], [[[0, 1, 2, 3, 4, 5, 6, 7, 8], 'v<^'], 8, 4, 3, True], [[[0, 1, 2, 3, 4, 5, 6, 7, 8], '^>v<^<^'], 19, 10, 7, True], [[[0, 1, 2, 3, 4, 5, 6, 7, 8], 'v>>^<^>v<^<'], 35, 20, 11, True], [[[0, 1, 2, 3, 4, 5, 6, 7, 8], 'v>>^<<'], 12, 7, 6, True], [[[0, 1, 2, 3, 4, 5, 6, 7, 8], '>^>v<<^^'], 26, 15, 8, True], [[[0, 1, 2, 3, 4, 5, 6, 7, 8], '>vv<^>>^<<'], 28, 16, 10, True], [[[0, 1, 2, 3, 4, 5, 6, 7, 8], '>^<^>v<^<'], 30, 17, 9, True], [[[0, 1, 2, 3, 4, 5, 6, 7, 8], 'v>^^<vv>^^<'], 31, 17, 11, True], [[[0, 1, 2, 3, 4, 5, 6, 7, 8], '^>v<^'], 11, 6, 5, True], [[[0, 1, 2, 3, 4, 5, 6, 7, 8], '>>^^<<'], 10, 7, 6, True], [[[0, 1, 2, 3, 4, 5, 6, 7, 8], 'v<<^^'], 9, 6, 5, True], [[[0, 1, 2, 3, 4, 5, 6, 7, 8], '>v<^'], 9, 5, 4, True], [[[0, 1, 2, 3, 4, 5, 6, 7, 8], '>^<^<'], 11, 6, 5, True], [[[0, 1, 2, 3, 4, 5, 6, 7, 8], 'v<<^^'], 9, 6, 5, True], [[[0, 1, 2, 3, 4, 5, 6, 7, 8], '>>^^<<'], 10, 7, 6, True], [[[0, 1, 2, 3, 4, 5, 6, 7, 8], '<v<^^'], 11, 6, 5, True], [[[0, 1, 2, 3, 4, 5, 6, 7, 8], '<^>v<^^'], 24, 14, 7, True], [[[0, 1, 2, 3, 4, 5, 6, 7, 8], '<'], 3, 2, 1, True], [[[0, 1, 2, 3, 4, 5, 6, 7, 8], '<^^<'], 9, 5, 4, True], [[[0, 1, 2, 3, 4, 5, 6, 7, 8], '>v<^<'], 12, 7, 5, True], [[[0, 1, 2, 3, 4, 5, 6, 7, 8], 'vv<^^>v<<^>v<^'], 49, 27, 14, True], [[[0, 1, 2, 3, 4, 5, 6, 7, 8], '<<^>v<^^'], 25, 15, 8, True], [[[0, 1, 2, 3, 4, 5, 6, 7, 8], '>^>v<<^>>^<<'], 41, 25, 12, True], [[[0, 1, 2, 3, 4, 5, 6, 7, 8], '>^^<vv<^>^<'], 46, 24, 11, True], [[[0, 1, 2, 3, 4, 5, 6, 7, 8], '<v>^<vv>^<^<'], 48, 27, 12, True], [[[0, 1, 2, 3, 4, 5, 6, 7, 8], '>^<'], 8, 4, 3, True], [[[0, 1, 2, 3, 4, 5, 6, 7, 8], '^'], 3, 2, 1, True], [[[0, 1, 2, 3, 4, 5, 6, 7, 8], '^<<'], 6, 4, 3, True], [[[0, 1, 2, 3, 4, 5, 6, 7, 8], '<^^'], 6, 4, 3, True], [[[0, 1, 2, 3, 4, 5, 6, 7, 8], '^<'], 6, 3, 2, True], [[[0, 1, 2, 3, 4, 5, 6, 7, 8], '>^>v<^^<'], 20, 11, 8, True], [[[0, 1, 2, 3, 4, 5, 6, 7, 8], 'vv<<^^'], 10, 7, 6, True], [[[0, 1, 2, 3, 4, 5, 6, 7, 8], '^>v>^<<'], 21, 12, 7, True], [[[0, 1, 2, 3, 4, 5, 6, 7, 8], 'v<^<'], 9, 5, 4, True], [[[0, 1, 2, 3, 4, 5, 6, 7, 8], 'v<^'], 8, 4, 3, True], [[[0, 1, 2, 3, 4, 5, 6, 7, 8], 'v>^<<^'], 17, 9, 6, True], [[[0, 1, 2, 3, 4, 5, 6, 7, 8], 'v<<^^'], 9, 6, 5, True], [[[0, 1, 2, 3, 4, 5, 6, 7, 8], 'v>v<^^>v<^'], 31, 17, 10, True], [[[0, 1, 2, 3, 4, 5, 6, 7, 8], '^>vv<^^<'], 18, 10, 8, True], [[[0, 1, 2, 3, 4, 5, 6, 7, 8], '<vv<^^'], 12, 7, 6, True], [[[0, 1, 2, 3, 4, 5, 6, 7, 8], 'v>^^<'], 11, 6, 5, True], [[[0, 1, 2, 3, 4, 5, 6, 7, 8], '<v>^<<'], 13, 8, 6, True], [[[0, 1, 2, 3, 4, 5, 6, 7, 8], '^>v<v>^<^<'], 29, 16, 10, True], [[[0, 1, 2, 3, 4, 5, 6, 7, 8], 'v>v<^^'], 14, 8, 6, True], [[[0, 1, 2, 3, 4, 5, 6, 7, 8], '<vv>^<^>v<<^'], 44, 25, 12, True], [[[0, 1, 2, 3, 4, 5, 6, 7, 8], '<<v>^^<'], 19, 10, 7, True], [[[0, 1, 2, 3, 4, 5, 6, 7, 8], '>^<v<^'], 17, 9, 6, True], [[[0, 1, 2, 3, 4, 5, 6, 7, 8], '^>^<'], 9, 5, 4, True], [[[0, 1, 2, 3, 4, 5, 6, 7, 8], '^<<'], 6, 4, 3, True], [[[0, 1, 2, 3, 4, 5, 6, 7, 8], '>^>vv<^^<'], 20, 11, 9, True], [[[0, 1, 2, 3, 4, 5, 6, 7, 8], '<^<^>v>^<<'], 33, 20, 10, True], [[[0, 1, 2, 3, 4, 5, 6, 7, 8], 'v<<^>vv<^^'], 25, 14, 10, True], [[[0, 1, 2, 3, 4, 5, 6, 7, 8], '>v<^'], 9, 5, 4, True], [[[0, 1, 2, 3, 4, 5, 6, 7, 8], '^^'], 4, 3, 2, True], [[[0, 1, 2, 3, 4, 5, 6, 7, 8], 'v>^>v<<^>^<'], 39, 22, 11, True], [[[0, 1, 2, 3, 4, 5, 6, 7, 8], '<<^^'], 7, 5, 4, True], [[[0, 1, 2, 3, 4, 5, 6, 7, 8], '^>>v<<^>v<^'], 48, 26, 11, True], [[[0, 1, 2, 3, 4, 5, 6, 7, 8], '<v<^'], 9, 5, 4, True], [[[0, 1, 2, 3, 4, 5, 6, 7, 8], 'v<<v>^<^'], 18, 10, 8, True], [[[0, 1, 2, 3, 4, 5, 6, 7, 8], '<v<^'], 9, 5, 4, True], [[[0, 1, 2, 3, 4, 5, 6, 7, 8], 'v>>^<^<'], 14, 8, 7, True], [[[0, 1, 2, 3, 4, 5, 6, 7, 8], '<^'], 6, 3, 2, True], [[[0, 1, 2, 3, 4, 5, 6, 7, 8], 'v>>^<vv<^^'], 28, 16, 10, True], [[[0, 1, 2, 3, 4, 5, 6, 7, 8], '^<<'], 6, 4, 3, True], [[[0, 1, 2, 3, 4, 5, 6, 7, 8], 'v<v>>^<v<^^'], 51, 30, 11, True], [[[0, 1, 2, 3, 4, 5, 6, 7, 8], '<^>v<v<^^'], 25, 14, 9, True], [[[0, 1, 2, 3, 4, 5, 6, 7, 8], '^<'], 6, 3, 2, True], [[[0, 1, 2, 3, 4, 5, 6, 7, 8], '<vv<^>^<'], 22, 12, 8, True], [[[0, 1, 2, 3, 4, 5, 6, 7, 8], '^<v>^^<<'], 19, 12, 8, True], [[[0, 1, 2, 3, 4, 5, 6, 7, 8], '>v<^>^<'], 19, 10, 7, True], [[[0, 1, 2, 3, 4, 5, 6, 7, 8], '>^<v<^'], 17, 9, 6, True], [[[0, 1, 2, 3, 4, 5, 6, 7, 8], 'v>^^<<'], 12, 7, 6, True], [[[0, 1, 2, 3, 4, 5, 6, 7, 8], '<<'], 4, 3, 2, True], [[[0, 1, 2, 3, 4, 5, 6, 7, 8], '^'], 3, 2, 1, True], [[[0, 1, 2, 3, 4, 5, 6, 7, 8], '^>v<v>>^<^<'], 65, 36, 11, True], [[[0, 1, 2, 3, 4, 5, 6, 7, 8], '<^>v<^'], 24, 12, 6, True], [[[0, 1, 2, 3, 4, 5, 6, 7, 8], '>v>^<<v>^<'], 31, 17, 10, True], [[[0, 1, 2, 3, 4, 5, 6, 7, 8], '<^>v<<^>>v<<^^'], 65, 39, 14, True], [[[0, 1, 2, 3, 4, 5, 6, 7, 8], '<'], 3, 2, 1, True], [[[0, 1, 2, 3, 4, 5, 6, 7, 8], '^<^<'], 9, 5, 4, True], [[[0, 1, 2, 3, 4, 5, 6, 7, 8], 'v<<^'], 9, 5, 4, True], [[[0, 1, 2, 3, 4, 5, 6, 7, 8], '>^<^>v<v<^^'], 32, 19, 11, True], [[[0, 1, 2, 3, 4, 5, 6, 7, 8], '^^<v<^'], 12, 7, 6, True], [[[0, 1, 2, 3, 4, 5, 6, 7, 8], '>>v<v>^<<^'], 23, 13, 10, True], [[[0, 1, 2, 3, 4, 5, 6, 7, 8], '^<v>^^<<'], 19, 12, 8, True], [[[0, 1, 2, 3, 4, 5, 6, 7, 8], '<'], 3, 2, 1, True], [[[0, 1, 2, 3, 4, 5, 6, 7, 8], '>vv<<^>^>v<<^'], 54, 29, 13, True], [[[0, 1, 2, 3, 4, 5, 6, 7, 8], 'vv<<^^'], 10, 7, 6, True], [[[0, 1, 2, 3, 4, 5, 6, 7, 8], 'v<<^'], 9, 5, 4, True], [[[0, 1, 2, 3, 4, 5, 6, 7, 8], ''], 0, 1, 0, True], [[[0, 1, 2, 3, 4, 5, 6, 7, 8], '^<'], 6, 3, 2, True], [[[0, 1, 2, 3, 4, 5, 6, 7, 8], '>^>^<v>v<^<^'], 34, 19, 12, True], [[[0, 1, 2, 3, 4, 5, 6, 7, 8], '>^<^>v<<^'], 22, 12, 9, True], [[[0, 1, 2, 3, 4, 5, 6, 7, 8], '<<^'], 8, 4, 3, True], [[[0, 1, 2, 3, 4, 5, 6, 7, 8], 'v>^^<v<^'], 17, 9, 8, True], [[[0, 1, 2, 3, 4, 5, 6, 7, 8], '>v<^'], 9, 5, 4, True], [[[0, 1, 2, 3, 4, 5, 6, 7, 8], '>v<^^'], 12, 7, 5, True], [[[0, 1, 2, 3, 4, 5, 6, 7, 8], '^<vv<^^'], 14, 8, 7, True], [[[0, 1, 2, 3, 4, 5, 6, 7, 8], '>v<^>v>^<<'], 37, 21, 10, True], [[[0, 1, 2, 3, 4, 5, 6, 7, 8], '^^>vv<<^>^<'], 26, 15, 11, True], [[[0, 1, 2, 3, 4, 5, 6, 7, 8], '>^<<^'], 11, 6, 5, True], [[[0, 1, 2, 3, 4, 5, 6, 7, 8], '>^<vv<^^'], 23, 13, 8, True], [[[0, 1, 2, 3, 4, 5, 6, 7, 8], '>v<^<'], 12, 7, 5, True], [[[0, 1, 2, 3, 4, 5, 6, 7, 8], '^^<v>v<<^^'], 32, 18, 10, True], [[[0, 1, 2, 3, 4, 5, 6, 7, 8], 'vv>^<^'], 14, 8, 6, True], [[[0, 1, 2, 3, 4, 5, 6, 7, 8], '>^<^<'], 11, 6, 5, True], [[[0, 1, 2, 3, 4, 5, 6, 7, 8], 'v>v<^>^<'], 20, 11, 8, True], [[[0, 1, 2, 3, 4, 5, 6, 7, 8], '<^^<'], 9, 5, 4, True], [[[0, 1, 2, 3, 4, 5, 6, 7, 8], '<^>v>^^<<'], 24, 15, 9, True], [[[0, 1, 2, 3, 4, 5, 6, 7, 8], '^>vv<^^'], 14, 8, 7, True], [[[0, 1, 2, 3, 4, 5, 6, 7, 8], 'v<v<^^'], 12, 7, 6, True], [[[0, 1, 2, 3, 4, 5, 6, 7, 8], '^'], 3, 2, 1, True], [[[0, 1, 2, 3, 4, 5, 6, 7, 8], '^^<<vv>^^<'], 18, 11, 10, True], [[[0, 1, 2, 3, 4, 5, 6, 7, 8], '<<^'], 8, 4, 3, True], [[[0, 1, 2, 3, 4, 5, 6, 7, 8], '>^<^>v>^<<'], 33, 20, 10, True], [[[0, 1, 2, 3, 4, 5, 6, 7, 8], '<^>vv<^^<'], 24, 14, 9, True], [[[0, 1, 2, 3, 4, 5, 6, 7, 8], ''], 0, 1, 0, True], [[[0, 1, 2, 3, 4, 5, 6, 7, 8], '>>^<<^'], 12, 7, 6, True], [[[0, 1, 2, 3, 4, 5, 6, 7, 8], '^<^'], 8, 4, 3, True], [[[0, 1, 2, 3, 4, 5, 6, 7, 8], '^<<'], 6, 4, 3, True], [[[0, 1, 2, 3, 4, 5, 6, 7, 8], '>vv<^^<'], 15, 9, 7, True], [[[0, 1, 2, 3, 4, 5, 6, 7, 8], '^<'], 6, 3, 2, True], [[[0, 1, 2, 3, 4, 5, 6, 7, 8], 'vv>^<^'], 14, 8, 6, True], [[[0, 1, 2, 3, 4, 5, 6, 7, 8], 'v>^<<^'], 17, 9, 6, True], [[[0, 1, 2, 3, 4, 5, 6, 7, 8], '<^<^'], 9, 5, 4, True], [[[0, 1, 2, 3, 4, 5, 6, 7, 8], '^^<<'], 7, 5, 4, True], [[[0, 1, 2, 3, 4, 5, 6, 7, 8], '^^'], 4, 3, 2, True], [[[0, 1, 2, 3, 4, 5, 6, 7, 8], '<^'], 6, 3, 2, True], [[[0, 1, 2, 3, 4, 5, 6, 7, 8], 'v<<^'], 9, 5, 4, True], [[[0, 1, 2, 3, 4, 5, 6, 7, 8], '<'], 3, 2, 1, True], [[[0, 1, 2, 3, 4, 5, 6, 7, 8], '>^<'], 8, 4, 3, True], [[[0, 1, 2, 3, 4, 5, 6, 7, 8], 'v>^>^<v<^'], 23, 13, 9, True], [[[0, 1, 2, 3, 4, 5, 6, 7, 8], '^^<<'], 7, 5, 4, True], [[[0, 1, 2, 3, 4, 5, 6, 7, 8], 'vv<^>^<<'], 23, 13, 8, True], [[[0, 1, 2, 3, 4, 5, 6, 7, 8], 'v<^'], 8, 4, 3, True], [[[0, 1, 2, 3, 4, 5, 6, 7, 8], '^<'], 6, 3, 2, True], [[[0, 1, 2, 3, 4, 5, 6, 7, 8], '<v<^'], 9, 5, 4, True], [[[0, 1, 2, 3, 4, 5, 6, 7, 8], '>>^<<'], 11, 6, 5, True], [[[0, 1, 2, 3, 4, 5, 6, 7, 8], '<v<v>^<^'], 18, 10, 8, True], [[[0, 1, 2, 3, 4, 5, 6, 7, 8], 'v>^<'], 9, 5, 4, True], [[[0, 1, 2, 3, 4, 5, 6, 7, 8], '>vv>^^<<'], 17, 10, 8, True], [[[0, 1, 2, 3, 4, 5, 6, 7, 8], 'v>^^<'], 11, 6, 5, True], [[[0, 1, 2, 3, 4, 5, 6, 7, 8], '^<^'], 8, 4, 3, True], [[[0, 1, 2, 3, 4, 5, 6, 7, 8], 'v>>^^<<'], 12, 8, 7, True], [[[0, 1, 2, 3, 4, 5, 6, 7, 8], '^<<'], 6, 4, 3, True], [[[0, 1, 2, 3, 4, 5, 6, 7, 8], '^>^<'], 9, 5, 4, True], [[[0, 1, 2, 3, 4, 5, 6, 7, 8], '<<^'], 8, 4, 3, True], [[[0, 1, 2, 3, 4, 5, 6, 7, 8], '^<^>>v<v<^^'], 31, 18, 11, True], [[[0, 1, 2, 3, 4, 5, 6, 7, 8], '<<^>^<'], 12, 7, 6, True], [[[0, 1, 2, 3, 4, 5, 6, 7, 8], '^^<vv<^>>^<<'], 69, 39, 12, True], [[[0, 1, 2, 3, 4, 5, 6, 7, 8], '<v>^<'], 11, 6, 5, True], [[[0, 1, 2, 3, 4, 5, 6, 7, 8], '^>v<^<v>>^<<'], 66, 39, 12, True], [[[0, 1, 2, 3, 4, 5, 6, 7, 8], '^<^<'], 9, 5, 4, True], [[[0, 1, 2, 3, 4, 5, 6, 7, 8], '<^>^<vv>^<v<^^'], 76, 43, 14, True], [[[0, 1, 2, 3, 4, 5, 6, 7, 8], '>^<^>v<^'], 27, 14, 8, True], [[[0, 1, 2, 3, 4, 5, 6, 7, 8], 'v<v>^<^<'], 20, 11, 8, True], [[[0, 1, 2, 3, 4, 5, 6, 7, 8], '^<<'], 6, 4, 3, True], [[[0, 1, 2, 3, 4, 5, 6, 7, 8], '<<'], 4, 3, 2, True], [[[0, 1, 2, 3, 4, 5, 6, 7, 8], '>^<<^'], 11, 6, 5, True], [[[0, 1, 2, 3, 4, 5, 6, 7, 8], 'v>>v<^^<'], 20, 11, 8, True], [[[0, 1, 2, 3, 4, 5, 6, 7, 8], 'v>v<^^<'], 20, 11, 7, True], [[[0, 1, 2, 3, 4, 5, 6, 7, 8], '<^^<'], 9, 5, 4, True], [[[0, 1, 2, 3, 4, 5, 6, 7, 8], '<<'], 4, 3, 2, True], [[[0, 1, 2, 3, 4, 5, 6, 7, 8], '^>v>^<<v>^<'], 42, 24, 11, True], [[[0, 1, 2, 3, 4, 5, 6, 7, 8], 'vv<^<^'], 12, 7, 6, True], [[[0, 1, 2, 3, 4, 5, 6, 7, 8], 'v>v<^>^<'], 20, 11, 8, True], [[[0, 1, 2, 3, 4, 5, 6, 7, 8], '<^^'], 6, 4, 3, True], [[[0, 1, 2, 3, 4, 5, 6, 7, 8], '>v>^<<'], 14, 8, 6, True], [[[0, 1, 2, 3, 4, 5, 6, 7, 8], '^<'], 6, 3, 2, True], [[[0, 1, 2, 3, 4, 5, 6, 7, 8], '>>v<<^^'], 15, 9, 7, True], [[[0, 1, 2, 3, 4, 5, 6, 7, 8], '^>v<^'], 11, 6, 5, True], [[[0, 1, 2, 3, 4, 5, 6, 7, 8], '>vv<<^^'], 12, 8, 7, True], [[[0, 1, 2, 3, 4, 5, 6, 7, 8], '<<v>^<'], 12, 7, 6, True], [[[0, 1, 2, 3, 4, 5, 6, 7, 8], '^<'], 6, 3, 2, True], [[[0, 1, 2, 3, 4, 5, 6, 7, 8], 'v>^^<<'], 12, 7, 6, True], [[[0, 1, 2, 3, 4, 5, 6, 7, 8], ''], 0, 1, 0, True], [[[0, 1, 2, 3, 4, 5, 6, 7, 8], '^>v<^^<'], 19, 10, 7, True], [[[0, 1, 2, 3, 4, 5, 6, 7, 8], '^^>v<^'], 12, 7, 6, True], [[[0, 1, 2, 3, 4, 5, 6, 7, 8], 'v<^<v>>^<^<'], 43, 25, 11, True], [[[0, 1, 2, 3, 4, 5, 6, 7, 8], '<<^>v>^<v<^'], 48, 26, 11, True], [[[0, 1, 2, 3, 4, 5, 6, 7, 8], '<v>^<'], 11, 6, 5, True], [[[0, 1, 2, 3, 4, 5, 6, 7, 8], '<v>^^<<'], 18, 11, 7, True], [[[0, 1, 2, 3, 4, 5, 6, 7, 8], '>^^>v<^<'], 18, 10, 8, True], [[[0, 1, 2, 3, 4, 5, 6, 7, 8], '<<v>^<'], 12, 7, 6, True], [[[0, 1, 2, 3, 4, 5, 6, 7, 8], '<'], 3, 2, 1, True], [[[0, 1, 2, 3, 4, 5, 6, 7, 8], '>^<<'], 9, 5, 4, True], [[[0, 1, 2, 3, 4, 5, 6, 7, 8], 'v>^<^<'], 17, 9, 6, True], [[[0, 1, 2, 3, 4, 5, 6, 7, 8], '^>v>^^<vv<^>^<'], 60, 34, 14, True], [[[0, 1, 2, 3, 4, 5, 6, 7, 8], 'vv<<^>>^<<'], 26, 15, 10, True], [[[0, 1, 2, 3, 4, 5, 6, 7, 8], 'v<^<^'], 11, 6, 5, True], [[[0, 1, 2, 3, 4, 5, 6, 7, 8], '>v<^^'], 12, 7, 5, True], [[[0, 1, 2, 3, 4, 5, 6, 7, 8], '<<'], 4, 3, 2, True], [[[0, 1, 2, 3, 4, 5, 6, 7, 8], '>^<v<^'], 17, 9, 6, True], [[[0, 1, 2, 3, 4, 5, 6, 7, 8], '<vv<^^>vv>^^<v<^'], 41, 24, 16, True], [[[0, 1, 2, 3, 4, 5, 6, 7, 8], '>^>^<<'], 12, 7, 6, True], [[[0, 1, 2, 3, 4, 5, 6, 7, 8], '>^<^<'], 11, 6, 5, True], [[[0, 1, 2, 3, 4, 5, 6, 7, 8], '>^<^>v<^'], 27, 14, 8, True], [[[0, 1, 2, 3, 4, 5, 6, 7, 8], '^'], 3, 2, 1, True], [[[0, 1, 2, 3, 4, 5, 6, 7, 8], 'v<v>^^<'], 23, 13, 7, True], [[[0, 1, 2, 3, 4, 5, 6, 7, 8], '<<^'], 8, 4, 3, True], [[[0, 1, 2, 3, 4, 5, 6, 7, 8], 'v>^^<'], 11, 6, 5, True], [[[0, 1, 2, 3, 4, 5, 6, 7, 8], 'v<^<'], 9, 5, 4, True], [[[0, 1, 2, 3, 4, 5, 6, 7, 8], 'v>^<^'], 12, 7, 5, True], [[[0, 1, 2, 3, 4, 5, 6, 7, 8], '^<v<^^>v>^<<v>^<'], 162, 97, 16, True], [[[0, 1, 2, 3, 4, 5, 6, 7, 8], 'v<<^^'], 9, 6, 5, True], [[[0, 1, 2, 3, 4, 5, 6, 7, 8], '^>^<vv>^^<'], 40, 22, 10, True], [[[0, 1, 2, 3, 4, 5, 6, 7, 8], '>^>^<<'], 12, 7, 6, True], [[[0, 1, 2, 3, 4, 5, 6, 7, 8], 'v>^<<'], 12, 7, 5, True], [[[0, 1, 2, 3, 4, 5, 6, 7, 8], '^<v>>v<<^^'], 41, 24, 10, True], [[[0, 1, 2, 3, 4, 5, 6, 7, 8], '>>^<v<^'], 20, 11, 7, True], [[[0, 1, 2, 3, 4, 5, 6, 7, 8], 'v<^>^<<'], 18, 11, 7, True], [[[0, 1, 2, 3, 4, 5, 6, 7, 8], 'v>>^<<'], 12, 7, 6, True], [[[0, 1, 2, 3, 4, 5, 6, 7, 8], '^>v<^^<'], 19, 10, 7, True], [[[0, 1, 2, 3, 4, 5, 6, 7, 8], '<v>^<'], 11, 6, 5, True], [[[0, 1, 2, 3, 4, 5, 6, 7, 8], '^<<^'], 9, 5, 4, True], [[[0, 1, 2, 3, 4, 5, 6, 7, 8], '<^<'], 8, 4, 3, True], [[[0, 1, 2, 3, 4, 5, 6, 7, 8], '<^>v<^'], 24, 12, 6, True], [[[0, 1, 2, 3, 4, 5, 6, 7, 8], '^<'], 6, 3, 2, True], [[[0, 1, 2, 3, 4, 5, 6, 7, 8], '<^>v<^^'], 24, 14, 7, True], [[[0, 1, 2, 3, 4, 5, 6, 7, 8], 'v<^^>v<^'], 19, 10, 8, True], [[[0, 1, 2, 3, 4, 5, 6, 7, 8], '^<^<'], 9, 5, 4, True], [[[0, 1, 2, 3, 4, 5, 6, 7, 8], '^^<'], 8, 4, 3, True], [[[0, 1, 2, 3, 4, 5, 6, 7, 8], '<^^>vv<^^<'], 21, 12, 10, True], [[[0, 1, 2, 3, 4, 5, 6, 7, 8], 'vv>>^<<^'], 17, 10, 8, True], [[[0, 1, 2, 3, 4, 5, 6, 7, 8], '<<'], 4, 3, 2, True], [[[0, 1, 2, 3, 4, 5, 6, 7, 8], '>^^<'], 9, 5, 4, True], [[[0, 1, 2, 3, 4, 5, 6, 7, 8], 'v<^>v<<^'], 38, 20, 8, True], [[[0, 1, 2, 3, 4, 5, 6, 7, 8], '^<<^'], 9, 5, 4, True], [[[0, 1, 2, 3, 4, 5, 6, 7, 8], '<<'], 4, 3, 2, True], [[[0, 1, 2, 3, 4, 5, 6, 7, 8], 'vv>>^<v<^^'], 42, 23, 10, True], [[[0, 1, 2, 3, 4, 5, 6, 7, 8], '<v>^^<'], 17, 9, 6, True], [[[0, 1, 2, 3, 4, 5, 6, 7, 8], 'v>^<v>v>^^<v<^'], 101, 58, 14, True], [[[0, 1, 2, 3, 4, 5, 6, 7, 8], '>^<v<^>v<v>^^<'], 104, 60, 14, True], [[[0, 1, 2, 3, 4, 5, 6, 7, 8], '<v<^^'], 11, 6, 5, True], [[[0, 1, 2, 3, 4, 5, 6, 7, 8], '<<'], 4, 3, 2, True], [[[0, 1, 2, 3, 4, 5, 6, 7, 8], '<<^^'], 7, 5, 4, True], [[[0, 1, 2, 3, 4, 5, 6, 7, 8], '>^>v<^^<'], 20, 11, 8, True], [[[0, 1, 2, 3, 4, 5, 6, 7, 8], 'v>^^<'], 11, 6, 5, True], [[[0, 1, 2, 3, 4, 5, 6, 7, 8], '<^^<'], 9, 5, 4, True], [[[0, 1, 2, 3, 4, 5, 6, 7, 8], '^^<v<^'], 12, 7, 6, True], [[[0, 1, 2, 3, 4, 5, 6, 7, 8], '>v>^<<'], 14, 8, 6, True], [[[0, 1, 2, 3, 4, 5, 6, 7, 8], '^>^>v<<^'], 25, 14, 8, True], [[[0, 1, 2, 3, 4, 5, 6, 7, 8], '>v<v<^>^<'], 23, 13, 9, True], [[[0, 1, 2, 3, 4, 5, 6, 7, 8], 'v>v<<^^'], 14, 8, 7, True], [[[0, 1, 2, 3, 4, 5, 6, 7, 8], '^^<<'], 7, 5, 4, True], [[[0, 1, 2, 3, 4, 5, 6, 7, 8], '>^<v>^^<<'], 36, 21, 9, True], [[[0, 1, 2, 3, 4, 5, 6, 7, 8], '<^'], 6, 3, 2, True], [[[0, 1, 2, 3, 4, 5, 6, 7, 8], '^^>vv>^^<<'], 32, 19, 10, True], [[[0, 1, 2, 3, 4, 5, 6, 7, 8], '>v<<v>^^<'], 23, 13, 9, True], [[[0, 1, 2, 3, 4, 5, 6, 7, 8], '^<'], 6, 3, 2, True], [[[0, 1, 2, 3, 4, 5, 6, 7, 8], '<^>v>^<<'], 28, 16, 8, True], [[[0, 1, 2, 3, 4, 5, 6, 7, 8], '^^>vv<^^<'], 20, 11, 9, True], [[[0, 1, 2, 3, 4, 5, 6, 7, 8], '^'], 3, 2, 1, True], [[[0, 1, 2, 3, 4, 5, 6, 7, 8], '<^>v<<^^'], 19, 12, 8, True], [[[0, 1, 2, 3, 4, 5, 6, 7, 8], '<<^^'], 7, 5, 4, True], [[[0, 1, 2, 3, 4, 5, 6, 7, 8], '>^<'], 8, 4, 3, True], [[[0, 1, 2, 3, 4, 5, 6, 7, 8], 'v>^^<<'], 12, 7, 6, True], [[[0, 1, 2, 3, 4, 5, 6, 7, 8], ''], 0, 1, 0, True], [[[0, 1, 2, 3, 4, 5, 6, 7, 8], '^<<vv>^^<'], 17, 10, 9, True], [[[0, 1, 2, 3, 4, 5, 6, 7, 8], '^^'], 4, 3, 2, True], [[[0, 1, 2, 3, 4, 5, 6, 7, 8], 'v<^'], 8, 4, 3, True], [[[0, 1, 2, 3, 4, 5, 6, 7, 8], '>>v<^<^'], 20, 11, 7, True], [[[0, 1, 2, 3, 4, 5, 6, 7, 8], 'v<^'], 8, 4, 3, True], [[[0, 1, 2, 3, 4, 5, 6, 7, 8], '>>v<^<'], 14, 8, 6, True], [[[0, 1, 2, 3, 4, 5, 6, 7, 8], '<^<'], 8, 4, 3, True], [[[0, 1, 2, 3, 4, 5, 6, 7, 8], '^<v>v>^<^<'], 60, 32, 10, True], [[[0, 1, 2, 3, 4, 5, 6, 7, 8], 'v>>^^<<'], 12, 8, 7, True], [[[0, 1, 2, 3, 4, 5, 6, 7, 8], 'vv>^^>vv<^<^'], 29, 17, 12, True], [[[0, 1, 2, 3, 4, 5, 6, 7, 8], '>>v<<^^'], 15, 9, 7, True], [[[0, 1, 2, 3, 4, 5, 6, 7, 8], '^<v>^>^<<'], 25, 14, 9, True], [[[0, 1, 2, 3, 4, 5, 6, 7, 8], '>v<v<^^'], 14, 8, 7, True], [[[0, 1, 2, 3, 4, 5, 6, 7, 8], '<^>v<^<^'], 33, 18, 8, True], [[[0, 1, 2, 3, 4, 5, 6, 7, 8], '>v<^<^'], 17, 9, 6, True], [[[0, 1, 2, 3, 4, 5, 6, 7, 8], '>^^<v>^>v<^<'], 40, 22, 12, True], [[[0, 1, 2, 3, 4, 5, 6, 7, 8], '^<'], 6, 3, 2, True], [[[0, 1, 2, 3, 4, 5, 6, 7, 8], '<v>v<^^<'], 25, 14, 8, True], [[[0, 1, 2, 3, 4, 5, 6, 7, 8], '^>v>v<<^^'], 17, 10, 9, True], [[[0, 1, 2, 3, 4, 5, 6, 7, 8], '^^<'], 8, 4, 3, True], [[[0, 1, 2, 3, 4, 5, 6, 7, 8], '^^<<vv>>^^<<'], 19, 13, 12, True], [[[0, 1, 2, 3, 4, 5, 6, 7, 8], '>^^<<v>>^<<'], 20, 12, 11, True], [[[0, 1, 2, 3, 4, 5, 6, 7, 8], '<<vv>^<^'], 20, 11, 8, True], [[[0, 1, 2, 3, 4, 5, 6, 7, 8], 'v>v<^^'], 14, 8, 6, True], [[[0, 1, 2, 3, 4, 5, 6, 7, 8], 'vv<^<^>v<^'], 30, 16, 10, True], [[[0, 1, 2, 3, 4, 5, 6, 7, 8], '>v>^<^<'], 19, 10, 7, True], [[[0, 1, 2, 3, 4, 5, 6, 7, 8], 'v>v<<^>^<'], 20, 11, 9, True], [[[0, 1, 2, 3, 4, 5, 6, 7, 8], ''], 0, 1, 0, True], [[[0, 1, 2, 3, 4, 5, 6, 7, 8], 'v<^>v<<^>^<'], 52, 28, 11, True], [[[0, 1, 2, 3, 4, 5, 6, 7, 8], '<v<^>>v<^<^'], 49, 27, 11, True], [[[0, 1, 2, 3, 4, 5, 6, 7, 8], '^<'], 6, 3, 2, True], [[[0, 1, 2, 3, 4, 5, 6, 7, 8], '>^<^>v<v>^^<'], 85, 49, 12, True], [[[0, 1, 2, 3, 4, 5, 6, 7, 8], '<^<'], 8, 4, 3, True], [[[0, 1, 2, 3, 4, 5, 6, 7, 8], '<v>>^^<<'], 15, 9, 8, True], [[[0, 1, 2, 3, 4, 5, 6, 7, 8], '>v>v<^^<'], 32, 17, 8, True], [[[0, 1, 2, 3, 4, 5, 6, 7, 8], 'v>^<'], 9, 5, 4, True], [[[0, 1, 2, 3, 4, 5, 6, 7, 8], '<v<^^'], 11, 6, 5, True], [[[0, 1, 2, 3, 4, 5, 6, 7, 8], '^^<<'], 7, 5, 4, True], [[[0, 1, 2, 3, 4, 5, 6, 7, 8], '^^'], 4, 3, 2, True], [[[0, 1, 2, 3, 4, 5, 6, 7, 8], '>>^<<'], 11, 6, 5, True], [[[0, 1, 2, 3, 4, 5, 6, 7, 8], '^<<^'], 9, 5, 4, True], [[[0, 1, 2, 3, 4, 5, 6, 7, 8], 'v>>^<^<'], 14, 8, 7, True], [[[0, 1, 2, 3, 4, 5, 6, 7, 8], '^<'], 6, 3, 2, True], [[[0, 1, 2, 3, 4, 5, 6, 7, 8], '<<v>v<^^'], 23, 13, 8, True], [[[0, 1, 2, 3, 4, 5, 6, 7, 8], '^^<<v>^<'], 15, 9, 8, True], [[[0, 1, 2, 3, 4, 5, 6, 7, 8], '>v>^<<^'], 20, 11, 7, True], [[[0, 1, 2, 3, 4, 5, 6, 7, 8], '>vv<^<^'], 14, 8, 7, True], [[[0, 1, 2, 3, 4, 5, 6, 7, 8], '>>^<<'], 11, 6, 5, True], [[[0, 1, 2, 3, 4, 5, 6, 7, 8], 'v>v>^^<<'], 15, 9, 8, True], [[[0, 1, 2, 3, 4, 5, 6, 7, 8], 'v>^>v<<^'], 30, 16, 8, True], [[[0, 1, 2, 3, 4, 5, 6, 7, 8], '>v<<^^'], 12, 7, 6, True], [[[0, 1, 2, 3, 4, 5, 6, 7, 8], '^>v>^<<'], 21, 12, 7, True], [[[0, 1, 2, 3, 4, 5, 6, 7, 8], '^<v<^>>v<^<'], 58, 34, 11, True], [[[0, 1, 2, 3, 4, 5, 6, 7, 8], 'v>^<vv<^^'], 25, 14, 9, True], [[[0, 1, 2, 3, 4, 5, 6, 7, 8], '<'], 3, 2, 1, True], [[[0, 1, 2, 3, 4, 5, 6, 7, 8], 'v<^<^'], 11, 6, 5, True], [[[0, 1, 2, 3, 4, 5, 6, 7, 8], '^<<'], 6, 4, 3, True], [[[0, 1, 2, 3, 4, 5, 6, 7, 8], 'v>^<^>v<^<'], 39, 22, 10, True], [[[0, 1, 2, 3, 4, 5, 6, 7, 8], ''], 0, 1, 0, True], [[[0, 1, 2, 3, 4, 5, 6, 7, 8], '>v<^^<'], 17, 9, 6, True], [[[0, 1, 2, 3, 4, 5, 6, 7, 8], '^>^<'], 9, 5, 4, True], [[[0, 1, 2, 3, 4, 5, 6, 7, 8], '<^<^>v<^'], 27, 14, 8, True], [[[0, 1, 2, 3, 4, 5, 6, 7, 8], '^^<v>^<<'], 30, 17, 8, True], [[[0, 1, 2, 3, 4, 5, 6, 7, 8], '^^>v<^'], 12, 7, 6, True], [[[0, 1, 2, 3, 4, 5, 6, 7, 8], '^'], 3, 2, 1, True], [[[0, 1, 2, 3, 4, 5, 6, 7, 8], '<^'], 6, 3, 2, True], [[[0, 1, 2, 3, 4, 5, 6, 7, 8], '>^>^<<'], 12, 7, 6, True], [[[0, 1, 2, 3, 4, 5, 6, 7, 8], '<<v>^<'], 12, 7, 6, True], [[[0, 1, 2, 3, 4, 5, 6, 7, 8], 'v<v>^<<^'], 20, 11, 8, True], [[[0, 1, 2, 3, 4, 5, 6, 7, 8], '>v<^'], 9, 5, 4, True], [[[0, 1, 2, 3, 4, 5, 6, 7, 8], 'v<^<'], 9, 5, 4, True], [[[0, 1, 2, 3, 4, 5, 6, 7, 8], '<<^'], 8, 4, 3, True], [[[0, 1, 2, 3, 4, 5, 6, 7, 8], 'v>^<<'], 12, 7, 5, True], [[[0, 1, 2, 3, 4, 5, 6, 7, 8], '<<'], 4, 3, 2, True], [[[0, 1, 2, 3, 4, 5, 6, 7, 8], 'v>^<<'], 12, 7, 5, True], [[[0, 1, 2, 3, 4, 5, 6, 7, 8], 'vv<^^'], 11, 6, 5, True], [[[0, 1, 2, 3, 4, 5, 6, 7, 8], 'vv<<^>v<^^'], 33, 19, 10, True], [[[0, 1, 2, 3, 4, 5, 6, 7, 8], '<'], 3, 2, 1, True], [[[0, 1, 2, 3, 4, 5, 6, 7, 8], '^<'], 6, 3, 2, True], [[[0, 1, 2, 3, 4, 5, 6, 7, 8], '<^'], 6, 3, 2, True], [[[0, 1, 2, 3, 4, 5, 6, 7, 8], '<v>^>^<<'], 23, 13, 8, True], [[[0, 1, 2, 3, 4, 5, 6, 7, 8], '>>^<^<'], 12, 7, 6, True], [[[0, 1, 2, 3, 4, 5, 6, 7, 8], '>^^>v<^<'], 18, 10, 8, True], [[[0, 1, 2, 3, 4, 5, 6, 7, 8], '>^^<<'], 9, 6, 5, True], [[[0, 1, 2, 3, 4, 5, 6, 7, 8], '^>^>v<<^'], 25, 14, 8, True], [[[0, 1, 2, 3, 4, 5, 6, 7, 8], '>v<^^'], 12, 7, 5, True], [[[0, 1, 2, 3, 4, 5, 6, 7, 8], '^<<^'], 9, 5, 4, True], [[[0, 1, 2, 3, 4, 5, 6, 7, 8], '^<vv<^>^<'], 34, 18, 9, True], [[[0, 1, 2, 3, 4, 5, 6, 7, 8], '^>>^<<'], 12, 7, 6, True], [[[0, 1, 2, 3, 4, 5, 6, 7, 8], '^^<'], 8, 4, 3, True], [[[0, 1, 2, 3, 4, 5, 6, 7, 8], '^>v<^<'], 15, 8, 6, True], [[[0, 1, 2, 3, 4, 5, 6, 7, 8], '^<v<^'], 11, 6, 5, True], [[[0, 1, 2, 3, 4, 5, 6, 7, 8], '>^>v<<^'], 23, 13, 7, True], [[[0, 1, 2, 3, 4, 5, 6, 7, 8], 'v<<^^>>vv<<^^'], 21, 14, 13, True], [[[0, 1, 2, 3, 4, 5, 6, 7, 8], 'v<<^>v<^^'], 32, 18, 9, True], [[[0, 1, 2, 3, 4, 5, 6, 7, 8], '^<<^'], 9, 5, 4, True], [[[0, 1, 2, 3, 4, 5, 6, 7, 8], '^>^<'], 9, 5, 4, True], [[[0, 1, 2, 3, 4, 5, 6, 7, 8], '<v>^^<'], 17, 9, 6, True], [[[0, 1, 2, 3, 4, 5, 6, 7, 8], '^^<<'], 7, 5, 4, True], [[[0, 1, 2, 3, 4, 5, 6, 7, 8], '<^>v<^<^'], 33, 18, 8, True], [[[0, 1, 2, 3, 4, 5, 6, 7, 8], '>v<<^^>v<^'], 23, 13, 10, True], [[[0, 1, 2, 3, 4, 5, 6, 7, 8], '^^<<'], 7, 5, 4, True], [[[0, 1, 2, 3, 4, 5, 6, 7, 8], '<^^<'], 9, 5, 4, True], [[[0, 1, 2, 3, 4, 5, 6, 7, 8], '>^<<'], 9, 5, 4, True], [[[0, 1, 2, 3, 4, 5, 6, 7, 8], '^>vv>^<<^'], 22, 12, 9, True], [[[0, 1, 2, 3, 4, 5, 6, 7, 8], '^^<v>^<<'], 30, 17, 8, True], [[[0, 1, 2, 3, 4, 5, 6, 7, 8], '<vv>^^<'], 14, 8, 7, True], [[[0, 1, 2, 3, 4, 5, 6, 7, 8], '>>^^<<'], 10, 7, 6, True], [[[0, 1, 2, 3, 4, 5, 6, 7, 8], '>vv<^^<'], 15, 9, 7, True], [[[0, 1, 2, 3, 4, 5, 6, 7, 8], '^<^>v<v<^^'], 26, 15, 10, True], [[[0, 1, 2, 3, 4, 5, 6, 7, 8], '<^<^'], 9, 5, 4, True], [[[0, 1, 2, 3, 4, 5, 6, 7, 8], '^<^>vv<<^^'], 39, 23, 10, True], [[[0, 1, 2, 3, 4, 5, 6, 7, 8], '>v<^>^<'], 19, 10, 7, True], [[[0, 1, 2, 3, 4, 5, 6, 7, 8], '<^>v<^'], 24, 12, 6, True], [[[0, 1, 2, 3, 4, 5, 6, 7, 8], '<vv>^<^>v<^'], 50, 27, 11, True], [[[0, 1, 2, 3, 4, 5, 6, 7, 8], '^<v>>^<vv>^<^<'], 65, 37, 14, True], [[[0, 1, 2, 3, 4, 5, 6, 7, 8], '^>v<^'], 11, 6, 5, True], [[[0, 1, 2, 3, 4, 5, 6, 7, 8], '<<^>v<^'], 26, 13, 7, True], [[[0, 1, 2, 3, 4, 5, 6, 7, 8], '^>v<^<'], 15, 8, 6, True], [[[0, 1, 2, 3, 4, 5, 6, 7, 8], ''], 0, 1, 0, True], [[[0, 1, 2, 3, 4, 5, 6, 7, 8], 'vv>^^<'], 12, 7, 6, True], [[[0, 1, 2, 3, 4, 5, 6, 7, 8], '>^^<v>>v<^^<'], 59, 32, 12, True], [[[0, 1, 2, 3, 4, 5, 6, 7, 8], 'v>v<^<^'], 19, 10, 7, True], [[[0, 1, 2, 3, 4, 5, 6, 7, 8], '<^^'], 6, 4, 3, True], [[[0, 1, 2, 3, 4, 5, 6, 7, 8], '>^<<v>^<^'], 21, 12, 9, True], [[[0, 1, 2, 3, 4, 5, 6, 7, 8], '<'], 3, 2, 1, True], [[[0, 1, 2, 3, 4, 5, 6, 7, 8], '<^>vv<^^'], 22, 12, 8, True], [[[0, 1, 2, 3, 4, 5, 6, 7, 8], 'v>^<v<^'], 19, 10, 7, True], [[[0, 1, 2, 3, 4, 5, 6, 7, 8], '<^>v<<^'], 19, 10, 7, True], [[[0, 1, 2, 3, 4, 5, 6, 7, 8], '<v<^'], 9, 5, 4, True], [[[0, 1, 2, 3, 4, 5, 6, 7, 8], '>^>v<^<^'], 20, 11, 8, True], [[[0, 1, 2, 3, 4, 5, 6, 7, 8], '<v>^<<'], 13, 8, 6, True], [[[0, 1, 2, 3, 4, 5, 6, 7, 8], 'vv<<^>v<^^'], 33, 19, 10, True], [[[0, 1, 2, 3, 4, 5, 6, 7, 8], '<vv>^>^<<'], 17, 10, 9, True], [[[0, 1, 2, 3, 4, 5, 6, 7, 8], 'vv>^<<^'], 19, 10, 7, True], [[[0, 1, 2, 3, 4, 5, 6, 7, 8], 'v>v<^^'], 14, 8, 6, True], [[[0, 1, 2, 3, 4, 5, 6, 7, 8], '<<^'], 8, 4, 3, True], [[[0, 1, 2, 3, 4, 5, 6, 7, 8], '>^<^<'], 11, 6, 5, True], [[[0, 1, 2, 3, 4, 5, 6, 7, 8], '^<v>v<^<^'], 25, 14, 9, True], [[[0, 1, 2, 3, 4, 5, 6, 7, 8], '^<v<v>>^<<^'], 23, 13, 11, True], [[[0, 1, 2, 3, 4, 5, 6, 7, 8], 'v<<^^'], 9, 6, 5, True], [[[0, 1, 2, 3, 4, 5, 6, 7, 8], '^>^<'], 9, 5, 4, True], [[[0, 1, 2, 3, 4, 5, 6, 7, 8], '>vv<^^>vv<^^'], 34, 19, 12, True], [[[0, 1, 2, 3, 4, 5, 6, 7, 8], '>vv<^^<'], 15, 9, 7, True], [[[0, 1, 2, 3, 4, 5, 6, 7, 8], 'v<^<'], 9, 5, 4, True], [[[0, 1, 2, 3, 4, 5, 6, 7, 8], '^>vv<^^<'], 18, 10, 8, True], [[[0, 1, 2, 3, 4, 5, 6, 7, 8], '<<^^'], 7, 5, 4, True], [[[0, 1, 2, 3, 4, 5, 6, 7, 8], '<^>v<^^'], 24, 14, 7, True], [[[0, 1, 2, 3, 4, 5, 6, 7, 8], '^<v>>^<<'], 22, 12, 8, True], [[[0, 1, 2, 3, 4, 5, 6, 7, 8], '>v<^^<'], 17, 9, 6, True], [[[0, 1, 2, 3, 4, 5, 6, 7, 8], '^<<^'], 9, 5, 4, True], [[[0, 1, 2, 3, 4, 5, 6, 7, 8], '^^>>v<^<'], 20, 11, 8, True], [[[0, 1, 2, 3, 4, 5, 6, 7, 8], '^<v>v>^^<<'], 28, 16, 10, True], [[[0, 1, 2, 3, 4, 5, 6, 7, 8], '<v>>v<<^^'], 27, 16, 9, True], [[[0, 1, 2, 3, 4, 5, 6, 7, 8], 'v>>^<<^'], 15, 9, 7, True], [[[0, 1, 2, 3, 4, 5, 6, 7, 8], 'v<^<'], 9, 5, 4, True], [[[0, 1, 2, 3, 4, 5, 6, 7, 8], '>v<^<^>>vv<^<^'], 67, 40, 14, True], [[[0, 1, 2, 3, 4, 5, 6, 7, 8], '<^^'], 6, 4, 3, True], [[[0, 1, 2, 3, 4, 5, 6, 7, 8], 'v<^<v>^^<'], 22, 12, 9, True], [[[0, 1, 2, 3, 4, 5, 6, 7, 8], 'v<^^<'], 11, 6, 5, True], [[[0, 1, 2, 3, 4, 5, 6, 7, 8], 'v<^<^'], 11, 6, 5, True], [[[0, 1, 2, 3, 4, 5, 6, 7, 8], '^^<'], 8, 4, 3, True], [[[0, 1, 2, 3, 4, 5, 6, 7, 8], '>>^^<<'], 10, 7, 6, True], [[[0, 1, 2, 3, 4, 5, 6, 7, 8], '<v>^^<'], 17, 9, 6, True], [[[0, 1, 2, 3, 4, 5, 6, 7, 8], 'vv>^^<'], 12, 7, 6, True], [[[0, 1, 2, 3, 4, 5, 6, 7, 8], '^<^'], 8, 4, 3, True], [[[0, 1, 2, 3, 4, 5, 6, 7, 8], '^<'], 6, 3, 2, True], [[[0, 1, 2, 3, 4, 5, 6, 7, 8], '<'], 3, 2, 1, True], [[[0, 1, 2, 3, 4, 5, 6, 7, 8], '<v<^>vv>^^<v<^'], 54, 30, 14, True], [[[0, 1, 2, 3, 4, 5, 6, 7, 8], '>>^<v>^^<<'], 37, 22, 10, True], [[[0, 1, 2, 3, 4, 5, 6, 7, 8], 'v<^>v>^^<<'], 27, 16, 10, True], [[[0, 1, 2, 3, 4, 5, 6, 7, 8], '^>v<<^'], 17, 9, 6, True], [[[0, 1, 2, 3, 4, 5, 6, 7, 8], '<v>^<<^'], 19, 10, 7, True], [[[0, 1, 2, 3, 4, 5, 6, 7, 8], '>v>^^<<'], 14, 8, 7, True], [[[0, 1, 2, 3, 4, 5, 6, 7, 8], '>>v<<^'], 12, 7, 6, True], [[[0, 1, 2, 3, 4, 5, 6, 7, 8], '<<^>>v<<^^'], 19, 12, 10, True], [[[0, 1, 2, 3, 4, 5, 6, 7, 8], '<vv<^>^<'], 22, 12, 8, True], [[[0, 1, 2, 3, 4, 5, 6, 7, 8], '<^<'], 8, 4, 3, True], [[[0, 1, 2, 3, 4, 5, 6, 7, 8], '>>v<^<'], 14, 8, 6, True], [[[0, 1, 2, 3, 4, 5, 6, 7, 8], '<v>^<^'], 15, 8, 6, True], [[[0, 1, 2, 3, 4, 5, 6, 7, 8], 'v>^^<'], 11, 6, 5, True], [[[0, 1, 2, 3, 4, 5, 6, 7, 8], 'vv>^^<'], 12, 7, 6, True], [[[0, 1, 2, 3, 4, 5, 6, 7, 8], 'vv<<^^'], 10, 7, 6, True], [[[0, 1, 2, 3, 4, 5, 6, 7, 8], '>vv<<^^'], 12, 8, 7, True], [[[0, 1, 2, 3, 4, 5, 6, 7, 8], '<^>v<^^'], 24, 14, 7, True], [[[0, 1, 2, 3, 4, 5, 6, 7, 8], '<v<^'], 9, 5, 4, True], [[[0, 1, 2, 3, 4, 5, 6, 7, 8], 'v<^^<'], 11, 6, 5, True], [[[0, 1, 2, 3, 4, 5, 6, 7, 8], '^>>v<^<'], 18, 10, 7, True], [[[0, 1, 2, 3, 4, 5, 6, 7, 8], '<v<^'], 9, 5, 4, True], [[[0, 1, 2, 3, 4, 5, 6, 7, 8], '>^<v>v<^^'], 32, 19, 9, True], [[[0, 1, 2, 3, 4, 5, 6, 7, 8], '^<<^>>v<<^'], 20, 11, 10, True], [[[0, 1, 2, 3, 4, 5, 6, 7, 8], 'v>>^<<'], 12, 7, 6, True], [[[0, 1, 2, 3, 4, 5, 6, 7, 8], '>v<v<^>v>^<<^'], 55, 32, 13, True], [[[0, 1, 2, 3, 4, 5, 6, 7, 8], '>v>^<v<^'], 20, 11, 8, True], [[[0, 1, 2, 3, 4, 5, 6, 7, 8], '^^<<'], 7, 5, 4, True], [[[0, 1, 2, 3, 4, 5, 6, 7, 8], 'v<^^<v>v<^>^<'], 75, 40, 13, True], [[[0, 1, 2, 3, 4, 5, 6, 7, 8], '^<v<v>>^^<<'], 21, 13, 11, True], [[[0, 1, 2, 3, 4, 5, 6, 7, 8], 'vv<^>^<v<^'], 29, 16, 10, True], [[[0, 1, 2, 3, 4, 5, 6, 7, 8], '>vv>^<^<'], 29, 16, 8, True], [[[0, 1, 2, 3, 4, 5, 6, 7, 8], '^>>^<<'], 12, 7, 6, True], [[[0, 1, 2, 3, 4, 5, 6, 7, 8], '^>^<<'], 11, 6, 5, True], [[[0, 1, 2, 3, 4, 5, 6, 7, 8], '>^<v<^'], 17, 9, 6, True], [[[0, 1, 2, 3, 4, 5, 6, 7, 8], '^<^'], 8, 4, 3, True], [[[0, 1, 2, 3, 4, 5, 6, 7, 8], '>^<<v>^<'], 19, 10, 8, True], [[[0, 1, 2, 3, 4, 5, 6, 7, 8], '^^<<'], 7, 5, 4, True], [[[0, 1, 2, 3, 4, 5, 6, 7, 8], '^>^<<'], 11, 6, 5, True], [[[0, 1, 2, 3, 4, 5, 6, 7, 8], 'v<v<^^'], 12, 7, 6, True], [[[0, 1, 2, 3, 4, 5, 6, 7, 8], '<<'], 4, 3, 2, True], [[[0, 1, 2, 3, 4, 5, 6, 7, 8], 'v>^<^'], 12, 7, 5, True], [[[0, 1, 2, 3, 4, 5, 6, 7, 8], '^^<'], 8, 4, 3, True], [[[0, 1, 2, 3, 4, 5, 6, 7, 8], '<<vv>^>^<<'], 18, 11, 10, True], [[[0, 1, 2, 3, 4, 5, 6, 7, 8], 'vv<^>^<<'], 23, 13, 8, True], [[[0, 1, 2, 3, 4, 5, 6, 7, 8], '<^<'], 8, 4, 3, True], [[[0, 1, 2, 3, 4, 5, 6, 7, 8], '>>v<<^'], 12, 7, 6, True], [[[0, 1, 2, 3, 4, 5, 6, 7, 8], '^<<'], 6, 4, 3, True], [[[0, 1, 2, 3, 4, 5, 6, 7, 8], '<^'], 6, 3, 2, True], [[[0, 1, 2, 3, 4, 5, 6, 7, 8], 'vv<^>v<<^^'], 36, 21, 10, True], [[[0, 1, 2, 3, 4, 5, 6, 7, 8], '^^>v>^<<'], 23, 13, 8, True], [[[0, 1, 2, 3, 4, 5, 6, 7, 8], '>v<^>>v<<^'], 45, 25, 10, True], [[[0, 1, 2, 3, 4, 5, 6, 7, 8], 'v>^<'], 9, 5, 4, True], [[[0, 1, 2, 3, 4, 5, 6, 7, 8], '<v>^^<<'], 18, 11, 7, True], [[[0, 1, 2, 3, 4, 5, 6, 7, 8], '>^>^<<'], 12, 7, 6, True], [[[0, 1, 2, 3, 4, 5, 6, 7, 8], '>>^<<'], 11, 6, 5, True], [[[0, 1, 2, 3, 4, 5, 6, 7, 8], '>>^<<'], 11, 6, 5, True], [[[0, 1, 2, 3, 4, 5, 6, 7, 8], '>>v<<^'], 12, 7, 6, True], [[[0, 1, 2, 3, 4, 5, 6, 7, 8], 'v<<^>v>^<<'], 47, 27, 10, True], [[[0, 1, 2, 3, 4, 5, 6, 7, 8], '^<<^'], 9, 5, 4, True], [[[0, 1, 2, 3, 4, 5, 6, 7, 8], 'v>^<^<'], 17, 9, 6, True], [[[0, 1, 2, 3, 4, 5, 6, 7, 8], 'v>^<^>v<^<'], 39, 22, 10, True], [[[0, 1, 2, 3, 4, 5, 6, 7, 8], '<^^'], 6, 4, 3, True], [[[0, 1, 2, 3, 4, 5, 6, 7, 8], '^<'], 6, 3, 2, True], [[[0, 1, 2, 3, 4, 5, 6, 7, 8], '>>^^<<'], 10, 7, 6, True], [[[0, 1, 2, 3, 4, 5, 6, 7, 8], 'v<^>v<<^'], 38, 20, 8, True], [[[0, 1, 2, 3, 4, 5, 6, 7, 8], '^<v>^^<v<^'], 23, 13, 10, True], [[[0, 1, 2, 3, 4, 5, 6, 7, 8], '^<<'], 6, 4, 3, True], [[[0, 1, 2, 3, 4, 5, 6, 7, 8], '<v<^'], 9, 5, 4, True], [[[0, 1, 2, 3, 4, 5, 6, 7, 8], '<<vv>^<^'], 20, 11, 8, True], [[[0, 1, 2, 3, 4, 5, 6, 7, 8], '<<'], 4, 3, 2, True], [[[0, 1, 2, 3, 4, 5, 6, 7, 8], 'v<^<v>v<^^'], 33, 20, 10, True], [[[0, 1, 2, 3, 4, 5, 6, 7, 8], '<<^>v<^'], 26, 13, 7, True], [[[0, 1, 2, 3, 4, 5, 6, 7, 8], 'vv>^<<^'], 19, 10, 7, True], [[[0, 1, 2, 3, 4, 5, 6, 7, 8], 'vv<^<^'], 12, 7, 6, True], [[[0, 1, 2, 3, 4, 5, 6, 7, 8], '>>v<<^^'], 15, 9, 7, True], [[[0, 1, 2, 3, 4, 5, 6, 7, 8], '<^>v<<^'], 19, 10, 7, True], [[[0, 1, 2, 3, 4, 5, 6, 7, 8], 'v<<^^>v<^'], 17, 10, 9, True], [[[0, 1, 2, 3, 4, 5, 6, 7, 8], '>^<<'], 9, 5, 4, True], [[[0, 1, 2, 3, 4, 5, 6, 7, 8], '^<<v>^>v<^<'], 38, 21, 11, True], [[[0, 1, 2, 3, 4, 5, 6, 7, 8], '<^^'], 6, 4, 3, True], [[[0, 1, 2, 3, 4, 5, 6, 7, 8], '<v<^^'], 11, 6, 5, True], [[[0, 1, 2, 3, 4, 5, 6, 7, 8], '^>v<^'], 11, 6, 5, True], [[[0, 1, 2, 3, 4, 5, 6, 7, 8], '>>v<^<'], 14, 8, 6, True], [[[0, 1, 2, 3, 4, 5, 6, 7, 8], '<v>^<'], 11, 6, 5, True], [[[0, 1, 2, 3, 4, 5, 6, 7, 8], '<<v>^<vv>^<^'], 57, 32, 12, True], [[[0, 1, 2, 3, 4, 5, 6, 7, 8], '^^>vv<^^<'], 20, 11, 9, True], [[[0, 1, 2, 3, 4, 5, 6, 7, 8], '^>v<^'], 11, 6, 5, True], [[[0, 1, 2, 3, 4, 5, 6, 7, 8], '^^>v<^'], 12, 7, 6, True], [[[0, 1, 2, 3, 4, 5, 6, 7, 8], '^<^<'], 9, 5, 4, True], [[[0, 1, 2, 3, 4, 5, 6, 7, 8], '<v<^^'], 11, 6, 5, True], [[[0, 1, 2, 3, 4, 5, 6, 7, 8], '<<vv>^>^<v<^'], 31, 17, 12, True], [[[0, 1, 2, 3, 4, 5, 6, 7, 8], '>^<v<^^'], 18, 11, 7, True], [[[0, 1, 2, 3, 4, 5, 6, 7, 8], '>v<^'], 9, 5, 4, True], [[[0, 1, 2, 3, 4, 5, 6, 7, 8], '>>^^<v<v>^^<'], 42, 23, 12, True], [[[0, 1, 2, 3, 4, 5, 6, 7, 8], '^>^<vv>^>^<<'], 32, 18, 12, True], [[[0, 1, 2, 3, 4, 5, 6, 7, 8], '>>^<<'], 11, 6, 5, True], [[[0, 1, 2, 3, 4, 5, 6, 7, 8], '^>v<^<'], 15, 8, 6, True], [[[0, 1, 2, 3, 4, 5, 6, 7, 8], '<^'], 6, 3, 2, True], [[[0, 1, 2, 3, 4, 5, 6, 7, 8], '^>^>v<^<'], 18, 10, 8, True], [[[0, 1, 2, 3, 4, 5, 6, 7, 8], 'v<<^^'], 9, 6, 5, True], [[[0, 1, 2, 3, 4, 5, 6, 7, 8], 'vv<<^^'], 10, 7, 6, True], [[[0, 1, 2, 3, 4, 5, 6, 7, 8], '>^^<<'], 9, 6, 5, True], [[[0, 1, 2, 3, 4, 5, 6, 7, 8], '<^>^<'], 11, 6, 5, True], [[[0, 1, 2, 3, 4, 5, 6, 7, 8], '^'], 3, 2, 1, True], [[[0, 1, 2, 3, 4, 5, 6, 7, 8], '<v>^<'], 11, 6, 5, True], [[[0, 1, 2, 3, 4, 5, 6, 7, 8], '^^'], 4, 3, 2, True], [[[0, 1, 2, 3, 4, 5, 6, 7, 8], '<v<^^'], 11, 6, 5, True], [[[0, 1, 2, 3, 4, 5, 6, 7, 8], ''], 0, 1, 0, True], [[[0, 1, 2, 3, 4, 5, 6, 7, 8], '<<^^'], 7, 5, 4, True], [[[0, 1, 2, 3, 4, 5, 6, 7, 8], '^>v>^<v<^^'], 25, 15, 10, True], [[[0, 1, 2, 3, 4, 5, 6, 7, 8], '<^>v<^<^'], 33, 18, 8, True], [[[0, 1, 2, 3, 4, 5, 6, 7, 8], 'v>^<<^'], 17, 9, 6, True], [[[0, 1, 2, 3, 4, 5, 6, 7, 8], '^^>v<^<'], 17, 9, 7, True], [[[0, 1, 2, 3, 4, 5, 6, 7, 8], '<<^>^<'], 12, 7, 6, True], [[[0, 1, 2, 3, 4, 5, 6, 7, 8], '^>^<<'], 11, 6, 5, True], [[[0, 1, 2, 3, 4, 5, 6, 7, 8], '>^<^>v>^<<'], 33, 20, 10, True], [[[0, 1, 2, 3, 4, 5, 6, 7, 8], 'vv>>^^<<'], 13, 9, 8, True], [[[0, 1, 2, 3, 4, 5, 6, 7, 8], '^^<<v>v<^^'], 33, 19, 10, True], [[[0, 1, 2, 3, 4, 5, 6, 7, 8], '>>^<^>v<^<'], 31, 18, 10, True], [[[0, 1, 2, 3, 4, 5, 6, 7, 8], '>^<^>v<^'], 27, 14, 8, True], [[[0, 1, 2, 3, 4, 5, 6, 7, 8], 'v<^>vv<^<^'], 23, 13, 10, True], [[[0, 1, 2, 3, 4, 5, 6, 7, 8], '>v>^^<<'], 14, 8, 7, True], [[[0, 1, 2, 3, 4, 5, 6, 7, 8], 'vv<^>^<v<^'], 29, 16, 10, True], [[[0, 1, 2, 3, 4, 5, 6, 7, 8], 'v<^>>^<<'], 23, 13, 8, True], [[[0, 1, 2, 3, 4, 5, 6, 7, 8], '>>^<v<^'], 20, 11, 7, True], [[[0, 1, 2, 3, 4, 5, 6, 7, 8], '<^'], 6, 3, 2, True], [[[0, 1, 2, 3, 4, 5, 6, 7, 8], '^^<'], 8, 4, 3, True], [[[0, 1, 2, 3, 4, 5, 6, 7, 8], '<^^'], 6, 4, 3, True], [[[0, 1, 2, 3, 4, 5, 6, 7, 8], '<'], 3, 2, 1, True], [[[0, 1, 2, 3, 4, 5, 6, 7, 8], '<^^<'], 9, 5, 4, True], [[[0, 1, 2, 3, 4, 5, 6, 7, 8], '>v<v<^^'], 14, 8, 7, True], [[[0, 1, 2, 3, 4, 5, 6, 7, 8], '>^>v<^<^'], 20, 11, 8, True], [[[0, 1, 2, 3, 4, 5, 6, 7, 8], '^<^>v>^<<'], 30, 18, 9, True], [[[0, 1, 2, 3, 4, 5, 6, 7, 8], 'v<^^'], 9, 5, 4, True], [[[0, 1, 2, 3, 4, 5, 6, 7, 8], '^<<^'], 9, 5, 4, True], [[[0, 1, 2, 3, 4, 5, 6, 7, 8], 'v<^<'], 9, 5, 4, True], [[[0, 1, 2, 3, 4, 5, 6, 7, 8], 'v>^<v<^'], 19, 10, 7, True], [[[0, 1, 2, 3, 4, 5, 6, 7, 8], '<v>^^<'], 17, 9, 6, True], [[[0, 1, 2, 3, 4, 5, 6, 7, 8], '>^<v<^^>>vv<<^^'], 69, 42, 15, True], [[[0, 1, 2, 3, 4, 5, 6, 7, 8], '<vv<^^'], 12, 7, 6, True], [[[0, 1, 2, 3, 4, 5, 6, 7, 8], '>v<<^^'], 12, 7, 6, True], [[[0, 1, 2, 3, 4, 5, 6, 7, 8], '>v<^>^<<'], 21, 12, 8, True], [[[0, 1, 2, 3, 4, 5, 6, 7, 8], '<v>>v<<^^'], 27, 16, 9, True], [[[0, 1, 2, 3, 4, 5, 6, 7, 8], '>^>v<^<'], 17, 9, 7, True], [[[0, 1, 2, 3, 4, 5, 6, 7, 8], 'v<<^^'], 9, 6, 5, True], [[[0, 1, 2, 3, 4, 5, 6, 7, 8], '<v<^>^<'], 19, 10, 7, True], [[[0, 1, 2, 3, 4, 5, 6, 7, 8], '<<^>v<v>^<^>v<^'], 146, 81, 15, True], [[[0, 1, 2, 3, 4, 5, 6, 7, 8], '^<^'], 8, 4, 3, True], [[[0, 1, 2, 3, 4, 5, 6, 7, 8], '^<v>^^<'], 19, 10, 7, True], [[[0, 1, 2, 3, 4, 5, 6, 7, 8], 'v>^<^'], 12, 7, 5, True], [[[0, 1, 2, 3, 4, 5, 6, 7, 8], '<^^>v>v<^<^'], 25, 14, 11, True], [[[0, 1, 2, 3, 4, 5, 6, 7, 8], ''], 0, 1, 0, True], [[[0, 1, 2, 3, 4, 5, 6, 7, 8], 'vv<<^>v>^^<<'], 84, 48, 12, True], [[[0, 1, 2, 3, 4, 5, 6, 7, 8], 'v>v>^^<<'], 15, 9, 8, True], [[[0, 1, 2, 3, 4, 5, 6, 7, 8], '<^>>v<<^^'], 18, 11, 9, True], [[[0, 1, 2, 3, 4, 5, 6, 7, 8], '<^<'], 8, 4, 3, True], [[[0, 1, 2, 3, 4, 5, 6, 7, 8], '<<^^'], 7, 5, 4, True], [[[0, 1, 2, 3, 4, 5, 6, 7, 8], 'v>^^>v<^<'], 20, 11, 9, True], [[[0, 1, 2, 3, 4, 5, 6, 7, 8], '<vv<^>^<'], 22, 12, 8, True], [[[0, 1, 2, 3, 4, 5, 6, 7, 8], '^'], 3, 2, 1, True], [[[0, 1, 2, 3, 4, 5, 6, 7, 8], '^<'], 6, 3, 2, True], [[[0, 1, 2, 3, 4, 5, 6, 7, 8], '^<^<'], 9, 5, 4, True], [[[0, 1, 2, 3, 4, 5, 6, 7, 8], '^^<v<^'], 12, 7, 6, True], [[[0, 1, 2, 3, 4, 5, 6, 7, 8], 'v<v<^^'], 12, 7, 6, True], [[[0, 1, 2, 3, 4, 5, 6, 7, 8], '>v>^<<^'], 20, 11, 7, True], [[[0, 1, 2, 3, 4, 5, 6, 7, 8], '^<<^'], 9, 5, 4, True], [[[0, 1, 2, 3, 4, 5, 6, 7, 8], ''], 0, 1, 0, True], [[[0, 1, 2, 3, 4, 5, 6, 7, 8], 'v>^<<^'], 17, 9, 6, True], [[[0, 1, 2, 3, 4, 5, 6, 7, 8], '<<'], 4, 3, 2, True], [[[0, 1, 2, 3, 4, 5, 6, 7, 8], 'v<^'], 8, 4, 3, True], [[[0, 1, 2, 3, 4, 5, 6, 7, 8], 'v>^<<'], 12, 7, 5, True], [[[0, 1, 2, 3, 4, 5, 6, 7, 8], '<^^<'], 9, 5, 4, True], [[[0, 1, 2, 3, 4, 5, 6, 7, 8], '>v<v>^^<'], 30, 16, 8, True], [[[0, 1, 2, 3, 4, 5, 6, 7, 8], '<<^'], 8, 4, 3, True], [[[0, 1, 2, 3, 4, 5, 6, 7, 8], '>>^^<<'], 10, 7, 6, True], [[[0, 1, 2, 3, 4, 5, 6, 7, 8], '>vv<^^<'], 15, 9, 7, True], [[[0, 1, 2, 3, 4, 5, 6, 7, 8], '<v>^<<'], 13, 8, 6, True], [[[0, 1, 2, 3, 4, 5, 6, 7, 8], '^<<vv>^<^'], 24, 13, 9, True], [[[0, 1, 2, 3, 4, 5, 6, 7, 8], '<^<'], 8, 4, 3, True], [[[0, 1, 2, 3, 4, 5, 6, 7, 8], '<<^^'], 7, 5, 4, True], [[[0, 1, 2, 3, 4, 5, 6, 7, 8], '<v>^<'], 11, 6, 5, True], [[[0, 1, 2, 3, 4, 5, 6, 7, 8], '<'], 3, 2, 1, True], [[[0, 1, 2, 3, 4, 5, 6, 7, 8], '<<^^>v<^'], 15, 9, 8, True], [[[0, 1, 2, 3, 4, 5, 6, 7, 8], '<v<^^>v<^'], 21, 11, 9, True], [[[0, 1, 2, 3, 4, 5, 6, 7, 8], '>v<^^'], 12, 7, 5, True], [[[0, 1, 2, 3, 4, 5, 6, 7, 8], '<vv>^<<^'], 20, 11, 8, True], [[[0, 1, 2, 3, 4, 5, 6, 7, 8], 'v>^<'], 9, 5, 4, True], [[[0, 1, 2, 3, 4, 5, 6, 7, 8], '^<^<'], 9, 5, 4, True], [[[0, 1, 2, 3, 4, 5, 6, 7, 8], '>^^<'], 9, 5, 4, True], [[[0, 1, 2, 3, 4, 5, 6, 7, 8], '<<v>^<'], 12, 7, 6, True], [[[0, 1, 2, 3, 4, 5, 6, 7, 8], '<v>^<'], 11, 6, 5, True], [[[0, 1, 2, 3, 4, 5, 6, 7, 8], '^>>^<vv>^<<^'], 37, 21, 12, True], [[[0, 1, 2, 3, 4, 5, 6, 7, 8], '^^'], 4, 3, 2, True], [[[0, 1, 2, 3, 4, 5, 6, 7, 8], '^<<^>vv<^^'], 25, 14, 10, True], [[[0, 1, 2, 3, 4, 5, 6, 7, 8], 'vv>^<<v>^^>v<^<'], 64, 37, 15, True], [[[0, 1, 2, 3, 4, 5, 6, 7, 8], 'vv>^^>v<<^'], 28, 16, 10, True], [[[0, 1, 2, 3, 4, 5, 6, 7, 8], 'v>^^<<'], 12, 7, 6, True], [[[0, 1, 2, 3, 4, 5, 6, 7, 8], '>v<v>^<^'], 18, 10, 8, True], [[[0, 1, 2, 3, 4, 5, 6, 7, 8], '<^<'], 8, 4, 3, True], [[[0, 1, 2, 3, 4, 5, 6, 7, 8], '^>v<^^<'], 19, 10, 7, True], [[[0, 1, 2, 3, 4, 5, 6, 7, 8], ''], 0, 1, 0, True], [[[0, 1, 2, 3, 4, 5, 6, 7, 8], 'v>>^<^<'], 14, 8, 7, True], [[[0, 1, 2, 3, 4, 5, 6, 7, 8], '<^<'], 8, 4, 3, True], [[[0, 1, 2, 3, 4, 5, 6, 7, 8], 'v<v>^^<v<^'], 29, 16, 10, True], [[[0, 1, 2, 3, 4, 5, 6, 7, 8], '>>^<<^'], 12, 7, 6, True], [[[0, 1, 2, 3, 4, 5, 6, 7, 8], '<<^'], 8, 4, 3, True], [[[0, 1, 2, 3, 4, 5, 6, 7, 8], '^<v<^^'], 12, 7, 6, True], [[[0, 1, 2, 3, 4, 5, 6, 7, 8], '^<^<vv>^^<'], 20, 11, 10, True], [[[0, 1, 2, 3, 4, 5, 6, 7, 8], '>^<v<^^'], 18, 11, 7, True], [[[0, 1, 2, 3, 4, 5, 6, 7, 8], '^<v<^^'], 12, 7, 6, True], [[[0, 1, 2, 3, 4, 5, 6, 7, 8], '<v>^<<^'], 19, 10, 7, True], [[[0, 1, 2, 3, 4, 5, 6, 7, 8], '<<'], 4, 3, 2, True], [[[0, 1, 2, 3, 4, 5, 6, 7, 8], '>v<^'], 9, 5, 4, True], [[[0, 1, 2, 3, 4, 5, 6, 7, 8], '^<<v>^<'], 14, 8, 7, True], [[[0, 1, 2, 3, 4, 5, 6, 7, 8], 'vv>^<<^'], 19, 10, 7, True], [[[0, 1, 2, 3, 4, 5, 6, 7, 8], '<<^^'], 7, 5, 4, True], [[[0, 1, 2, 3, 4, 5, 6, 7, 8], '^>^<'], 9, 5, 4, True], [[[0, 1, 2, 3, 4, 5, 6, 7, 8], '>v<^>>v<^<'], 36, 20, 10, True], [[[0, 1, 2, 3, 4, 5, 6, 7, 8], '<<v>v>^<^<'], 23, 13, 10, True], [[[0, 1, 2, 3, 4, 5, 6, 7, 8], '>^<<'], 9, 5, 4, True], [[[0, 1, 2, 3, 4, 5, 6, 7, 8], '>^<'], 8, 4, 3, True], [[[0, 1, 2, 3, 4, 5, 6, 7, 8], '>v<^<'], 12, 7, 5, True], [[[0, 1, 2, 3, 4, 5, 6, 7, 8], 'vv<^^>vv>^<<^'], 35, 20, 13, True], [[[0, 1, 2, 3, 4, 5, 6, 7, 8], '>v<^'], 9, 5, 4, True], [[[0, 1, 2, 3, 4, 5, 6, 7, 8], '^^<v>^>v<<^'], 56, 33, 11, True], [[[0, 1, 2, 3, 4, 5, 6, 7, 8], '<^>^<'], 11, 6, 5, True], [[[0, 1, 2, 3, 4, 5, 6, 7, 8], 'v>^^<'], 11, 6, 5, True], [[[0, 1, 2, 3, 4, 5, 6, 7, 8], '^<^'], 8, 4, 3, True], [[[0, 1, 2, 3, 4, 5, 6, 7, 8], 'vv>^<^'], 14, 8, 6, True], [[[0, 1, 2, 3, 4, 5, 6, 7, 8], 'v<^^<'], 11, 6, 5, True], [[[0, 1, 2, 3, 4, 5, 6, 7, 8], '<<^^'], 7, 5, 4, True], [[[0, 1, 2, 3, 4, 5, 6, 7, 8], ''], 0, 1, 0, True], [[[0, 1, 2, 3, 4, 5, 6, 7, 8], '<v<^>vv<^^'], 37, 21, 10, True], [[[0, 1, 2, 3, 4, 5, 6, 7, 8], '<v>^^<<'], 18, 11, 7, True], [[[0, 1, 2, 3, 4, 5, 6, 7, 8], '<<'], 4, 3, 2, True], [[[0, 1, 2, 3, 4, 5, 6, 7, 8], '^<<'], 6, 4, 3, True], [[[0, 1, 2, 3, 4, 5, 6, 7, 8], '^<v>v<^<^'], 25, 14, 9, True], [[[0, 1, 2, 3, 4, 5, 6, 7, 8], '^^'], 4, 3, 2, True], [[[0, 1, 2, 3, 4, 5, 6, 7, 8], '^>v>^<^<'], 20, 11, 8, True], [[[0, 1, 2, 3, 4, 5, 6, 7, 8], '>v>^^<<'], 14, 8, 7, True], [[[0, 1, 2, 3, 4, 5, 6, 7, 8], '^^'], 4, 3, 2, True], [[[0, 1, 2, 3, 4, 5, 6, 7, 8], 'v>^<^>v<^<'], 39, 22, 10, True], [[[0, 1, 2, 3, 4, 5, 6, 7, 8], '<v>^<'], 11, 6, 5, True], [[[0, 1, 2, 3, 4, 5, 6, 7, 8], '^<'], 6, 3, 2, True], [[[0, 1, 2, 3, 4, 5, 6, 7, 8], '>>^<<^'], 12, 7, 6, True], [[[0, 1, 2, 3, 4, 5, 6, 7, 8], '<^^'], 6, 4, 3, True], [[[0, 1, 2, 3, 4, 5, 6, 7, 8], 'v<<^'], 9, 5, 4, True], [[[0, 1, 2, 3, 4, 5, 6, 7, 8], '<^<'], 8, 4, 3, True], [[[0, 1, 2, 3, 4, 5, 6, 7, 8], '>v<^<'], 12, 7, 5, True], [[[0, 1, 2, 3, 4, 5, 6, 7, 8], '^^<vv<^^'], 15, 9, 8, True], [[[0, 1, 2, 3, 4, 5, 6, 7, 8], '>^<<'], 9, 5, 4, True], [[[0, 1, 2, 3, 4, 5, 6, 7, 8], 'v<^^<'], 11, 6, 5, True], [[[0, 1, 2, 3, 4, 5, 6, 7, 8], ''], 0, 1, 0, True], [[[0, 1, 2, 3, 4, 5, 6, 7, 8], 'v<^'], 8, 4, 3, True], [[[0, 1, 2, 3, 4, 5, 6, 7, 8], '^>>v<<^'], 14, 8, 7, True], [[[0, 1, 2, 3, 4, 5, 6, 7, 8], '>>vv<^>^<<'], 42, 23, 10, True], [[[0, 1, 2, 3, 4, 5, 6, 7, 8], '^>v>^<<'], 21, 12, 7, True], [[[0, 1, 2, 3, 4, 5, 6, 7, 8], '<<v>>^^<<'], 21, 13, 9, True], [[[0, 1, 2, 3, 4, 5, 6, 7, 8], '>v<v>^^<<'], 40, 23, 9, True], [[[0, 1, 2, 3, 4, 5, 6, 7, 8], 'v>^^<'], 11, 6, 5, True], [[[0, 1, 2, 3, 4, 5, 6, 7, 8], '^<<'], 6, 4, 3, True], [[[0, 1, 2, 3, 4, 5, 6, 7, 8], '^^>vv<^^'], 15, 9, 8, True], [[[0, 1, 2, 3, 4, 5, 6, 7, 8], 'v>^>v<^<^'], 23, 13, 9, True], [[[0, 1, 2, 3, 4, 5, 6, 7, 8], '<<'], 4, 3, 2, True], [[[0, 1, 2, 3, 4, 5, 6, 7, 8], '<^^'], 6, 4, 3, True], [[[0, 1, 2, 3, 4, 5, 6, 7, 8], '^>v<^<'], 15, 8, 6, True], [[[0, 1, 2, 3, 4, 5, 6, 7, 8], '^^<<'], 7, 5, 4, True], [[[0, 1, 2, 3, 4, 5, 6, 7, 8], '<<vv>^^<'], 15, 9, 8, True], [[[0, 1, 2, 3, 4, 5, 6, 7, 8], '^>>v<^<'], 18, 10, 7, True], [[[0, 1, 2, 3, 4, 5, 6, 7, 8], '^^<<'], 7, 5, 4, True], [[[0, 1, 2, 3, 4, 5, 6, 7, 8], 'v<<^^'], 9, 6, 5, True], [[[0, 1, 2, 3, 4, 5, 6, 7, 8], '>^<v>v<^^<'], 40, 22, 10, True], [[[0, 1, 2, 3, 4, 5, 6, 7, 8], '>v>v<^^<'], 32, 17, 8, True], [[[0, 1, 2, 3, 4, 5, 6, 7, 8], '<<'], 4, 3, 2, True], [[[0, 1, 2, 3, 4, 5, 6, 7, 8], '<v>>^<<'], 14, 8, 7, True], [[[0, 1, 2, 3, 4, 5, 6, 7, 8], '<<'], 4, 3, 2, True], [[[0, 1, 2, 3, 4, 5, 6, 7, 8], '<^>^<<'], 12, 7, 6, True], [[[0, 1, 2, 3, 4, 5, 6, 7, 8], ''], 0, 1, 0, True], [[[0, 1, 2, 3, 4, 5, 6, 7, 8], '<^^>>v<<^'], 17, 10, 9, True], [[[0, 1, 2, 3, 4, 5, 6, 7, 8], '>^<^>v<v>^<^'], 52, 28, 12, True], [[[0, 1, 2, 3, 4, 5, 6, 7, 8], '<^>v<^'], 24, 12, 6, True], [[[0, 1, 2, 3, 4, 5, 6, 7, 8], 'vv<^<v>^^<'], 23, 13, 10, True], [[[0, 1, 2, 3, 4, 5, 6, 7, 8], '^^>v<<^'], 19, 10, 7, True], [[[0, 1, 2, 3, 4, 5, 6, 7, 8], 'v<^<'], 9, 5, 4, True], [[[0, 1, 2, 3, 4, 5, 6, 7, 8], '>v<<^'], 11, 6, 5, True], [[[0, 1, 2, 3, 4, 5, 6, 7, 8], '^<v>>v<<^^'], 41, 24, 10, True], [[[0, 1, 2, 3, 4, 5, 6, 7, 8], 'v<^<'], 9, 5, 4, True], [[[0, 1, 2, 3, 4, 5, 6, 7, 8], '<v>^<v<v>^<^'], 82, 44, 12, True], [[[0, 1, 2, 3, 4, 5, 6, 7, 8], 'v>^<v<^^'], 21, 12, 8, True], [[[0, 1, 2, 3, 4, 5, 6, 7, 8], '>^<<^>>v<^<'], 35, 20, 11, True], [[[0, 1, 2, 3, 4, 5, 6, 7, 8], '^>v<^<^'], 19, 10, 7, True], [[[0, 1, 2, 3, 4, 5, 6, 7, 8], '>v>v<^^>vv<<^^'], 52, 31, 14, True], [[[0, 1, 2, 3, 4, 5, 6, 7, 8], '<v>v<^>v>^^<v<^'], 98, 57, 15, True], [[[0, 1, 2, 3, 4, 5, 6, 7, 8], '>>v<v<^^'], 15, 9, 8, True], [[[0, 1, 2, 3, 4, 5, 6, 7, 8], '^<^'], 8, 4, 3, True], [[[0, 1, 2, 3, 4, 5, 6, 7, 8], 'v<^<'], 9, 5, 4, True], [[[0, 1, 2, 3, 4, 5, 6, 7, 8], '>v<<^>v>^^<v<^'], 142, 82, 14, True], [[[0, 1, 2, 3, 4, 5, 6, 7, 8], ''], 0, 1, 0, True], [[[0, 1, 2, 3, 4, 5, 6, 7, 8], '^^<<'], 7, 5, 4, True], [[[0, 1, 2, 3, 4, 5, 6, 7, 8], '>^^<'], 9, 5, 4, True], [[[0, 1, 2, 3, 4, 5, 6, 7, 8], '^'], 3, 2, 1, True], [[[0, 1, 2, 3, 4, 5, 6, 7, 8], '>^<^<'], 11, 6, 5, True], [[[0, 1, 2, 3, 4, 5, 6, 7, 8], '>v<v<^>^<'], 23, 13, 9, True], [[[0, 1, 2, 3, 4, 5, 6, 7, 8], 'v<<^'], 9, 5, 4, True], [[[0, 1, 2, 3, 4, 5, 6, 7, 8], '^^<<'], 7, 5, 4, True], [[[0, 1, 2, 3, 4, 5, 6, 7, 8], 'v>^<^'], 12, 7, 5, True], [[[0, 1, 2, 3, 4, 5, 6, 7, 8], 'v>v<^>^<<v>v<^^'], 93, 55, 15, True], [[[0, 1, 2, 3, 4, 5, 6, 7, 8], '^<^<'], 9, 5, 4, True], [[[0, 1, 2, 3, 4, 5, 6, 7, 8], '>^>vv<<^^'], 18, 11, 9, True], [[[0, 1, 2, 3, 4, 5, 6, 7, 8], '>>^<v<^'], 20, 11, 7, True], [[[0, 1, 2, 3, 4, 5, 6, 7, 8], 'vv<^>^<'], 20, 11, 7, True], [[[0, 1, 2, 3, 4, 5, 6, 7, 8], '^<v<^'], 11, 6, 5, True], [[[0, 1, 2, 3, 4, 5, 6, 7, 8], '<^>^<<'], 12, 7, 6, True], [[[0, 1, 2, 3, 4, 5, 6, 7, 8], 'v<^<'], 9, 5, 4, True], [[[0, 1, 2, 3, 4, 5, 6, 7, 8], '^>^>v<^<'], 18, 10, 8, True], [[[0, 1, 2, 3, 4, 5, 6, 7, 8], '<^^'], 6, 4, 3, True], [[[0, 1, 2, 3, 4, 5, 6, 7, 8], '>^<^>v<^<'], 30, 17, 9, True], [[[0, 1, 2, 3, 4, 5, 6, 7, 8], '<vv>^^<<'], 16, 10, 8, True], [[[0, 1, 2, 3, 4, 5, 6, 7, 8], '^<<'], 6, 4, 3, True], [[[0, 1, 2, 3, 4, 5, 6, 7, 8], 'v>>^<<^'], 15, 9, 7, True], [[[0, 1, 2, 3, 4, 5, 6, 7, 8], '<^>>v<^^<'], 22, 12, 9, True], [[[0, 1, 2, 3, 4, 5, 6, 7, 8], '^<'], 6, 3, 2, True], [[[0, 1, 2, 3, 4, 5, 6, 7, 8], 'v>^<vv>^<^'], 33, 18, 10, True], [[[0, 1, 2, 3, 4, 5, 6, 7, 8], '^>v<<^^>v<^'], 31, 18, 11, True], [[[0, 1, 2, 3, 4, 5, 6, 7, 8], '<<'], 4, 3, 2, True], [[[0, 1, 2, 3, 4, 5, 6, 7, 8], '<<^^>v<^'], 15, 9, 8, True], [[[0, 1, 2, 3, 4, 5, 6, 7, 8], '<'], 3, 2, 1, True], [[[0, 1, 2, 3, 4, 5, 6, 7, 8], '<^<'], 8, 4, 3, True], [[[0, 1, 2, 3, 4, 5, 6, 7, 8], '<^>^<'], 11, 6, 5, True], [[[0, 1, 2, 3, 4, 5, 6, 7, 8], '<v>>^<v<^>v>v<<^^'], 223, 132, 17, True], [[[0, 1, 2, 3, 4, 5, 6, 7, 8], '^^'], 4, 3, 2, True], [[[0, 1, 2, 3, 4, 5, 6, 7, 8], 'v<^^'], 9, 5, 4, True], [[[0, 1, 2, 3, 4, 5, 6, 7, 8], '>^<<'], 9, 5, 4, True], [[[0, 1, 2, 3, 4, 5, 6, 7, 8], '^<v<^^>v<^'], 22, 12, 10, True], [[[0, 1, 2, 3, 4, 5, 6, 7, 8], '<^<'], 8, 4, 3, True], [[[0, 1, 2, 3, 4, 5, 6, 7, 8], '<vv>>^<v<^^'], 63, 36, 11, True], [[[0, 1, 2, 3, 4, 5, 6, 7, 8], '>v<v<^^'], 14, 8, 7, True], [[[0, 1, 2, 3, 4, 5, 6, 7, 8], 'v>^^<'], 11, 6, 5, True], [[[0, 1, 2, 3, 4, 5, 6, 7, 8], '>^^>v<v>^<<^'], 37, 21, 12, True], [[[0, 1, 2, 3, 4, 5, 6, 7, 8], '^<<'], 6, 4, 3, True], [[[0, 1, 2, 3, 4, 5, 6, 7, 8], '<v<^'], 9, 5, 4, True], [[[0, 1, 2, 3, 4, 5, 6, 7, 8], '^'], 3, 2, 1, True], [[[0, 1, 2, 3, 4, 5, 6, 7, 8], '^^<v<^'], 12, 7, 6, True], [[[0, 1, 2, 3, 4, 5, 6, 7, 8], '<vv>^^<<'], 16, 10, 8, True], [[[0, 1, 2, 3, 4, 5, 6, 7, 8], ''], 0, 1, 0, True], [[[0, 1, 2, 3, 4, 5, 6, 7, 8], '>^<^'], 9, 5, 4, True], [[[0, 1, 2, 3, 4, 5, 6, 7, 8], '^>^<'], 9, 5, 4, True], [[[0, 1, 2, 3, 4, 5, 6, 7, 8], '<<^'], 8, 4, 3, True], [[[0, 1, 2, 3, 4, 5, 6, 7, 8], 'v<^^<'], 11, 6, 5, True], [[[0, 1, 2, 3, 4, 5, 6, 7, 8], 'v<^>v<<^'], 38, 20, 8, True], [[[0, 1, 2, 3, 4, 5, 6, 7, 8], '^'], 3, 2, 1, True], [[[0, 1, 2, 3, 4, 5, 6, 7, 8], '^<<^>v<^'], 27, 14, 8, True], [[[0, 1, 2, 3, 4, 5, 6, 7, 8], '<v<^^'], 11, 6, 5, True], [[[0, 1, 2, 3, 4, 5, 6, 7, 8], 'vv<<^^'], 10, 7, 6, True], [[[0, 1, 2, 3, 4, 5, 6, 7, 8], '<^^>vv<^>^<<'], 52, 31, 12, True], [[[0, 1, 2, 3, 4, 5, 6, 7, 8], ''], 0, 1, 0, True], [[[0, 1, 2, 3, 4, 5, 6, 7, 8], 'v>v<<^>^<'], 20, 11, 9, True], [[[0, 1, 2, 3, 4, 5, 6, 7, 8], 'vv>>^<^<'], 15, 9, 8, True], [[[0, 1, 2, 3, 4, 5, 6, 7, 8], '<v<^^>vv>^<<^'], 35, 19, 13, True], [[[0, 1, 2, 3, 4, 5, 6, 7, 8], '<^'], 6, 3, 2, True], [[[0, 1, 2, 3, 4, 5, 6, 7, 8], 'v<^'], 8, 4, 3, True], [[[0, 1, 2, 3, 4, 5, 6, 7, 8], '<<^>vv<^^'], 24, 13, 9, True], [[[0, 1, 2, 3, 4, 5, 6, 7, 8], '<<v>>v<<^^'], 33, 20, 10, True], [[[0, 1, 2, 3, 4, 5, 6, 7, 8], '<v<^'], 9, 5, 4, True], [[[0, 1, 2, 3, 4, 5, 6, 7, 8], 'v>^^<<'], 12, 7, 6, True], [[[0, 1, 2, 3, 4, 5, 6, 7, 8], '>v<^'], 9, 5, 4, True], [[[0, 1, 2, 3, 4, 5, 6, 7, 8], ''], 0, 1, 0, True], [[[0, 1, 2, 3, 4, 5, 6, 7, 8], '^<^<'], 9, 5, 4, True], [[[0, 1, 2, 3, 4, 5, 6, 7, 8], '>>v<<^'], 12, 7, 6, True], [[[0, 1, 2, 3, 4, 5, 6, 7, 8], 'v<^<'], 9, 5, 4, True], [[[0, 1, 2, 3, 4, 5, 6, 7, 8], '>v<^^<'], 17, 9, 6, True], [[[0, 1, 2, 3, 4, 5, 6, 7, 8], '>v<^<'], 12, 7, 5, True], [[[0, 1, 2, 3, 4, 5, 6, 7, 8], '>^<<v>>^<<'], 22, 12, 10, True], [[[0, 1, 2, 3, 4, 5, 6, 7, 8], '<v<v>>^<^<'], 29, 17, 10, True], [[[0, 1, 2, 3, 4, 5, 6, 7, 8], '^<v>^^<'], 19, 10, 7, True], [[[0, 1, 2, 3, 4, 5, 6, 7, 8], '>vv<^^<'], 15, 9, 7, True], [[[0, 1, 2, 3, 4, 5, 6, 7, 8], '^<vv<^^'], 14, 8, 7, True], [[[0, 1, 2, 3, 4, 5, 6, 7, 8], 'v<v>^<^>v<<^'], 36, 20, 12, True], [[[0, 1, 2, 3, 4, 5, 6, 7, 8], '^>^>v<^<'], 18, 10, 8, True], [[[0, 1, 2, 3, 4, 5, 6, 7, 8], '>^^<'], 9, 5, 4, True], [[[0, 1, 2, 3, 4, 5, 6, 7, 8], 'v>>^<<'], 12, 7, 6, True], [[[0, 1, 2, 3, 4, 5, 6, 7, 8], '<^<'], 8, 4, 3, True], [[[0, 1, 2, 3, 4, 5, 6, 7, 8], '^<v<^>v>^^<<'], 34, 21, 12, True], [[[0, 1, 2, 3, 4, 5, 6, 7, 8], '<^'], 6, 3, 2, True], [[[0, 1, 2, 3, 4, 5, 6, 7, 8], '>vv<<^^>v<^'], 23, 13, 11, True], [[[0, 1, 2, 3, 4, 5, 6, 7, 8], '^^'], 4, 3, 2, True], [[[0, 1, 2, 3, 4, 5, 6, 7, 8], '^'], 3, 2, 1, True], [[[0, 1, 2, 3, 4, 5, 6, 7, 8], 'v<<v>^<^'], 18, 10, 8, True], [[[0, 1, 2, 3, 4, 5, 6, 7, 8], '>>v<^<^'], 20, 11, 7, True], [[[0, 1, 2, 3, 4, 5, 6, 7, 8], '<^<^'], 9, 5, 4, True], [[[0, 1, 2, 3, 4, 5, 6, 7, 8], '<<^>>v<<^'], 19, 10, 9, True], [[[0, 1, 2, 3, 4, 5, 6, 7, 8], '<v>>v<<^>^<'], 22, 12, 11, True], [[[0, 1, 2, 3, 4, 5, 6, 7, 8], ''], 0, 1, 0, True], [[[0, 1, 2, 3, 4, 5, 6, 7, 8], '<vv>^>v<^<^'], 32, 18, 11, True], [[[0, 1, 2, 3, 4, 5, 6, 7, 8], '<^'], 6, 3, 2, True], [[[0, 1, 2, 3, 4, 5, 6, 7, 8], '^<<^'], 9, 5, 4, True], [[[0, 1, 2, 3, 4, 5, 6, 7, 8], 'v>^>^<v<^'], 23, 13, 9, True], [[[0, 1, 2, 3, 4, 5, 6, 7, 8], '^^>v<^'], 12, 7, 6, True], [[[0, 1, 2, 3, 4, 5, 6, 7, 8], '>^<^<'], 11, 6, 5, True], [[[0, 1, 2, 3, 4, 5, 6, 7, 8], '<<v>^<vv>>^<<^'], 47, 27, 14, True], [[[0, 1, 2, 3, 4, 5, 6, 7, 8], '>^^<<'], 9, 6, 5, True], [[[0, 1, 2, 3, 4, 5, 6, 7, 8], '^^<<'], 7, 5, 4, True], [[[0, 1, 2, 3, 4, 5, 6, 7, 8], 'v>^^<<'], 12, 7, 6, True], [[[0, 1, 2, 3, 4, 5, 6, 7, 8], '<<^^'], 7, 5, 4, True], [[[0, 1, 2, 3, 4, 5, 6, 7, 8], '>^<^'], 9, 5, 4, True], [[[0, 1, 2, 3, 4, 5, 6, 7, 8], 'v>^<^'], 12, 7, 5, True], [[[0, 1, 2, 3, 4, 5, 6, 7, 8], '^<'], 6, 3, 2, True], [[[0, 1, 2, 3, 4, 5, 6, 7, 8], '^>>^<<'], 12, 7, 6, True], [[[0, 1, 2, 3, 4, 5, 6, 7, 8], 'v>>^<<^'], 15, 9, 7, True], [[[0, 1, 2, 3, 4, 5, 6, 7, 8], '^^'], 4, 3, 2, True], [[[0, 1, 2, 3, 4, 5, 6, 7, 8], '>^<'], 8, 4, 3, True], [[[0, 1, 2, 3, 4, 5, 6, 7, 8], '<v>^^<<'], 18, 11, 7, True], [[[0, 1, 2, 3, 4, 5, 6, 7, 8], '>v<<^^>v<^'], 23, 13, 10, True], [[[0, 1, 2, 3, 4, 5, 6, 7, 8], 'v>^<<'], 12, 7, 5, True], [[[0, 1, 2, 3, 4, 5, 6, 7, 8], '<<v>^<'], 12, 7, 6, True], [[[0, 1, 2, 3, 4, 5, 6, 7, 8], '<^<^>v<^'], 27, 14, 8, True], [[[0, 1, 2, 3, 4, 5, 6, 7, 8], '>v>^<^<'], 19, 10, 7, True], [[[0, 1, 2, 3, 4, 5, 6, 7, 8], '^^<vv>^<^'], 26, 15, 9, True], [[[0, 1, 2, 3, 4, 5, 6, 7, 8], '^>^<<'], 11, 6, 5, True], [[[0, 1, 2, 3, 4, 5, 6, 7, 8], '^<^<'], 9, 5, 4, True], [[[0, 1, 2, 3, 4, 5, 6, 7, 8], '<vv>>^<<^'], 21, 12, 9, True], [[[0, 1, 2, 3, 4, 5, 6, 7, 8], 'v>^<'], 9, 5, 4, True], [[[0, 1, 2, 3, 4, 5, 6, 7, 8], '<^^<'], 9, 5, 4, True], [[[0, 1, 2, 3, 4, 5, 6, 7, 8], 'v>^<<^'], 17, 9, 6, True], [[[0, 1, 2, 3, 4, 5, 6, 7, 8], 'v<^^<'], 11, 6, 5, True], [[[0, 1, 2, 3, 4, 5, 6, 7, 8], '>>v<<^>v<^^'], 43, 24, 11, True], [[[0, 1, 2, 3, 4, 5, 6, 7, 8], '<^>>vv<^<^'], 29, 17, 10, True], [[[0, 1, 2, 3, 4, 5, 6, 7, 8], '>^<<v>^<'], 19, 10, 8, True], [[[0, 1, 2, 3, 4, 5, 6, 7, 8], '>>v<<^'], 12, 7, 6, True], [[[0, 1, 2, 3, 4, 5, 6, 7, 8], '<^^>v<^<'], 18, 10, 8, True], [[[0, 1, 2, 3, 4, 5, 6, 7, 8], '<v<^^'], 11, 6, 5, True], [[[0, 1, 2, 3, 4, 5, 6, 7, 8], '<^^<'], 9, 5, 4, True], [[[0, 1, 2, 3, 4, 5, 6, 7, 8], 'v>v<^>^<'], 20, 11, 8, True], [[[0, 1, 2, 3, 4, 5, 6, 7, 8], '^^<'], 8, 4, 3, True], [[[0, 1, 2, 3, 4, 5, 6, 7, 8], '<^<^>v<^'], 27, 14, 8, True], [[[0, 1, 2, 3, 4, 5, 6, 7, 8], '<<^>v>^<^<'], 29, 16, 10, True], [[[0, 1, 2, 3, 4, 5, 6, 7, 8], 'v>>^<<^>v<^'], 35, 19, 11, True], [[[0, 1, 2, 3, 4, 5, 6, 7, 8], '>v<^<'], 12, 7, 5, True], [[[0, 1, 2, 3, 4, 5, 6, 7, 8], '<v>>^<<'], 14, 8, 7, True], [[[0, 1, 2, 3, 4, 5, 6, 7, 8], '<'], 3, 2, 1, True], [[[0, 1, 2, 3, 4, 5, 6, 7, 8], '>v>v<<^^'], 15, 9, 8, True], [[[0, 1, 2, 3, 4, 5, 6, 7, 8], '^^<'], 8, 4, 3, True], [[[0, 1, 2, 3, 4, 5, 6, 7, 8], '<v<^^'], 11, 6, 5, True], [[[0, 1, 2, 3, 4, 5, 6, 7, 8], 'v<^^'], 9, 5, 4, True], [[[0, 1, 2, 3, 4, 5, 6, 7, 8], '^>^<'], 9, 5, 4, True], [[[0, 1, 2, 3, 4, 5, 6, 7, 8], '>v>v<^>^<<'], 26, 15, 10, True], [[[0, 1, 2, 3, 4, 5, 6, 7, 8], 'vv>^^<<'], 15, 9, 7, True], [[[0, 1, 2, 3, 4, 5, 6, 7, 8], ''], 0, 1, 0, True], [[[0, 1, 2, 3, 4, 5, 6, 7, 8], '<^<'], 8, 4, 3, True], [[[0, 1, 2, 3, 4, 5, 6, 7, 8], '<^>>v<<^^'], 18, 11, 9, True], [[[0, 1, 2, 3, 4, 5, 6, 7, 8], '<v>^<'], 11, 6, 5, True], [[[0, 1, 2, 3, 4, 5, 6, 7, 8], '<^<'], 8, 4, 3, True], [[[0, 1, 2, 3, 4, 5, 6, 7, 8], '>^^<'], 9, 5, 4, True], [[[0, 1, 2, 3, 4, 5, 6, 7, 8], '<vv>>^^<<'], 15, 10, 9, True], [[[0, 1, 2, 3, 4, 5, 6, 7, 8], '>^<'], 8, 4, 3, True], [[[0, 1, 2, 3, 4, 5, 6, 7, 8], '>v<^'], 9, 5, 4, True], [[[0, 1, 2, 3, 4, 5, 6, 7, 8], '^^'], 4, 3, 2, True], [[[0, 1, 2, 3, 4, 5, 6, 7, 8], '<v>v<^<^'], 20, 11, 8, True], [[[0, 1, 2, 3, 4, 5, 6, 7, 8], '<<'], 4, 3, 2, True], [[[0, 1, 2, 3, 4, 5, 6, 7, 8], ''], 0, 1, 0, True], [[[0, 1, 2, 3, 4, 5, 6, 7, 8], '^>vv<^^<'], 18, 10, 8, True], [[[0, 1, 2, 3, 4, 5, 6, 7, 8], 'v>>^<<^'], 15, 9, 7, True], [[[0, 1, 2, 3, 4, 5, 6, 7, 8], 'v>^<^<'], 17, 9, 6, True], [[[0, 1, 2, 3, 4, 5, 6, 7, 8], '>v>^<^<'], 19, 10, 7, True], [[[0, 1, 2, 3, 4, 5, 6, 7, 8], 'v<v<^^'], 12, 7, 6, True], [[[0, 1, 2, 3, 4, 5, 6, 7, 8], '>vv<^<^'], 14, 8, 7, True], [[[0, 1, 2, 3, 4, 5, 6, 7, 8], '>v<^'], 9, 5, 4, True], [[[0, 1, 2, 3, 4, 5, 6, 7, 8], '>v<<^'], 11, 6, 5, True], [[[0, 1, 2, 3, 4, 5, 6, 7, 8], '<v>v<<^^'], 15, 9, 8, True], [[[0, 1, 2, 3, 4, 5, 6, 7, 8], '>^<<v>^<'], 19, 10, 8, True], [[[0, 1, 2, 3, 4, 5, 6, 7, 8], '>v<^^<'], 17, 9, 6, True], [[[0, 1, 2, 3, 4, 5, 6, 7, 8], '>^^>v<<^'], 20, 11, 8, True], [[[0, 1, 2, 3, 4, 5, 6, 7, 8], '<^^>v<^<'], 18, 10, 8, True], [[[0, 1, 2, 3, 4, 5, 6, 7, 8], '<v>^<'], 11, 6, 5, True], [[[0, 1, 2, 3, 4, 5, 6, 7, 8], '>v<^^'], 12, 7, 5, True], [[[0, 1, 2, 3, 4, 5, 6, 7, 8], 'vv<^^<'], 12, 7, 6, True], [[[0, 1, 2, 3, 4, 5, 6, 7, 8], '<^<^>>v<<^'], 20, 11, 10, True], [[[0, 1, 2, 3, 4, 5, 6, 7, 8], '^>>^<<'], 12, 7, 6, True], [[[0, 1, 2, 3, 4, 5, 6, 7, 8], '>>^^<<'], 10, 7, 6, True], [[[0, 1, 2, 3, 4, 5, 6, 7, 8], '>>^<<^'], 12, 7, 6, True], [[[0, 1, 2, 3, 4, 5, 6, 7, 8], 'v<v>^^<'], 23, 13, 7, True], [[[0, 1, 2, 3, 4, 5, 6, 7, 8], '^<^'], 8, 4, 3, True], [[[0, 1, 2, 3, 4, 5, 6, 7, 8], '<<^>v<^'], 26, 13, 7, True], [[[0, 1, 2, 3, 4, 5, 6, 7, 8], '<^>^<'], 11, 6, 5, True], [[[0, 1, 2, 3, 4, 5, 6, 7, 8], '>^<v<^^'], 18, 11, 7, True], [[[0, 1, 2, 3, 4, 5, 6, 7, 8], 'v>^<<v>^<'], 24, 13, 9, True], [[[0, 1, 2, 3, 4, 5, 6, 7, 8], '<<'], 4, 3, 2, True], [[[0, 1, 2, 3, 4, 5, 6, 7, 8], ''], 0, 1, 0, True], [[[0, 1, 2, 3, 4, 5, 6, 7, 8], '^>>v<v<^^'], 17, 10, 9, True], [[[0, 1, 2, 3, 4, 5, 6, 7, 8], '>^<'], 8, 4, 3, True], [[[0, 1, 2, 3, 4, 5, 6, 7, 8], '^>v>^^<<'], 15, 9, 8, True], [[[0, 1, 2, 3, 4, 5, 6, 7, 8], 'v>^<^>>v<<^'], 28, 16, 11, True], [[[0, 1, 2, 3, 4, 5, 6, 7, 8], 'v>^<^'], 12, 7, 5, True], [[[0, 1, 2, 3, 4, 5, 6, 7, 8], '^>>v<v>^<<v>>^^<<'], 283, 168, 17, True], [[[0, 1, 2, 3, 4, 5, 6, 7, 8], '>v<^'], 9, 5, 4, True], [[[0, 1, 2, 3, 4, 5, 6, 7, 8], '>>v<^^<'], 19, 10, 7, True], [[[0, 1, 2, 3, 4, 5, 6, 7, 8], '>>v<^<'], 14, 8, 6, True], [[[0, 1, 2, 3, 4, 5, 6, 7, 8], '^<'], 6, 3, 2, True], [[[0, 1, 2, 3, 4, 5, 6, 7, 8], '<^<^'], 9, 5, 4, True], [[[0, 1, 2, 3, 4, 5, 6, 7, 8], '>^<v>^^<<'], 36, 21, 9, True], [[[0, 1, 2, 3, 4, 5, 6, 7, 8], '>>^<^>v<^<'], 31, 18, 10, True], [[[0, 1, 2, 3, 4, 5, 6, 7, 8], 'v>>^^<<'], 12, 8, 7, True], [[[0, 1, 2, 3, 4, 5, 6, 7, 8], '^^<'], 8, 4, 3, True], [[[0, 1, 2, 3, 4, 5, 6, 7, 8], 'v<^'], 8, 4, 3, True], [[[0, 1, 2, 3, 4, 5, 6, 7, 8], 'v<<v>^<^'], 18, 10, 8, True], [[[0, 1, 2, 3, 4, 5, 6, 7, 8], ''], 0, 1, 0, True], [[[0, 1, 2, 3, 4, 5, 6, 7, 8], 'v<^'], 8, 4, 3, True], [[[0, 1, 2, 3, 4, 5, 6, 7, 8], '<'], 3, 2, 1, True], [[[0, 1, 2, 3, 4, 5, 6, 7, 8], '^^>v>^<<'], 23, 13, 8, True], [[[0, 1, 2, 3, 4, 5, 6, 7, 8], '^^<<vv>^^<'], 18, 11, 10, True], [[[0, 1, 2, 3, 4, 5, 6, 7, 8], '<<^>v>^^<<'], 32, 18, 10, True], [[[0, 1, 2, 3, 4, 5, 6, 7, 8], '>v<^<^'], 17, 9, 6, True], [[[0, 1, 2, 3, 4, 5, 6, 7, 8], '<vv<^^'], 12, 7, 6, True], [[[0, 1, 2, 3, 4, 5, 6, 7, 8], '^<<v>^<'], 14, 8, 7, True], [[[0, 1, 2, 3, 4, 5, 6, 7, 8], '<^<v>^^<'], 20, 11, 8, True], [[[0, 1, 2, 3, 4, 5, 6, 7, 8], 'v>>^<v>^^<<'], 44, 26, 11, True], [[[0, 1, 2, 3, 4, 5, 6, 7, 8], 'vv>>^^<<'], 13, 9, 8, True], [[[0, 1, 2, 3, 4, 5, 6, 7, 8], 'v<^>>v<<v>>^<^<'], 69, 41, 15, True], [[[0, 1, 2, 3, 4, 5, 6, 7, 8], '^'], 3, 2, 1, True], [[[0, 1, 2, 3, 4, 5, 6, 7, 8], '<^'], 6, 3, 2, True], [[[0, 1, 2, 3, 4, 5, 6, 7, 8], '^^<'], 8, 4, 3, True], [[[0, 1, 2, 3, 4, 5, 6, 7, 8], 'v<<^>>v<<^'], 20, 11, 10, True], [[[0, 1, 2, 3, 4, 5, 6, 7, 8], '<<'], 4, 3, 2, True], [[[0, 1, 2, 3, 4, 5, 6, 7, 8], '^'], 3, 2, 1, True], [[[0, 1, 2, 3, 4, 5, 6, 7, 8], '^'], 3, 2, 1, True], [[[0, 1, 2, 3, 4, 5, 6, 7, 8], '^<v>^<<'], 29, 16, 7, True], [[[0, 1, 2, 3, 4, 5, 6, 7, 8], '^<'], 6, 3, 2, True], [[[0, 1, 2, 3, 4, 5, 6, 7, 8], '>v<v>^<^<'], 23, 13, 9, True], [[[0, 1, 2, 3, 4, 5, 6, 7, 8], '^>>^<<'], 12, 7, 6, True], [[[0, 1, 2, 3, 4, 5, 6, 7, 8], '<'], 3, 2, 1, True], [[[0, 1, 2, 3, 4, 5, 6, 7, 8], 'vv>^^<'], 12, 7, 6, True], [[[0, 1, 2, 3, 4, 5, 6, 7, 8], 'v<^'], 8, 4, 3, True], [[[0, 1, 2, 3, 4, 5, 6, 7, 8], 'v<^>>vv<<^^'], 36, 22, 11, True], [[[0, 1, 2, 3, 4, 5, 6, 7, 8], 'v<^>^<<'], 18, 11, 7, True], [[[0, 1, 2, 3, 4, 5, 6, 7, 8], '>^<'], 8, 4, 3, True], [[[0, 1, 2, 3, 4, 5, 6, 7, 8], '>^<'], 8, 4, 3, True], [[[0, 1, 2, 3, 4, 5, 6, 7, 8], 'v>^^<'], 11, 6, 5, True], [[[0, 1, 2, 3, 4, 5, 6, 7, 8], '>^<<^'], 11, 6, 5, True], [[[0, 1, 2, 3, 4, 5, 6, 7, 8], '^<^<'], 9, 5, 4, True], [[[0, 1, 2, 3, 4, 5, 6, 7, 8], '^^'], 4, 3, 2, True], [[[0, 1, 2, 3, 4, 5, 6, 7, 8], 'vv>>^<^<'], 15, 9, 8, True], [[[0, 1, 2, 3, 4, 5, 6, 7, 8], '<^>>v<v>^<<v>^^<'], 57, 33, 16, True], [[[0, 1, 2, 3, 4, 5, 6, 7, 8], 'v<^>^<<'], 18, 11, 7, True], [[[0, 1, 2, 3, 4, 5, 6, 7, 8], 'v<v>^<<v>>^^<<'], 97, 59, 14, True], [[[0, 1, 2, 3, 4, 5, 6, 7, 8], '>^<^<'], 11, 6, 5, True], [[[0, 1, 2, 3, 4, 5, 6, 7, 8], '<<v>>^<^<'], 19, 10, 9, True], [[[0, 1, 2, 3, 4, 5, 6, 7, 8], '^<v<^^>v<^'], 22, 12, 10, True], [[[0, 1, 2, 3, 4, 5, 6, 7, 8], '<v>v>^^<<'], 17, 10, 9, True], [[[0, 1, 2, 3, 4, 5, 6, 7, 8], '>^<v<^'], 17, 9, 6, True], [[[0, 1, 2, 3, 4, 5, 6, 7, 8], '>^<<'], 9, 5, 4, True], [[[0, 1, 2, 3, 4, 5, 6, 7, 8], '^'], 3, 2, 1, True], [[[0, 1, 2, 3, 4, 5, 6, 7, 8], '>^<^'], 9, 5, 4, True], [[[0, 1, 2, 3, 4, 5, 6, 7, 8], 'v<v>>^<^<'], 28, 16, 9, True], [[[0, 1, 2, 3, 4, 5, 6, 7, 8], '<<^>vv>^<<^'], 52, 27, 11, True], [[[0, 1, 2, 3, 4, 5, 6, 7, 8], '^<<'], 6, 4, 3, True], [[[0, 1, 2, 3, 4, 5, 6, 7, 8], '>^<v>^^<<'], 36, 21, 9, True], [[[0, 1, 2, 3, 4, 5, 6, 7, 8], 'v>>^<<'], 12, 7, 6, True], [[[0, 1, 2, 3, 4, 5, 6, 7, 8], '^<vv<^^'], 14, 8, 7, True], [[[0, 1, 2, 3, 4, 5, 6, 7, 8], '<vv<^^'], 12, 7, 6, True], [[[0, 1, 2, 3, 4, 5, 6, 7, 8], '<v>^<<'], 13, 8, 6, True], [[[0, 1, 2, 3, 4, 5, 6, 7, 8], '>vv>^<^<'], 29, 16, 8, True], [[[0, 1, 2, 3, 4, 5, 6, 7, 8], '>^<<v>>^<<'], 22, 12, 10, True], [[[0, 1, 2, 3, 4, 5, 6, 7, 8], '^<v>>^^<<'], 24, 15, 9, True], [[[0, 1, 2, 3, 4, 5, 6, 7, 8], '>^>v<^<^'], 20, 11, 8, True], [[[0, 1, 2, 3, 4, 5, 6, 7, 8], '^'], 3, 2, 1, True], [[[0, 1, 2, 3, 4, 5, 6, 7, 8], 'v>v<^^<'], 20, 11, 7, True], [[[0, 1, 2, 3, 4, 5, 6, 7, 8], '<<^^>v<^'], 15, 9, 8, True], [[[0, 1, 2, 3, 4, 5, 6, 7, 8], '<^<vv>>^<^<'], 31, 18, 11, True], [[[0, 1, 2, 3, 4, 5, 6, 7, 8], '>^<v>>^<<^'], 39, 23, 10, True], [[[0, 1, 2, 3, 4, 5, 6, 7, 8], '^>^<'], 9, 5, 4, True], [[[0, 1, 2, 3, 4, 5, 6, 7, 8], '^^<<vv>^<^'], 26, 14, 10, True], [[[0, 1, 2, 3, 4, 5, 6, 7, 8], '>^<v>v<^^'], 32, 19, 9, True], [[[0, 1, 2, 3, 4, 5, 6, 7, 8], '<<'], 4, 3, 2, True], [[[0, 1, 2, 3, 4, 5, 6, 7, 8], '<^<v>^^<'], 20, 11, 8, True], [[[0, 1, 2, 3, 4, 5, 6, 7, 8], '<v>^<<^'], 19, 10, 7, True], [[[0, 1, 2, 3, 4, 5, 6, 7, 8], '^^<<'], 7, 5, 4, True], [[[0, 1, 2, 3, 4, 5, 6, 7, 8], '<v<^>^<'], 19, 10, 7, True], [[[0, 1, 2, 3, 4, 5, 6, 7, 8], '^>>^<<'], 12, 7, 6, True], [[[0, 1, 2, 3, 4, 5, 6, 7, 8], 'v>^<^'], 12, 7, 5, True], [[[0, 1, 2, 3, 4, 5, 6, 7, 8], '>^<v>v<^^<'], 40, 22, 10, True], [[[0, 1, 2, 3, 4, 5, 6, 7, 8], 'vv<^<^'], 12, 7, 6, True], [[[0, 1, 2, 3, 4, 5, 6, 7, 8], '<v<^^'], 11, 6, 5, True], [[[0, 1, 2, 3, 4, 5, 6, 7, 8], 'v<^^'], 9, 5, 4, True], [[[0, 1, 2, 3, 4, 5, 6, 7, 8], '<v>^<<^'], 19, 10, 7, True], [[[0, 1, 2, 3, 4, 5, 6, 7, 8], '<<'], 4, 3, 2, True], [[[0, 1, 2, 3, 4, 5, 6, 7, 8], '>^<vv<^^'], 23, 13, 8, True], [[[0, 1, 2, 3, 4, 5, 6, 7, 8], 'v>>^^<<'], 12, 8, 7, True], [[[0, 1, 2, 3, 4, 5, 6, 7, 8], '<^>v<^^'], 24, 14, 7, True], [[[0, 1, 2, 3, 4, 5, 6, 7, 8], '>>v<^<'], 14, 8, 6, True], [[[0, 1, 2, 3, 4, 5, 6, 7, 8], '>^>v<^<'], 17, 9, 7, True], [[[0, 1, 2, 3, 4, 5, 6, 7, 8], '^>vv<^^<'], 18, 10, 8, True], [[[0, 1, 2, 3, 4, 5, 6, 7, 8], 'v>^<v>>v<<^^'], 57, 34, 12, True], [[[0, 1, 2, 3, 4, 5, 6, 7, 8], '^^<'], 8, 4, 3, True], [[[0, 1, 2, 3, 4, 5, 6, 7, 8], '<<^'], 8, 4, 3, True], [[[0, 1, 2, 3, 4, 5, 6, 7, 8], '<^^'], 6, 4, 3, True], [[[0, 1, 2, 3, 4, 5, 6, 7, 8], 'v>^<^'], 12, 7, 5, True], [[[0, 1, 2, 3, 4, 5, 6, 7, 8], '>vv<^>^<<'], 33, 18, 9, True], [[[0, 1, 2, 3, 4, 5, 6, 7, 8], '<<'], 4, 3, 2, True], [[[0, 1, 2, 3, 4, 5, 6, 7, 8], '<^'], 6, 3, 2, True], [[[0, 1, 2, 3, 4, 5, 6, 7, 8], 'vv>^^<'], 12, 7, 6, True], [[[0, 1, 2, 3, 4, 5, 6, 7, 8], 'vv>^^<'], 12, 7, 6, True], [[[0, 1, 2, 3, 4, 5, 6, 7, 8], '>v<^<'], 12, 7, 5, True], [[[0, 1, 2, 3, 4, 5, 6, 7, 8], '^^'], 4, 3, 2, True], [[[0, 1, 2, 3, 4, 5, 6, 7, 8], '>^<v>^^<<'], 36, 21, 9, True], [[[0, 1, 2, 3, 4, 5, 6, 7, 8], '^>>v<^<'], 18, 10, 7, True], [[[0, 1, 2, 3, 4, 5, 6, 7, 8], 'vv>^^<v<^'], 19, 10, 9, True], [[[0, 1, 2, 3, 4, 5, 6, 7, 8], '^>v<^'], 11, 6, 5, True], [[[0, 1, 2, 3, 4, 5, 6, 7, 8], ''], 0, 1, 0, True], [[[0, 1, 2, 3, 4, 5, 6, 7, 8], '>>^^<<'], 10, 7, 6, True], [[[0, 1, 2, 3, 4, 5, 6, 7, 8], '<<vv>^^<'], 15, 9, 8, True], [[[0, 1, 2, 3, 4, 5, 6, 7, 8], '^'], 3, 2, 1, True], [[[0, 1, 2, 3, 4, 5, 6, 7, 8], '<^'], 6, 3, 2, True], [[[0, 1, 2, 3, 4, 5, 6, 7, 8], 'v>^^<<'], 12, 7, 6, True], [[[0, 1, 2, 3, 4, 5, 6, 7, 8], '<<'], 4, 3, 2, True], [[[0, 1, 2, 3, 4, 5, 6, 7, 8], '>v<^>v>^^<v<^'], 80, 45, 13, True], [[[0, 1, 2, 3, 4, 5, 6, 7, 8], '^'], 3, 2, 1, True], [[[0, 1, 2, 3, 4, 5, 6, 7, 8], 'v<^<'], 9, 5, 4, True], [[[0, 1, 2, 3, 4, 5, 6, 7, 8], '^^>>v<<^'], 15, 9, 8, True], [[[0, 1, 2, 3, 4, 5, 6, 7, 8], '>^^<'], 9, 5, 4, True], [[[0, 1, 2, 3, 4, 5, 6, 7, 8], '^'], 3, 2, 1, True], [[[0, 1, 2, 3, 4, 5, 6, 7, 8], '^<<'], 6, 4, 3, True], [[[0, 1, 2, 3, 4, 5, 6, 7, 8], '^>v>^<<'], 21, 12, 7, True], [[[0, 1, 2, 3, 4, 5, 6, 7, 8], '>^<^<'], 11, 6, 5, True], [[[0, 1, 2, 3, 4, 5, 6, 7, 8], 'v<^>^<'], 17, 9, 6, True], [[[0, 1, 2, 3, 4, 5, 6, 7, 8], '<^>v<^'], 24, 12, 6, True], [[[0, 1, 2, 3, 4, 5, 6, 7, 8], '<^<^'], 9, 5, 4, True], [[[0, 1, 2, 3, 4, 5, 6, 7, 8], '>^>v<<^'], 23, 13, 7, True], [[[0, 1, 2, 3, 4, 5, 6, 7, 8], 'v<v>^<^'], 17, 9, 7, True], [[[0, 1, 2, 3, 4, 5, 6, 7, 8], '<'], 3, 2, 1, True], [[[0, 1, 2, 3, 4, 5, 6, 7, 8], '^<<v>>^<^<'], 20, 11, 10, True], [[[0, 1, 2, 3, 4, 5, 6, 7, 8], '<^<^'], 9, 5, 4, True], [[[0, 1, 2, 3, 4, 5, 6, 7, 8], '<^^'], 6, 4, 3, True], [[[0, 1, 2, 3, 4, 5, 6, 7, 8], ''], 0, 1, 0, True], [[[0, 1, 2, 3, 4, 5, 6, 7, 8], '<^>v<<^'], 19, 10, 7, True], [[[0, 1, 2, 3, 4, 5, 6, 7, 8], '>^<v<^'], 17, 9, 6, True], [[[0, 1, 2, 3, 4, 5, 6, 7, 8], '^>^<'], 9, 5, 4, True], [[[0, 1, 2, 3, 4, 5, 6, 7, 8], '^^>v<^'], 12, 7, 6, True], [[[0, 1, 2, 3, 4, 5, 6, 7, 8], 'v<^>^<'], 17, 9, 6, True], [[[0, 1, 2, 3, 4, 5, 6, 7, 8], '^<'], 6, 3, 2, True], [[[0, 1, 2, 3, 4, 5, 6, 7, 8], '^<v>>^^<<'], 24, 15, 9, True], [[[0, 1, 2, 3, 4, 5, 6, 7, 8], 'v>^<v<^^'], 21, 12, 8, True], [[[0, 1, 2, 3, 4, 5, 6, 7, 8], '>vv<^<^'], 14, 8, 7, True], [[[0, 1, 2, 3, 4, 5, 6, 7, 8], 'v>^<'], 9, 5, 4, True], [[[0, 1, 2, 3, 4, 5, 6, 7, 8], '^>^<<'], 11, 6, 5, True], [[[0, 1, 2, 3, 4, 5, 6, 7, 8], 'v<^>v<<^'], 38, 20, 8, True], [[[0, 1, 2, 3, 4, 5, 6, 7, 8], '>v<^<^'], 17, 9, 6, True], [[[0, 1, 2, 3, 4, 5, 6, 7, 8], '>v<<^^'], 12, 7, 6, True], [[[0, 1, 2, 3, 4, 5, 6, 7, 8], 'v>^<'], 9, 5, 4, True], [[[0, 1, 2, 3, 4, 5, 6, 7, 8], '<v>>v<^^>v<<^'], 80, 44, 13, True], [[[0, 1, 2, 3, 4, 5, 6, 7, 8], '^<<vv>^^<'], 17, 10, 9, True], [[[0, 1, 2, 3, 4, 5, 6, 7, 8], 'v<^>^<'], 17, 9, 6, True], [[[0, 1, 2, 3, 4, 5, 6, 7, 8], 'v>v>^<^<'], 20, 11, 8, True], [[[0, 1, 2, 3, 4, 5, 6, 7, 8], '<<^^>>v<<^>v<^'], 84, 47, 14, True], [[[0, 1, 2, 3, 4, 5, 6, 7, 8], '<^^<'], 9, 5, 4, True], [[[0, 1, 2, 3, 4, 5, 6, 7, 8], '<<v>v<^>^<'], 23, 13, 10, True], [[[0, 1, 2, 3, 4, 5, 6, 7, 8], '<v>>v<<^^'], 27, 16, 9, True], [[[0, 1, 2, 3, 4, 5, 6, 7, 8], '^^<<v>^>v<<^'], 90, 52, 12, True], [[[0, 1, 2, 3, 4, 5, 6, 7, 8], 'v<^>^<'], 17, 9, 6, True], [[[0, 1, 2, 3, 4, 5, 6, 7, 8], '>>v<<^^'], 15, 9, 7, True], [[[0, 1, 2, 3, 4, 5, 6, 7, 8], '^>^<vv>^<^'], 42, 24, 10, True], [[[0, 1, 2, 3, 4, 5, 6, 7, 8], '^^<<'], 7, 5, 4, True], [[[0, 1, 2, 3, 4, 5, 6, 7, 8], '>v>^^<<v>^<'], 26, 15, 11, True], [[[0, 1, 2, 3, 4, 5, 6, 7, 8], 'v>v<^>>^<<'], 26, 15, 10, True], [[[0, 1, 2, 3, 4, 5, 6, 7, 8], '^<v>^<<'], 29, 16, 7, True], [[[0, 1, 2, 3, 4, 5, 6, 7, 8], 'v<^>v<<^^'], 35, 20, 9, True], [[[0, 1, 2, 3, 4, 5, 6, 7, 8], '^>>v<^<'], 18, 10, 7, True], [[[0, 1, 2, 3, 4, 5, 6, 7, 8], '>^^<<'], 9, 6, 5, True], [[[0, 1, 2, 3, 4, 5, 6, 7, 8], 'vv>^>^<<'], 15, 9, 8, True], [[[0, 1, 2, 3, 4, 5, 6, 7, 8], '^>^<'], 9, 5, 4, True], [[[0, 1, 2, 3, 4, 5, 6, 7, 8], '>^<'], 8, 4, 3, True], [[[0, 1, 2, 3, 4, 5, 6, 7, 8], '^<vv>>^<<^'], 31, 18, 10, True], [[[0, 1, 2, 3, 4, 5, 6, 7, 8], '<v<v>^<^'], 18, 10, 8, True], [[[0, 1, 2, 3, 4, 5, 6, 7, 8], '>>^<<^'], 12, 7, 6, True], [[[0, 1, 2, 3, 4, 5, 6, 7, 8], '^>>v<^<'], 18, 10, 7, True], [[[0, 1, 2, 3, 4, 5, 6, 7, 8], 'v>^^<<'], 12, 7, 6, True], [[[0, 1, 2, 3, 4, 5, 6, 7, 8], 'v<<^'], 9, 5, 4, True], [[[0, 1, 2, 3, 4, 5, 6, 7, 8], '^<v>^^<'], 19, 10, 7, True], [[[0, 1, 2, 3, 4, 5, 6, 7, 8], '<v>^^<'], 17, 9, 6, True], [[[0, 1, 2, 3, 4, 5, 6, 7, 8], '>v<^^'], 12, 7, 5, True], [[[0, 1, 2, 3, 4, 5, 6, 7, 8], '^<^>v>^<<'], 30, 18, 9, True], [[[0, 1, 2, 3, 4, 5, 6, 7, 8], '^<v<^^'], 12, 7, 6, True], [[[0, 1, 2, 3, 4, 5, 6, 7, 8], '>>vv<^>^<<'], 42, 23, 10, True], [[[0, 1, 2, 3, 4, 5, 6, 7, 8], 'v>^^>v<^<'], 20, 11, 9, True], [[[0, 1, 2, 3, 4, 5, 6, 7, 8], '<<^'], 8, 4, 3, True], [[[0, 1, 2, 3, 4, 5, 6, 7, 8], '^<vv>>^^<v<^'], 37, 23, 12, True], [[[0, 1, 2, 3, 4, 5, 6, 7, 8], 'v<<^>^<'], 14, 8, 7, True], [[[0, 1, 2, 3, 4, 5, 6, 7, 8], '<v>^>v<^<'], 23, 13, 9, True], [[[0, 1, 2, 3, 4, 5, 6, 7, 8], '>^<'], 8, 4, 3, True], [[[0, 1, 2, 3, 4, 5, 6, 7, 8], '>^<'], 8, 4, 3, True], [[[0, 1, 2, 3, 4, 5, 6, 7, 8], '<<'], 4, 3, 2, True], [[[0, 1, 2, 3, 4, 5, 6, 7, 8], '^>>^<v<^'], 22, 12, 8, True], [[[0, 1, 2, 3, 4, 5, 6, 7, 8], '<vv<^^>v<^'], 23, 13, 10, True], [[[0, 1, 2, 3, 4, 5, 6, 7, 8], '<<v>^<vv>^<^'], 57, 32, 12, True], [[[0, 1, 2, 3, 4, 5, 6, 7, 8], '^>vv>^<<^'], 22, 12, 9, True], [[[0, 1, 2, 3, 4, 5, 6, 7, 8], 'v<<^^'], 9, 6, 5, True], [[[0, 1, 2, 3, 4, 5, 6, 7, 8], 'v<<^^>v<v>^^<'], 153, 85, 13, True], [[[0, 1, 2, 3, 4, 5, 6, 7, 8], '>>v<<^^'], 15, 9, 7, True], [[[0, 1, 2, 3, 4, 5, 6, 7, 8], '^'], 3, 2, 1, True], [[[0, 1, 2, 3, 4, 5, 6, 7, 8], '>^<v>^^<<'], 36, 21, 9, True], [[[0, 1, 2, 3, 4, 5, 6, 7, 8], '<^<'], 8, 4, 3, True], [[[0, 1, 2, 3, 4, 5, 6, 7, 8], '<v<v>>^^<<'], 19, 12, 10, True], [[[0, 1, 2, 3, 4, 5, 6, 7, 8], '>^<'], 8, 4, 3, True], [[[0, 1, 2, 3, 4, 5, 6, 7, 8], 'v>>^<^<'], 14, 8, 7, True], [[[0, 1, 2, 3, 4, 5, 6, 7, 8], '^>^<v<v>^<^'], 46, 26, 11, True], [[[0, 1, 2, 3, 4, 5, 6, 7, 8], '<'], 3, 2, 1, True], [[[0, 1, 2, 3, 4, 5, 6, 7, 8], '^^>>v<^<'], 20, 11, 8, True], [[[0, 1, 2, 3, 4, 5, 6, 7, 8], '^>v<^^<'], 19, 10, 7, True], [[[0, 1, 2, 3, 4, 5, 6, 7, 8], '<v<v>^<^'], 18, 10, 8, True], [[[0, 1, 2, 3, 4, 5, 6, 7, 8], 'v>>^<^<'], 14, 8, 7, True], [[[0, 1, 2, 3, 4, 5, 6, 7, 8], '>vv<^^<'], 15, 9, 7, True], [[[0, 1, 2, 3, 4, 5, 6, 7, 8], '<<'], 4, 3, 2, True], [[[0, 1, 2, 3, 4, 5, 6, 7, 8], '<^'], 6, 3, 2, True], [[[0, 1, 2, 3, 4, 5, 6, 7, 8], 'vv>^<^'], 14, 8, 6, True], [[[0, 1, 2, 3, 4, 5, 6, 7, 8], '<^>v<<^'], 19, 10, 7, True], [[[0, 1, 2, 3, 4, 5, 6, 7, 8], '^<<v>^<^'], 18, 10, 8, True], [[[0, 1, 2, 3, 4, 5, 6, 7, 8], '^^<v>>^<<v>^<'], 78, 46, 13, True], [[[0, 1, 2, 3, 4, 5, 6, 7, 8], 'v<^'], 8, 4, 3, True], [[[0, 1, 2, 3, 4, 5, 6, 7, 8], '^^'], 4, 3, 2, True], [[[0, 1, 2, 3, 4, 5, 6, 7, 8], '>^<v<^'], 17, 9, 6, True], [[[0, 1, 2, 3, 4, 5, 6, 7, 8], '>^<'], 8, 4, 3, True], [[[0, 1, 2, 3, 4, 5, 6, 7, 8], '<v>v<^^<'], 25, 14, 8, True], [[[0, 1, 2, 3, 4, 5, 6, 7, 8], '>v<^^'], 12, 7, 5, True], [[[0, 1, 2, 3, 4, 5, 6, 7, 8], 'v<v>^^<<'], 26, 15, 8, True], [[[0, 1, 2, 3, 4, 5, 6, 7, 8], 'v<<^'], 9, 5, 4, True], [[[0, 1, 2, 3, 4, 5, 6, 7, 8], '>^<^<'], 11, 6, 5, True], [[[0, 1, 2, 3, 4, 5, 6, 7, 8], '^^'], 4, 3, 2, True], [[[0, 1, 2, 3, 4, 5, 6, 7, 8], 'v<<^^>v<^'], 17, 10, 9, True], [[[0, 1, 2, 3, 4, 5, 6, 7, 8], '^^<'], 8, 4, 3, True], [[[0, 1, 2, 3, 4, 5, 6, 7, 8], '>^^<<'], 9, 6, 5, True], [[[0, 1, 2, 3, 4, 5, 6, 7, 8], '<^<'], 8, 4, 3, True], [[[0, 1, 2, 3, 4, 5, 6, 7, 8], '^<v>v<<^^'], 24, 15, 9, True], [[[0, 1, 2, 3, 4, 5, 6, 7, 8], '^<^'], 8, 4, 3, True], [[[0, 1, 2, 3, 4, 5, 6, 7, 8], 'vv>^<^<'], 20, 11, 7, True], [[[0, 1, 2, 3, 4, 5, 6, 7, 8], '>v<^^>>v<<^'], 34, 20, 11, True], [[[0, 1, 2, 3, 4, 5, 6, 7, 8], '^^'], 4, 3, 2, True], [[[0, 1, 2, 3, 4, 5, 6, 7, 8], '>vv<<^^'], 12, 8, 7, True], [[[0, 1, 2, 3, 4, 5, 6, 7, 8], '^<<v>v<^^'], 30, 17, 9, True], [[[0, 1, 2, 3, 4, 5, 6, 7, 8], '<^^<'], 9, 5, 4, True], [[[0, 1, 2, 3, 4, 5, 6, 7, 8], ''], 0, 1, 0, True], [[[0, 1, 2, 3, 4, 5, 6, 7, 8], 'vv>^^>v<^<'], 21, 12, 10, True], [[[0, 1, 2, 3, 4, 5, 6, 7, 8], '<<'], 4, 3, 2, True], [[[0, 1, 2, 3, 4, 5, 6, 7, 8], '>v<^^'], 12, 7, 5, True], [[[0, 1, 2, 3, 4, 5, 6, 7, 8], '^^>>v<v<^^'], 18, 11, 10, True], [[[0, 1, 2, 3, 4, 5, 6, 7, 8], 'v<^'], 8, 4, 3, True], [[[0, 1, 2, 3, 4, 5, 6, 7, 8], '^'], 3, 2, 1, True], [[[0, 1, 2, 3, 4, 5, 6, 7, 8], 'v<^^>v<^'], 19, 10, 8, True], [[[0, 1, 2, 3, 4, 5, 6, 7, 8], '<^^>vv<^^'], 17, 10, 9, True], [[[0, 1, 2, 3, 4, 5, 6, 7, 8], '^<<vv>>^<^<'], 20, 12, 11, True], [[[0, 1, 2, 3, 4, 5, 6, 7, 8], '^>v<^^>v<^'], 25, 14, 10, True], [[[0, 1, 2, 3, 4, 5, 6, 7, 8], '>>^<<^'], 12, 7, 6, True], [[[0, 1, 2, 3, 4, 5, 6, 7, 8], '^^<'], 8, 4, 3, True], [[[0, 1, 2, 3, 4, 5, 6, 7, 8], '>^<<^'], 11, 6, 5, True], [[[0, 1, 2, 3, 4, 5, 6, 7, 8], '<v>^<^>>v<<^'], 37, 21, 12, True], [[[0, 1, 2, 3, 4, 5, 6, 7, 8], '>^<'], 8, 4, 3, True], [[[0, 1, 2, 3, 4, 5, 6, 7, 8], '^<v<^^'], 12, 7, 6, True], [[[0, 1, 2, 3, 4, 5, 6, 7, 8], 'vv<^<v>^^<'], 23, 13, 10, True], [[[0, 1, 2, 3, 4, 5, 6, 7, 8], ''], 0, 1, 0, True], [[[0, 1, 2, 3, 4, 5, 6, 7, 8], '^<<'], 6, 4, 3, True], [[[0, 1, 2, 3, 4, 5, 6, 7, 8], '>vv<^>^<<'], 33, 18, 9, True], [[[0, 1, 2, 3, 4, 5, 6, 7, 8], '>^<'], 8, 4, 3, True], [[[0, 1, 2, 3, 4, 5, 6, 7, 8], '<v>^<^'], 15, 8, 6, True], [[[0, 1, 2, 3, 4, 5, 6, 7, 8], '<^'], 6, 3, 2, True], [[[0, 1, 2, 3, 4, 5, 6, 7, 8], '^>^<'], 9, 5, 4, True], [[[0, 1, 2, 3, 4, 5, 6, 7, 8], '<<^^'], 7, 5, 4, True], [[[0, 1, 2, 3, 4, 5, 6, 7, 8], '<v<^'], 9, 5, 4, True], [[[0, 1, 2, 3, 4, 5, 6, 7, 8], '<'], 3, 2, 1, True], [[[0, 1, 2, 3, 4, 5, 6, 7, 8], '<^<'], 8, 4, 3, True], [[[0, 1, 2, 3, 4, 5, 6, 7, 8], '^>^<'], 9, 5, 4, True], [[[0, 1, 2, 3, 4, 5, 6, 7, 8], '>>v<<^^'], 15, 9, 7, True], [[[0, 1, 2, 3, 4, 5, 6, 7, 8], '<^<^'], 9, 5, 4, True], [[[0, 1, 2, 3, 4, 5, 6, 7, 8], '<^<'], 8, 4, 3, True], [[[0, 1, 2, 3, 4, 5, 6, 7, 8], '>^<<^'], 11, 6, 5, True], [[[0, 1, 2, 3, 4, 5, 6, 7, 8], 'v<v<^^'], 12, 7, 6, True], [[[0, 1, 2, 3, 4, 5, 6, 7, 8], 'v>^<<vv>^^<'], 34, 20, 11, True], [[[0, 1, 2, 3, 4, 5, 6, 7, 8], '^>^>v<^<'], 18, 10, 8, True], [[[0, 1, 2, 3, 4, 5, 6, 7, 8], '<^<'], 8, 4, 3, True], [[[0, 1, 2, 3, 4, 5, 6, 7, 8], '<<vv>^<^'], 20, 11, 8, True], [[[0, 1, 2, 3, 4, 5, 6, 7, 8], '<<'], 4, 3, 2, True], [[[0, 1, 2, 3, 4, 5, 6, 7, 8], 'v<v>^^<<'], 26, 15, 8, True], [[[0, 1, 2, 3, 4, 5, 6, 7, 8], ''], 0, 1, 0, True], [[[0, 1, 2, 3, 4, 5, 6, 7, 8], '^<^'], 8, 4, 3, True], [[[0, 1, 2, 3, 4, 5, 6, 7, 8], '>>vv<^^<'], 17, 10, 8, True], [[[0, 1, 2, 3, 4, 5, 6, 7, 8], '>v<^<^'], 17, 9, 6, True], [[[0, 1, 2, 3, 4, 5, 6, 7, 8], 'v<v>^>^<<'], 26, 15, 9, True], [[[0, 1, 2, 3, 4, 5, 6, 7, 8], '<v<^^'], 11, 6, 5, True], [[[0, 1, 2, 3, 4, 5, 6, 7, 8], 'v>^>v<^^>v<^<'], 33, 19, 13, True], [[[0, 1, 2, 3, 4, 5, 6, 7, 8], '>>v<<^^'], 15, 9, 7, True], [[[0, 1, 2, 3, 4, 5, 6, 7, 8], '^>v<^<'], 15, 8, 6, True], [[[0, 1, 2, 3, 4, 5, 6, 7, 8], '>vv<^^'], 12, 7, 6, True], [[[0, 1, 2, 3, 4, 5, 6, 7, 8], '>v<^<^'], 17, 9, 6, True], [[[0, 1, 2, 3, 4, 5, 6, 7, 8], '>^<<^'], 11, 6, 5, True], [[[0, 1, 2, 3, 4, 5, 6, 7, 8], '<<^^'], 7, 5, 4, True], [[[0, 1, 2, 3, 4, 5, 6, 7, 8], '>v<^'], 9, 5, 4, True], [[[0, 1, 2, 3, 4, 5, 6, 7, 8], 'v<^'], 8, 4, 3, True], [[[0, 1, 2, 3, 4, 5, 6, 7, 8], '^>v<^<'], 15, 8, 6, True], [[[0, 1, 2, 3, 4, 5, 6, 7, 8], '>>^^<v>v<^^<'], 76, 44, 12, True], [[[0, 1, 2, 3, 4, 5, 6, 7, 8], '<<^^'], 7, 5, 4, True], [[[0, 1, 2, 3, 4, 5, 6, 7, 8], '>vv<^<^>v<^'], 35, 19, 11, True], [[[0, 1, 2, 3, 4, 5, 6, 7, 8], '>^<v<^^'], 18, 11, 7, True], [[[0, 1, 2, 3, 4, 5, 6, 7, 8], '>v<<^'], 11, 6, 5, True], [[[0, 1, 2, 3, 4, 5, 6, 7, 8], '^^<'], 8, 4, 3, True], [[[0, 1, 2, 3, 4, 5, 6, 7, 8], '^>^<<'], 11, 6, 5, True], [[[0, 1, 2, 3, 4, 5, 6, 7, 8], '<^^>>v<v<^>^<'], 39, 22, 13, True], [[[0, 1, 2, 3, 4, 5, 6, 7, 8], '^>>vv<<^^'], 15, 10, 9, True], [[[0, 1, 2, 3, 4, 5, 6, 7, 8], '<^<^'], 9, 5, 4, True], [[[0, 1, 2, 3, 4, 5, 6, 7, 8], 'v<^^<'], 11, 6, 5, True], [[[0, 1, 2, 3, 4, 5, 6, 7, 8], '>^<^>v<<^'], 22, 12, 9, True], [[[0, 1, 2, 3, 4, 5, 6, 7, 8], 'v>^>^<<'], 14, 8, 7, True], [[[0, 1, 2, 3, 4, 5, 6, 7, 8], '>>v<^<'], 14, 8, 6, True], [[[0, 1, 2, 3, 4, 5, 6, 7, 8], '<<'], 4, 3, 2, True], [[[0, 1, 2, 3, 4, 5, 6, 7, 8], '<<v>>v<<^^'], 33, 20, 10, True], [[[0, 1, 2, 3, 4, 5, 6, 7, 8], 'vv<^^'], 11, 6, 5, True], [[[0, 1, 2, 3, 4, 5, 6, 7, 8], '<v>^^>v<<^'], 45, 24, 10, True], [[[0, 1, 2, 3, 4, 5, 6, 7, 8], 'v<v>^<^'], 17, 9, 7, True], [[[0, 1, 2, 3, 4, 5, 6, 7, 8], 'v>^<^'], 12, 7, 5, True], [[[0, 1, 2, 3, 4, 5, 6, 7, 8], '<v<v>^^<'], 25, 14, 8, True], [[[0, 1, 2, 3, 4, 5, 6, 7, 8], 'v<^^'], 9, 5, 4, True], [[[0, 1, 2, 3, 4, 5, 6, 7, 8], '^>v>^<<^'], 25, 14, 8, True], [[[0, 1, 2, 3, 4, 5, 6, 7, 8], '^<v<^'], 11, 6, 5, True], [[[0, 1, 2, 3, 4, 5, 6, 7, 8], '^<^'], 8, 4, 3, True], [[[0, 1, 2, 3, 4, 5, 6, 7, 8], '<'], 3, 2, 1, True], [[[0, 1, 2, 3, 4, 5, 6, 7, 8], '^>v<^'], 11, 6, 5, True], [[[0, 1, 2, 3, 4, 5, 6, 7, 8], 'v>^<vv<^^'], 25, 14, 9, True], [[[0, 1, 2, 3, 4, 5, 6, 7, 8], '<^^'], 6, 4, 3, True], [[[0, 1, 2, 3, 4, 5, 6, 7, 8], '^>>v<^^<'], 20, 11, 8, True], [[[0, 1, 2, 3, 4, 5, 6, 7, 8], 'v>^^<'], 11, 6, 5, True], [[[0, 1, 2, 3, 4, 5, 6, 7, 8], '>^^<'], 9, 5, 4, True], [[[0, 1, 2, 3, 4, 5, 6, 7, 8], '<v>v<^^'], 21, 12, 7, True], [[[0, 1, 2, 3, 4, 5, 6, 7, 8], '<v>^<'], 11, 6, 5, True], [[[0, 1, 2, 3, 4, 5, 6, 7, 8], '<^>^<<'], 12, 7, 6, True], [[[0, 1, 2, 3, 4, 5, 6, 7, 8], '<^'], 6, 3, 2, True], [[[0, 1, 2, 3, 4, 5, 6, 7, 8], 'v>^<^<'], 17, 9, 6, True], [[[0, 1, 2, 3, 4, 5, 6, 7, 8], '>^<<^>v<^'], 29, 15, 9, True], [[[0, 1, 2, 3, 4, 5, 6, 7, 8], '^'], 3, 2, 1, True], [[[0, 1, 2, 3, 4, 5, 6, 7, 8], '<<^^'], 7, 5, 4, True], [[[0, 1, 2, 3, 4, 5, 6, 7, 8], '>^<v<^'], 17, 9, 6, True], [[[0, 1, 2, 3, 4, 5, 6, 7, 8], '>^<'], 8, 4, 3, True], [[[0, 1, 2, 3, 4, 5, 6, 7, 8], '^>v<^'], 11, 6, 5, True], [[[0, 1, 2, 3, 4, 5, 6, 7, 8], '<^'], 6, 3, 2, True], [[[0, 1, 2, 3, 4, 5, 6, 7, 8], 'v<^<v>>^^<<'], 59, 34, 11, True], [[[0, 1, 2, 3, 4, 5, 6, 7, 8], '^<<^'], 9, 5, 4, True], [[[0, 1, 2, 3, 4, 5, 6, 7, 8], '^<v<^^'], 12, 7, 6, True], [[[0, 1, 2, 3, 4, 5, 6, 7, 8], '<^>v<^^'], 24, 14, 7, True], [[[0, 1, 2, 3, 4, 5, 6, 7, 8], '>vv>^<^<'], 29, 16, 8, True], [[[0, 1, 2, 3, 4, 5, 6, 7, 8], '^>>v<^<'], 18, 10, 7, True], [[[0, 1, 2, 3, 4, 5, 6, 7, 8], 'v<<^^'], 9, 6, 5, True], [[[0, 1, 2, 3, 4, 5, 6, 7, 8], '>v<^^>>vv<<^^'], 51, 32, 13, True], [[[0, 1, 2, 3, 4, 5, 6, 7, 8], '<'], 3, 2, 1, True], [[[0, 1, 2, 3, 4, 5, 6, 7, 8], 'v>^<<^'], 17, 9, 6, True], [[[0, 1, 2, 3, 4, 5, 6, 7, 8], '>vv<^^'], 12, 7, 6, True], [[[0, 1, 2, 3, 4, 5, 6, 7, 8], '^>>v<^^<'], 20, 11, 8, True], [[[0, 1, 2, 3, 4, 5, 6, 7, 8], '^>^<'], 9, 5, 4, True], [[[0, 1, 2, 3, 4, 5, 6, 7, 8], 'vv<^^<v>>^<<'], 33, 19, 12, True], [[[0, 1, 2, 3, 4, 5, 6, 7, 8], '^<v>v>^<^<'], 60, 32, 10, True], [[[0, 1, 2, 3, 4, 5, 6, 7, 8], '<'], 3, 2, 1, True], [[[0, 1, 2, 3, 4, 5, 6, 7, 8], '^<^'], 8, 4, 3, True], [[[0, 1, 2, 3, 4, 5, 6, 7, 8], '>v>^<<^'], 20, 11, 7, True], [[[0, 1, 2, 3, 4, 5, 6, 7, 8], '<v>^<<'], 13, 8, 6, True], [[[0, 1, 2, 3, 4, 5, 6, 7, 8], '<^>v<^^<'], 31, 17, 8, True], [[[0, 1, 2, 3, 4, 5, 6, 7, 8], '>v<^'], 9, 5, 4, True], [[[0, 1, 2, 3, 4, 5, 6, 7, 8], '<^>v<^'], 24, 12, 6, True], [[[0, 1, 2, 3, 4, 5, 6, 7, 8], '^<<'], 6, 4, 3, True], [[[0, 1, 2, 3, 4, 5, 6, 7, 8], '>^<'], 8, 4, 3, True], [[[0, 1, 2, 3, 4, 5, 6, 7, 8], '<v<^^'], 11, 6, 5, True], [[[0, 1, 2, 3, 4, 5, 6, 7, 8], '^'], 3, 2, 1, True], [[[0, 1, 2, 3, 4, 5, 6, 7, 8], '^^'], 4, 3, 2, True], [[[0, 1, 2, 3, 4, 5, 6, 7, 8], '<^^>v<^'], 14, 8, 7, True], [[[0, 1, 2, 3, 4, 5, 6, 7, 8], '>>v<^<vv>^<^'], 47, 26, 12, True], [[[0, 1, 2, 3, 4, 5, 6, 7, 8], 'vv<<^>^<'], 15, 9, 8, True], [[[0, 1, 2, 3, 4, 5, 6, 7, 8], 'vv<^^'], 11, 6, 5, True], [[[0, 1, 2, 3, 4, 5, 6, 7, 8], ''], 0, 1, 0, True], [[[0, 1, 2, 3, 4, 5, 6, 7, 8], '^<^<'], 9, 5, 4, True], [[[0, 1, 2, 3, 4, 5, 6, 7, 8], '>v<^>^<'], 19, 10, 7, True], [[[0, 1, 2, 3, 4, 5, 6, 7, 8], '^<^<'], 9, 5, 4, True], [[[0, 1, 2, 3, 4, 5, 6, 7, 8], 'v>v<^^'], 14, 8, 6, True], [[[0, 1, 2, 3, 4, 5, 6, 7, 8], '^'], 3, 2, 1, True], [[[0, 1, 2, 3, 4, 5, 6, 7, 8], 'v>>^<<'], 12, 7, 6, True], [[[0, 1, 2, 3, 4, 5, 6, 7, 8], '<^>>^<<'], 14, 8, 7, True], [[[0, 1, 2, 3, 4, 5, 6, 7, 8], '>vv<<^>^<'], 18, 11, 9, True], [[[0, 1, 2, 3, 4, 5, 6, 7, 8], '^^<'], 8, 4, 3, True], [[[0, 1, 2, 3, 4, 5, 6, 7, 8], '<<^>^<'], 12, 7, 6, True], [[[0, 1, 2, 3, 4, 5, 6, 7, 8], 'v>v<^^'], 14, 8, 6, True], [[[0, 1, 2, 3, 4, 5, 6, 7, 8], '<v<^'], 9, 5, 4, True], [[[0, 1, 2, 3, 4, 5, 6, 7, 8], '<^'], 6, 3, 2, True], [[[0, 1, 2, 3, 4, 5, 6, 7, 8], '>v<^^'], 12, 7, 5, True], [[[0, 1, 2, 3, 4, 5, 6, 7, 8], '<'], 3, 2, 1, True], [[[0, 1, 2, 3, 4, 5, 6, 7, 8], '^>>^<<v>^<'], 23, 13, 10, True], [[[0, 1, 2, 3, 4, 5, 6, 7, 8], 'vv<^^>v<^'], 21, 12, 9, True], [[[0, 1, 2, 3, 4, 5, 6, 7, 8], '>v<^'], 9, 5, 4, True], [[[0, 1, 2, 3, 4, 5, 6, 7, 8], '^^<<'], 7, 5, 4, True], [[[0, 1, 2, 3, 4, 5, 6, 7, 8], '<<^^'], 7, 5, 4, True], [[[0, 1, 2, 3, 4, 5, 6, 7, 8], 'vv>^>^<v<^'], 25, 14, 10, True], [[[0, 1, 2, 3, 4, 5, 6, 7, 8], '^^'], 4, 3, 2, True], [[[0, 1, 2, 3, 4, 5, 6, 7, 8], '^^'], 4, 3, 2, True], [[[0, 1, 2, 3, 4, 5, 6, 7, 8], '^<<^'], 9, 5, 4, True], [[[0, 1, 2, 3, 4, 5, 6, 7, 8], '<v<^'], 9, 5, 4, True], [[[0, 1, 2, 3, 4, 5, 6, 7, 8], '^>^<'], 9, 5, 4, True], [[[0, 1, 2, 3, 4, 5, 6, 7, 8], '<<^^'], 7, 5, 4, True], [[[0, 1, 2, 3, 4, 5, 6, 7, 8], '>v>^^<<'], 14, 8, 7, True], [[[0, 1, 2, 3, 4, 5, 6, 7, 8], '<<^'], 8, 4, 3, True], [[[0, 1, 2, 3, 4, 5, 6, 7, 8], 'v<<^'], 9, 5, 4, True], [[[0, 1, 2, 3, 4, 5, 6, 7, 8], '<^<^>v<^'], 27, 14, 8, True], [[[0, 1, 2, 3, 4, 5, 6, 7, 8], 'vv>^^>v<^<'], 21, 12, 10, True], [[[0, 1, 2, 3, 4, 5, 6, 7, 8], '>vv<^^'], 12, 7, 6, True], [[[0, 1, 2, 3, 4, 5, 6, 7, 8], '>v<<^'], 11, 6, 5, True], [[[0, 1, 2, 3, 4, 5, 6, 7, 8], '<v>^>v<^<'], 23, 13, 9, True], [[[0, 1, 2, 3, 4, 5, 6, 7, 8], 'v>^^<vv<^^'], 24, 14, 10, True], [[[0, 1, 2, 3, 4, 5, 6, 7, 8], 'v<^^'], 9, 5, 4, True], [[[0, 1, 2, 3, 4, 5, 6, 7, 8], '<'], 3, 2, 1, True], [[[0, 1, 2, 3, 4, 5, 6, 7, 8], 'vv>^^<'], 12, 7, 6, True], [[[0, 1, 2, 3, 4, 5, 6, 7, 8], '^^>v<^'], 12, 7, 6, True], [[[0, 1, 2, 3, 4, 5, 6, 7, 8], '>>^<v>^^<<'], 37, 22, 10, True], [[[0, 1, 2, 3, 4, 5, 6, 7, 8], '^>v<^'], 11, 6, 5, True], [[[0, 1, 2, 3, 4, 5, 6, 7, 8], '>vv>^^<<'], 17, 10, 8, True], [[[0, 1, 2, 3, 4, 5, 6, 7, 8], '^^<'], 8, 4, 3, True], [[[0, 1, 2, 3, 4, 5, 6, 7, 8], 'vv<^>v<<^^'], 36, 21, 10, True], [[[0, 1, 2, 3, 4, 5, 6, 7, 8], 'v<^>^<<'], 18, 11, 7, True], [[[0, 1, 2, 3, 4, 5, 6, 7, 8], '^<vv>>^<^<'], 29, 17, 10, True], [[[0, 1, 2, 3, 4, 5, 6, 7, 8], '<'], 3, 2, 1, True], [[[0, 1, 2, 3, 4, 5, 6, 7, 8], 'v<^>v>^<<'], 32, 19, 9, True], [[[0, 1, 2, 3, 4, 5, 6, 7, 8], '>^<^<'], 11, 6, 5, True], [[[0, 1, 2, 3, 4, 5, 6, 7, 8], '>^^<vv>^^<'], 20, 11, 10, True], [[[0, 1, 2, 3, 4, 5, 6, 7, 8], '<<^'], 8, 4, 3, True], [[[0, 1, 2, 3, 4, 5, 6, 7, 8], '>v>^<v<^^'], 24, 14, 9, True], [[[0, 1, 2, 3, 4, 5, 6, 7, 8], '<'], 3, 2, 1, True], [[[0, 1, 2, 3, 4, 5, 6, 7, 8], '>v>^<<'], 14, 8, 6, True], [[[0, 1, 2, 3, 4, 5, 6, 7, 8], '>vv>^^<<'], 17, 10, 8, True], [[[0, 1, 2, 3, 4, 5, 6, 7, 8], '^<<^'], 9, 5, 4, True], [[[0, 1, 2, 3, 4, 5, 6, 7, 8], 'v<^^'], 9, 5, 4, True], [[[0, 1, 2, 3, 4, 5, 6, 7, 8], '>^^<<'], 9, 6, 5, True], [[[0, 1, 2, 3, 4, 5, 6, 7, 8], '>v<^>^<'], 19, 10, 7, True], [[[0, 1, 2, 3, 4, 5, 6, 7, 8], 'v<<^'], 9, 5, 4, True], [[[0, 1, 2, 3, 4, 5, 6, 7, 8], 'v>^<^'], 12, 7, 5, True], [[[0, 1, 2, 3, 4, 5, 6, 7, 8], '>>vv<^<^>v>^<<'], 60, 34, 14, True], [[[0, 1, 2, 3, 4, 5, 6, 7, 8], '>>^<vv<^^'], 26, 15, 9, True], [[[0, 1, 2, 3, 4, 5, 6, 7, 8], 'v>^<^'], 12, 7, 5, True], [[[0, 1, 2, 3, 4, 5, 6, 7, 8], '^<v>^^<<'], 19, 12, 8, True], [[[0, 1, 2, 3, 4, 5, 6, 7, 8], '>^>v<<^^'], 26, 15, 8, True], [[[0, 1, 2, 3, 4, 5, 6, 7, 8], '^^>vv>^^<vv<^>^<'], 94, 53, 16, True], [[[0, 1, 2, 3, 4, 5, 6, 7, 8], 'v<^<^'], 11, 6, 5, True], [[[0, 1, 2, 3, 4, 5, 6, 7, 8], '^>v<^^<'], 19, 10, 7, True], [[[0, 1, 2, 3, 4, 5, 6, 7, 8], '<vv<^>v>^<^<'], 36, 20, 12, True], [[[0, 1, 2, 3, 4, 5, 6, 7, 8], '>^<v<^^'], 18, 11, 7, True], [[[0, 1, 2, 3, 4, 5, 6, 7, 8], '^<<'], 6, 4, 3, True], [[[0, 1, 2, 3, 4, 5, 6, 7, 8], 'v>^<<'], 12, 7, 5, True], [[[0, 1, 2, 3, 4, 5, 6, 7, 8], '<vv>^>^<<'], 17, 10, 9, True], [[[0, 1, 2, 3, 4, 5, 6, 7, 8], 'v<<v>^<^'], 18, 10, 8, True], [[[0, 1, 2, 3, 4, 5, 6, 7, 8], ''], 0, 1, 0, True], [[[0, 1, 2, 3, 4, 5, 6, 7, 8], '>v<^'], 9, 5, 4, True], [[[0, 1, 2, 3, 4, 5, 6, 7, 8], '^<^<'], 9, 5, 4, True], [[[0, 1, 2, 3, 4, 5, 6, 7, 8], '<^'], 6, 3, 2, True], [[[0, 1, 2, 3, 4, 5, 6, 7, 8], '^'], 3, 2, 1, True], [[[0, 1, 2, 3, 4, 5, 6, 7, 8], '>^<<^'], 11, 6, 5, True], [[[0, 1, 2, 3, 4, 5, 6, 7, 8], '>>^<<^'], 12, 7, 6, True], [[[0, 1, 2, 3, 4, 5, 6, 7, 8], '>v>^^<<'], 14, 8, 7, True], [[[0, 1, 2, 3, 4, 5, 6, 7, 8], 'v>v<^^<'], 20, 11, 7, True], [[[0, 1, 2, 3, 4, 5, 6, 7, 8], '^^<<'], 7, 5, 4, True], [[[0, 1, 2, 3, 4, 5, 6, 7, 8], '>>^^<<'], 10, 7, 6, True], [[[0, 1, 2, 3, 4, 5, 6, 7, 8], '^<<vv>^<^'], 24, 13, 9, True], [[[0, 1, 2, 3, 4, 5, 6, 7, 8], '<^>v<^^>v<^'], 50, 28, 11, True], [[[0, 1, 2, 3, 4, 5, 6, 7, 8], '>^>^<<'], 12, 7, 6, True], [[[0, 1, 2, 3, 4, 5, 6, 7, 8], '>>^<<'], 11, 6, 5, True], [[[0, 1, 2, 3, 4, 5, 6, 7, 8], '<<^'], 8, 4, 3, True], [[[0, 1, 2, 3, 4, 5, 6, 7, 8], '^^>v>v<^<^'], 23, 13, 10, True], [[[0, 1, 2, 3, 4, 5, 6, 7, 8], '^<<v>v<^^'], 30, 17, 9, True], [[[0, 1, 2, 3, 4, 5, 6, 7, 8], '>v<<^'], 11, 6, 5, True], [[[0, 1, 2, 3, 4, 5, 6, 7, 8], '^'], 3, 2, 1, True], [[[0, 1, 2, 3, 4, 5, 6, 7, 8], '^>v>^<<'], 21, 12, 7, True], [[[0, 1, 2, 3, 4, 5, 6, 7, 8], '>v<v>^<^<'], 23, 13, 9, True], [[[0, 1, 2, 3, 4, 5, 6, 7, 8], '>>v<<^'], 12, 7, 6, True], [[[0, 1, 2, 3, 4, 5, 6, 7, 8], '<'], 3, 2, 1, True], [[[0, 1, 2, 3, 4, 5, 6, 7, 8], '<v>^<'], 11, 6, 5, True], [[[0, 1, 2, 3, 4, 5, 6, 7, 8], 'v<^>vv<^^'], 35, 20, 9, True], [[[0, 1, 2, 3, 4, 5, 6, 7, 8], '<^<^'], 9, 5, 4, True], [[[0, 1, 2, 3, 4, 5, 6, 7, 8], 'v>^<'], 9, 5, 4, True], [[[0, 1, 2, 3, 4, 5, 6, 7, 8], '^>^<'], 9, 5, 4, True], [[[0, 1, 2, 3, 4, 5, 6, 7, 8], '>>^^<vv>^<^<'], 34, 18, 12, True], [[[0, 1, 2, 3, 4, 5, 6, 7, 8], '^>v<v>^^<'], 45, 24, 9, True], [[[0, 1, 2, 3, 4, 5, 6, 7, 8], '^^>vv<<^^'], 21, 13, 9, True], [[[0, 1, 2, 3, 4, 5, 6, 7, 8], 'v>^<<v>^^<'], 31, 17, 10, True], [[[0, 1, 2, 3, 4, 5, 6, 7, 8], '^>vv<^^'], 14, 8, 7, True], [[[0, 1, 2, 3, 4, 5, 6, 7, 8], '<^'], 6, 3, 2, True], [[[0, 1, 2, 3, 4, 5, 6, 7, 8], 'v>v<^>^<'], 20, 11, 8, True], [[[0, 1, 2, 3, 4, 5, 6, 7, 8], '^<<'], 6, 4, 3, True], [[[0, 1, 2, 3, 4, 5, 6, 7, 8], '<v>^<'], 11, 6, 5, True], [[[0, 1, 2, 3, 4, 5, 6, 7, 8], '<'], 3, 2, 1, True], [[[0, 1, 2, 3, 4, 5, 6, 7, 8], '^^<vv>^<<^'], 23, 13, 10, True], [[[0, 1, 2, 3, 4, 5, 6, 7, 8], '<vv>>^^<<'], 15, 10, 9, True], [[[0, 1, 2, 3, 4, 5, 6, 7, 8], '>^<<^'], 11, 6, 5, True], [[[0, 1, 2, 3, 4, 5, 6, 7, 8], '>>vv<<^^'], 13, 9, 8, True], [[[0, 1, 2, 3, 4, 5, 6, 7, 8], '^<v>^<<'], 29, 16, 7, True], [[[0, 1, 2, 3, 4, 5, 6, 7, 8], '^^<<'], 7, 5, 4, True], [[[0, 1, 2, 3, 4, 5, 6, 7, 8], '^>v>^^<<'], 15, 9, 8, True], [[[0, 1, 2, 3, 4, 5, 6, 7, 8], '<<^^'], 7, 5, 4, True], [[[0, 1, 2, 3, 4, 5, 6, 7, 8], '<vv>^<^'], 18, 10, 7, True], [[[0, 1, 2, 3, 4, 5, 6, 7, 8], 'v<<^>v<^'], 27, 14, 8, True], [[[0, 1, 2, 3, 4, 5, 6, 7, 8], '>>^<<^'], 12, 7, 6, True], [[[0, 1, 2, 3, 4, 5, 6, 7, 8], '>v>v<^^<'], 32, 17, 8, True], [[[0, 1, 2, 3, 4, 5, 6, 7, 8], '<<'], 4, 3, 2, True], [[[0, 1, 2, 3, 4, 5, 6, 7, 8], '<<'], 4, 3, 2, True], [[[0, 1, 2, 3, 4, 5, 6, 7, 8], '>vv<^>^<'], 24, 13, 8, True], [[[0, 1, 2, 3, 4, 5, 6, 7, 8], '^^<<v>>^<<'], 18, 11, 10, True], [[[0, 1, 2, 3, 4, 5, 6, 7, 8], '<^<^>vv<^^'], 30, 17, 10, True], [[[0, 1, 2, 3, 4, 5, 6, 7, 8], '^<<^'], 9, 5, 4, True], [[[0, 1, 2, 3, 4, 5, 6, 7, 8], '^<^>v<^'], 26, 13, 7, True], [[[0, 1, 2, 3, 4, 5, 6, 7, 8], 'v>v<<^^'], 14, 8, 7, True], [[[0, 1, 2, 3, 4, 5, 6, 7, 8], 'v<<^'], 9, 5, 4, True], [[[0, 1, 2, 3, 4, 5, 6, 7, 8], '<^^'], 6, 4, 3, True], [[[0, 1, 2, 3, 4, 5, 6, 7, 8], '<^>>^<v<^'], 37, 20, 9, True], [[[0, 1, 2, 3, 4, 5, 6, 7, 8], '<^>v>^^<<'], 24, 15, 9, True], [[[0, 1, 2, 3, 4, 5, 6, 7, 8], '^^<'], 8, 4, 3, True], [[[0, 1, 2, 3, 4, 5, 6, 7, 8], '^>v<^^'], 13, 8, 6, True], [[[0, 1, 2, 3, 4, 5, 6, 7, 8], '^'], 3, 2, 1, True], [[[0, 1, 2, 3, 4, 5, 6, 7, 8], '>^^<v<^'], 14, 8, 7, True], [[[0, 1, 2, 3, 4, 5, 6, 7, 8], '^<v>^^<<'], 19, 12, 8, True], [[[0, 1, 2, 3, 4, 5, 6, 7, 8], '<^^'], 6, 4, 3, True], [[[0, 1, 2, 3, 4, 5, 6, 7, 8], 'v>^>v<^<^'], 23, 13, 9, True], [[[0, 1, 2, 3, 4, 5, 6, 7, 8], 'v<v<^^'], 12, 7, 6, True], [[[0, 1, 2, 3, 4, 5, 6, 7, 8], '>^^<v<^'], 14, 8, 7, True], [[[0, 1, 2, 3, 4, 5, 6, 7, 8], ''], 0, 1, 0, True], [[[0, 1, 2, 3, 4, 5, 6, 7, 8], '>^<^'], 9, 5, 4, True], [[[0, 1, 2, 3, 4, 5, 6, 7, 8], '^^>v>v<^<^'], 23, 13, 10, True], [[[0, 1, 2, 3, 4, 5, 6, 7, 8], '<'], 3, 2, 1, True], [[[0, 1, 2, 3, 4, 5, 6, 7, 8], '>v<^<vv>^^<'], 28, 16, 11, True], [[[0, 1, 2, 3, 4, 5, 6, 7, 8], '<<v>^<'], 12, 7, 6, True], [[[0, 1, 2, 3, 4, 5, 6, 7, 8], '^<<'], 6, 4, 3, True], [[[0, 1, 2, 3, 4, 5, 6, 7, 8], 'v>^<v<^'], 19, 10, 7, True], [[[0, 1, 2, 3, 4, 5, 6, 7, 8], '^^>v<^<'], 17, 9, 7, True], [[[0, 1, 2, 3, 4, 5, 6, 7, 8], 'v>^<<'], 12, 7, 5, True], [[[0, 1, 2, 3, 4, 5, 6, 7, 8], 'v<^>^<<'], 18, 11, 7, True], [[[0, 1, 2, 3, 4, 5, 6, 7, 8], '<<v>v<^^'], 23, 13, 8, True], [[[0, 1, 2, 3, 4, 5, 6, 7, 8], 'v<^>>v<<^'], 34, 19, 9, True], [[[0, 1, 2, 3, 4, 5, 6, 7, 8], '<vv>>^<v<^^'], 63, 36, 11, True], [[[0, 1, 2, 3, 4, 5, 6, 7, 8], '>>^<<'], 11, 6, 5, True], [[[0, 1, 2, 3, 4, 5, 6, 7, 8], '<^<vv>^<^'], 26, 15, 9, True], [[[0, 1, 2, 3, 4, 5, 6, 7, 8], '^^'], 4, 3, 2, True], [[[0, 1, 2, 3, 4, 5, 6, 7, 8], '>^<v<^^'], 18, 11, 7, True], [[[0, 1, 2, 3, 4, 5, 6, 7, 8], '<v<^'], 9, 5, 4, True], [[[0, 1, 2, 3, 4, 5, 6, 7, 8], '>>^^<<'], 10, 7, 6, True], [[[0, 1, 2, 3, 4, 5, 6, 7, 8], 'v>^<'], 9, 5, 4, True], [[[0, 1, 2, 3, 4, 5, 6, 7, 8], ''], 0, 1, 0, True], [[[0, 1, 2, 3, 4, 5, 6, 7, 8], '>>^<^<'], 12, 7, 6, True], [[[0, 1, 2, 3, 4, 5, 6, 7, 8], '^<^>>v<<^'], 19, 10, 9, True], [[[0, 1, 2, 3, 4, 5, 6, 7, 8], ''], 0, 1, 0, True], [[[0, 1, 2, 3, 4, 5, 6, 7, 8], '^^'], 4, 3, 2, True], [[[0, 1, 2, 3, 4, 5, 6, 7, 8], '<^'], 6, 3, 2, True], [[[0, 1, 2, 3, 4, 5, 6, 7, 8], '<<vv>>^^<<'], 16, 11, 10, True], [[[0, 1, 2, 3, 4, 5, 6, 7, 8], '<^<^'], 9, 5, 4, True], [[[0, 1, 2, 3, 4, 5, 6, 7, 8], '<vv>>^<<^>v<^'], 75, 42, 13, True], [[[0, 1, 2, 3, 4, 5, 6, 7, 8], '^^'], 4, 3, 2, True], [[[0, 1, 2, 3, 4, 5, 6, 7, 8], 'v>^<vv>^^<'], 45, 25, 10, True], [[[0, 1, 2, 3, 4, 5, 6, 7, 8], '^>^>v<^<'], 18, 10, 8, True], [[[0, 1, 2, 3, 4, 5, 6, 7, 8], '>>v<<v>>^^<<'], 78, 44, 12, True], [[[0, 1, 2, 3, 4, 5, 6, 7, 8], '>v<^>>^<<'], 25, 14, 9, True], [[[0, 1, 2, 3, 4, 5, 6, 7, 8], '>>v<^<'], 14, 8, 6, True], [[[0, 1, 2, 3, 4, 5, 6, 7, 8], '>^^<'], 9, 5, 4, True], [[[0, 1, 2, 3, 4, 5, 6, 7, 8], '>v>^<<vv>>^<^<'], 63, 39, 14, True], [[[0, 1, 2, 3, 4, 5, 6, 7, 8], 'vv<<^^'], 10, 7, 6, True], [[[0, 1, 2, 3, 4, 5, 6, 7, 8], '^^<'], 8, 4, 3, True], [[[0, 1, 2, 3, 4, 5, 6, 7, 8], '<^>^>v<^<'], 20, 11, 9, True], [[[0, 1, 2, 3, 4, 5, 6, 7, 8], 'v>>^<<'], 12, 7, 6, True], [[[0, 1, 2, 3, 4, 5, 6, 7, 8], 'v<<^^'], 9, 6, 5, True], [[[0, 1, 2, 3, 4, 5, 6, 7, 8], '<^'], 6, 3, 2, True], [[[0, 1, 2, 3, 4, 5, 6, 7, 8], '<vv>^>^<<'], 17, 10, 9, True], [[[0, 1, 2, 3, 4, 5, 6, 7, 8], '<<'], 4, 3, 2, True], [[[0, 1, 2, 3, 4, 5, 6, 7, 8], '<<v>v>^<^<'], 23, 13, 10, True], [[[0, 1, 2, 3, 4, 5, 6, 7, 8], 'v<v<^^'], 12, 7, 6, True], [[[0, 1, 2, 3, 4, 5, 6, 7, 8], 'v<^^'], 9, 5, 4, True], [[[0, 1, 2, 3, 4, 5, 6, 7, 8], '^^<vv<^^'], 15, 9, 8, True], [[[0, 1, 2, 3, 4, 5, 6, 7, 8], '^^<<'], 7, 5, 4, True], [[[0, 1, 2, 3, 4, 5, 6, 7, 8], 'v<^>v>^<<'], 32, 19, 9, True], [[[0, 1, 2, 3, 4, 5, 6, 7, 8], '^>>v<^<v>^<^'], 52, 30, 12, True], [[[0, 1, 2, 3, 4, 5, 6, 7, 8], '^<<v>^<^'], 18, 10, 8, True], [[[0, 1, 2, 3, 4, 5, 6, 7, 8], '>^<<v>>^<^<'], 22, 12, 11, True], [[[0, 1, 2, 3, 4, 5, 6, 7, 8], '>>v<^<'], 14, 8, 6, True], [[[0, 1, 2, 3, 4, 5, 6, 7, 8], '>^<^<'], 11, 6, 5, True], [[[0, 1, 2, 3, 4, 5, 6, 7, 8], '^<v<v>^^<'], 37, 20, 9, True], [[[0, 1, 2, 3, 4, 5, 6, 7, 8], 'v<<^^'], 9, 6, 5, True], [[[0, 1, 2, 3, 4, 5, 6, 7, 8], '^^'], 4, 3, 2, True], [[[0, 1, 2, 3, 4, 5, 6, 7, 8], '^>^<<'], 11, 6, 5, True], [[[0, 1, 2, 3, 4, 5, 6, 7, 8], 'v>^<^>v<<^'], 31, 17, 10, True], [[[0, 1, 2, 3, 4, 5, 6, 7, 8], '<<^'], 8, 4, 3, True], [[[0, 1, 2, 3, 4, 5, 6, 7, 8], '>v>^<v<^'], 20, 11, 8, True], [[[0, 1, 2, 3, 4, 5, 6, 7, 8], '<^<'], 8, 4, 3, True], [[[0, 1, 2, 3, 4, 5, 6, 7, 8], '<<v>^^<'], 19, 10, 7, True], [[[0, 1, 2, 3, 4, 5, 6, 7, 8], '<<'], 4, 3, 2, True], [[[0, 1, 2, 3, 4, 5, 6, 7, 8], '^>^<'], 9, 5, 4, True], [[[0, 1, 2, 3, 4, 5, 6, 7, 8], '^^<'], 8, 4, 3, True], [[[0, 1, 2, 3, 4, 5, 6, 7, 8], '<^>v>^<^<'], 25, 14, 9, True], [[[0, 1, 2, 3, 4, 5, 6, 7, 8], '^^'], 4, 3, 2, True], [[[0, 1, 2, 3, 4, 5, 6, 7, 8], 'v<^<'], 9, 5, 4, True], [[[0, 1, 2, 3, 4, 5, 6, 7, 8], '<v<^'], 9, 5, 4, True], [[[0, 1, 2, 3, 4, 5, 6, 7, 8], 'v<^>^>v<^<'], 45, 24, 10, True], [[[0, 1, 2, 3, 4, 5, 6, 7, 8], '<^>v>^<<'], 28, 16, 8, True], [[[0, 1, 2, 3, 4, 5, 6, 7, 8], 'v>>^^<<'], 12, 8, 7, True], [[[0, 1, 2, 3, 4, 5, 6, 7, 8], '>>v<<v>>^<v<^^'], 84, 49, 14, True], [[[0, 1, 2, 3, 4, 5, 6, 7, 8], '^^>v<^'], 12, 7, 6, True], [[[0, 1, 2, 3, 4, 5, 6, 7, 8], '<vv<^^>>v<<^'], 52, 29, 12, True], [[[0, 1, 2, 3, 4, 5, 6, 7, 8], 'v<<^'], 9, 5, 4, True], [[[0, 1, 2, 3, 4, 5, 6, 7, 8], '>vv<^^>vv<^<^'], 25, 14, 13, True], [[[0, 1, 2, 3, 4, 5, 6, 7, 8], 'v<^'], 8, 4, 3, True], [[[0, 1, 2, 3, 4, 5, 6, 7, 8], 'v<^<'], 9, 5, 4, True], [[[0, 1, 2, 3, 4, 5, 6, 7, 8], '<<v>>^<<'], 15, 9, 8, True], [[[0, 1, 2, 3, 4, 5, 6, 7, 8], 'v<^'], 8, 4, 3, True], [[[0, 1, 2, 3, 4, 5, 6, 7, 8], '^^>vv<<^^'], 21, 13, 9, True], [[[0, 1, 2, 3, 4, 5, 6, 7, 8], ''], 0, 1, 0, True], [[[0, 1, 2, 3, 4, 5, 6, 7, 8], 'v>^>v<^<'], 18, 10, 8, True], [[[0, 1, 2, 3, 4, 5, 6, 7, 8], '>^<v>>^^<v<^'], 44, 26, 12, True], [[[0, 1, 2, 3, 4, 5, 6, 7, 8], '>^<v<^^'], 18, 11, 7, True], [[[0, 1, 2, 3, 4, 5, 6, 7, 8], '>>^<vv>^^<<'], 41, 24, 11, True], [[[0, 1, 2, 3, 4, 5, 6, 7, 8], '<^^'], 6, 4, 3, True], [[[0, 1, 2, 3, 4, 5, 6, 7, 8], '<v<^'], 9, 5, 4, True], [[[0, 1, 2, 3, 4, 5, 6, 7, 8], 'v<^'], 8, 4, 3, True], [[[0, 1, 2, 3, 4, 5, 6, 7, 8], '>^<'], 8, 4, 3, True], [[[0, 1, 2, 3, 4, 5, 6, 7, 8], '>^<^>v<^'], 27, 14, 8, True], [[[0, 1, 2, 3, 4, 5, 6, 7, 8], '>^<v>^^<'], 31, 17, 8, True], [[[0, 1, 2, 3, 4, 5, 6, 7, 8], '<<^'], 8, 4, 3, True], [[[0, 1, 2, 3, 4, 5, 6, 7, 8], '>^<v>^^<<v>^<'], 57, 33, 13, True], [[[0, 1, 2, 3, 4, 5, 6, 7, 8], '>v<v>^<v<^^'], 40, 23, 11, True], [[[0, 1, 2, 3, 4, 5, 6, 7, 8], '^>>^<<'], 12, 7, 6, True], [[[0, 1, 2, 3, 4, 5, 6, 7, 8], '>v<<^'], 11, 6, 5, True], [[[0, 1, 2, 3, 4, 5, 6, 7, 8], ''], 0, 1, 0, True], [[[0, 1, 2, 3, 4, 5, 6, 7, 8], 'v>>^<v<^'], 24, 13, 8, True], [[[0, 1, 2, 3, 4, 5, 6, 7, 8], ''], 0, 1, 0, True], [[[0, 1, 2, 3, 4, 5, 6, 7, 8], '^^<v>^<<'], 30, 17, 8, True], [[[0, 1, 2, 3, 4, 5, 6, 7, 8], '>v>^^<<'], 14, 8, 7, True], [[[0, 1, 2, 3, 4, 5, 6, 7, 8], '^<<'], 6, 4, 3, True], [[[0, 1, 2, 3, 4, 5, 6, 7, 8], 'v>^<v>v<^^'], 49, 28, 10, True], [[[0, 1, 2, 3, 4, 5, 6, 7, 8], 'vv<^^'], 11, 6, 5, True], [[[0, 1, 2, 3, 4, 5, 6, 7, 8], ''], 0, 1, 0, True], [[[0, 1, 2, 3, 4, 5, 6, 7, 8], '>^<^'], 9, 5, 4, True], [[[0, 1, 2, 3, 4, 5, 6, 7, 8], '>>v<^^<'], 19, 10, 7, True], [[[0, 1, 2, 3, 4, 5, 6, 7, 8], '<^^<'], 9, 5, 4, True], [[[0, 1, 2, 3, 4, 5, 6, 7, 8], '>>^^<vv<^^'], 26, 15, 10, True], [[[0, 1, 2, 3, 4, 5, 6, 7, 8], '^<<vv>^^<'], 17, 10, 9, True], [[[0, 1, 2, 3, 4, 5, 6, 7, 8], '^^<<'], 7, 5, 4, True], [[[0, 1, 2, 3, 4, 5, 6, 7, 8], 'v>^<^'], 12, 7, 5, True], [[[0, 1, 2, 3, 4, 5, 6, 7, 8], 'vv>>^<<^'], 17, 10, 8, True], [[[0, 1, 2, 3, 4, 5, 6, 7, 8], 'v<^'], 8, 4, 3, True], [[[0, 1, 2, 3, 4, 5, 6, 7, 8], '<^<^'], 9, 5, 4, True], [[[0, 1, 2, 3, 4, 5, 6, 7, 8], '>>^<v<^'], 20, 11, 7, True], [[[0, 1, 2, 3, 4, 5, 6, 7, 8], 'v<v<^^>v<^'], 22, 12, 10, True], [[[0, 1, 2, 3, 4, 5, 6, 7, 8], '<v>^^<'], 17, 9, 6, True], [[[0, 1, 2, 3, 4, 5, 6, 7, 8], 'v<<^>v<^^'], 32, 18, 9, True], [[[0, 1, 2, 3, 4, 5, 6, 7, 8], '^'], 3, 2, 1, True], [[[0, 1, 2, 3, 4, 5, 6, 7, 8], '<<^>^<'], 12, 7, 6, True], [[[0, 1, 2, 3, 4, 5, 6, 7, 8], 'v<^<'], 9, 5, 4, True], [[[0, 1, 2, 3, 4, 5, 6, 7, 8], '>^>^<<'], 12, 7, 6, True], [[[0, 1, 2, 3, 4, 5, 6, 7, 8], '<v<^'], 9, 5, 4, True], [[[0, 1, 2, 3, 4, 5, 6, 7, 8], '>^^>vv<^<^'], 20, 11, 10, True], [[[0, 1, 2, 3, 4, 5, 6, 7, 8], '<'], 3, 2, 1, True], [[[0, 1, 2, 3, 4, 5, 6, 7, 8], '^^<<'], 7, 5, 4, True], [[[0, 1, 2, 3, 4, 5, 6, 7, 8], '<^'], 6, 3, 2, True], [[[0, 1, 2, 3, 4, 5, 6, 7, 8], '>^^>v<<^'], 20, 11, 8, True], [[[0, 1, 2, 3, 4, 5, 6, 7, 8], '<'], 3, 2, 1, True], [[[0, 1, 2, 3, 4, 5, 6, 7, 8], 'v<^>^<'], 17, 9, 6, True], [[[0, 1, 2, 3, 4, 5, 6, 7, 8], '>>^<v<^>^<'], 29, 16, 10, True], [[[0, 1, 2, 3, 4, 5, 6, 7, 8], '^<^<'], 9, 5, 4, True], [[[0, 1, 2, 3, 4, 5, 6, 7, 8], '<v<^'], 9, 5, 4, True], [[[0, 1, 2, 3, 4, 5, 6, 7, 8], 'v>^<vv<^^'], 25, 14, 9, True], [[[0, 1, 2, 3, 4, 5, 6, 7, 8], '^<^'], 8, 4, 3, True], [[[0, 1, 2, 3, 4, 5, 6, 7, 8], '>v>^<v<^'], 20, 11, 8, True], [[[0, 1, 2, 3, 4, 5, 6, 7, 8], '>^>v<<^^'], 26, 15, 8, True], [[[0, 1, 2, 3, 4, 5, 6, 7, 8], '<<^^>>vv<<^^'], 19, 13, 12, True], [[[0, 1, 2, 3, 4, 5, 6, 7, 8], '>^^>v<^<'], 18, 10, 8, True], [[[0, 1, 2, 3, 4, 5, 6, 7, 8], '<^^>>v<^<'], 24, 13, 9, True], [[[0, 1, 2, 3, 4, 5, 6, 7, 8], 'v<<v>>^^<<'], 36, 22, 10, True], [[[0, 1, 2, 3, 4, 5, 6, 7, 8], '>v<^^'], 12, 7, 5, True], [[[0, 1, 2, 3, 4, 5, 6, 7, 8], '<v>^<<'], 13, 8, 6, True], [[[0, 1, 2, 3, 4, 5, 6, 7, 8], '>v<^>v>^<<'], 37, 21, 10, True], [[[0, 1, 2, 3, 4, 5, 6, 7, 8], '<<^>>v<^<^'], 28, 15, 10, True], [[[0, 1, 2, 3, 4, 5, 6, 7, 8], '^<<v>^^>v<<^'], 41, 23, 12, True], [[[0, 1, 2, 3, 4, 5, 6, 7, 8], '>^<^<'], 11, 6, 5, True], [[[0, 1, 2, 3, 4, 5, 6, 7, 8], 'v<^>>v<v<^^'], 25, 14, 11, True], [[[0, 1, 2, 3, 4, 5, 6, 7, 8], '<v>v<^<^'], 20, 11, 8, True], [[[0, 1, 2, 3, 4, 5, 6, 7, 8], ''], 0, 1, 0, True], [[[0, 1, 2, 3, 4, 5, 6, 7, 8], '>>v<^<'], 14, 8, 6, True], [[[0, 1, 2, 3, 4, 5, 6, 7, 8], '<vv>>^^<<'], 15, 10, 9, True], [[[0, 1, 2, 3, 4, 5, 6, 7, 8], '<^^<'], 9, 5, 4, True], [[[0, 1, 2, 3, 4, 5, 6, 7, 8], '<v>^<<'], 13, 8, 6, True], [[[0, 1, 2, 3, 4, 5, 6, 7, 8], '>>v<v<^^'], 15, 9, 8, True], [[[0, 1, 2, 3, 4, 5, 6, 7, 8], '<^<^'], 9, 5, 4, True], [[[0, 1, 2, 3, 4, 5, 6, 7, 8], '<v<^^'], 11, 6, 5, True], [[[0, 1, 2, 3, 4, 5, 6, 7, 8], 'v<<^'], 9, 5, 4, True], [[[0, 1, 2, 3, 4, 5, 6, 7, 8], '<^<v>^>^<<'], 26, 15, 10, True], [[[0, 1, 2, 3, 4, 5, 6, 7, 8], '<vv<^^'], 12, 7, 6, True], [[[0, 1, 2, 3, 4, 5, 6, 7, 8], '<<'], 4, 3, 2, True], [[[0, 1, 2, 3, 4, 5, 6, 7, 8], '>>vv<^^<'], 17, 10, 8, True], [[[0, 1, 2, 3, 4, 5, 6, 7, 8], '^^<<'], 7, 5, 4, True], [[[0, 1, 2, 3, 4, 5, 6, 7, 8], '^>v<^'], 11, 6, 5, True], [[[0, 1, 2, 3, 4, 5, 6, 7, 8], '>^^<'], 9, 5, 4, True], [[[0, 1, 2, 3, 4, 5, 6, 7, 8], '^<v<^^'], 12, 7, 6, True], [[[0, 1, 2, 3, 4, 5, 6, 7, 8], 'v<^<v>v>^^<<'], 36, 21, 12, True], [[[0, 1, 2, 3, 4, 5, 6, 7, 8], '<^<^'], 9, 5, 4, True], [[[0, 1, 2, 3, 4, 5, 6, 7, 8], '<^>v<^^'], 24, 14, 7, True], [[[0, 1, 2, 3, 4, 5, 6, 7, 8], '>^^<v<^'], 14, 8, 7, True], [[[0, 1, 2, 3, 4, 5, 6, 7, 8], '>^<^>v<^'], 27, 14, 8, True], [[[0, 1, 2, 3, 4, 5, 6, 7, 8], '>>^^<<'], 10, 7, 6, True], [[[0, 1, 2, 3, 4, 5, 6, 7, 8], '^<<'], 6, 4, 3, True], [[[0, 1, 2, 3, 4, 5, 6, 7, 8], '^^<<v>>v<<^^'], 53, 30, 12, True], [[[0, 1, 2, 3, 4, 5, 6, 7, 8], '<v<^'], 9, 5, 4, True], [[[0, 1, 2, 3, 4, 5, 6, 7, 8], '^<^'], 8, 4, 3, True], [[[0, 1, 2, 3, 4, 5, 6, 7, 8], '<<^^'], 7, 5, 4, True], [[[0, 1, 2, 3, 4, 5, 6, 7, 8], 'v<<^^>>v<<^'], 20, 12, 11, True], [[[0, 1, 2, 3, 4, 5, 6, 7, 8], '^<<vv>^<^'], 24, 13, 9, True], [[[0, 1, 2, 3, 4, 5, 6, 7, 8], '^'], 3, 2, 1, True], [[[0, 1, 2, 3, 4, 5, 6, 7, 8], '^<v<^'], 11, 6, 5, True], [[[0, 1, 2, 3, 4, 5, 6, 7, 8], 'v<<^>^<'], 14, 8, 7, True], [[[0, 1, 2, 3, 4, 5, 6, 7, 8], '^>^<<'], 11, 6, 5, True], [[[0, 1, 2, 3, 4, 5, 6, 7, 8], '<v<^'], 9, 5, 4, True], [[[0, 1, 2, 3, 4, 5, 6, 7, 8], '>^^<v<^'], 14, 8, 7, True], [[[0, 1, 2, 3, 4, 5, 6, 7, 8], '>^>^<<'], 12, 7, 6, True], [[[0, 1, 2, 3, 4, 5, 6, 7, 8], '<v<v>^<^'], 18, 10, 8, True], [[[0, 1, 2, 3, 4, 5, 6, 7, 8], '<v>^<<^'], 19, 10, 7, True], [[[0, 1, 2, 3, 4, 5, 6, 7, 8], '>>^^<v<^'], 15, 9, 8, True], [[[0, 1, 2, 3, 4, 5, 6, 7, 8], '<v>v<^<^>>v<^<'], 53, 30, 14, True], [[[0, 1, 2, 3, 4, 5, 6, 7, 8], '^'], 3, 2, 1, True], [[[0, 1, 2, 3, 4, 5, 6, 7, 8], '^>^<'], 9, 5, 4, True], [[[0, 1, 2, 3, 4, 5, 6, 7, 8], '<v<^^'], 11, 6, 5, True], [[[0, 1, 2, 3, 4, 5, 6, 7, 8], 'v>^<'], 9, 5, 4, True], [[[0, 1, 2, 3, 4, 5, 6, 7, 8], '^>v<^^>>v<<^'], 35, 21, 12, True], [[[0, 1, 2, 3, 4, 5, 6, 7, 8], '^>^<<'], 11, 6, 5, True], [[[0, 1, 2, 3, 4, 5, 6, 7, 8], '<^>v<v<^^'], 25, 14, 9, True], [[[0, 1, 2, 3, 4, 5, 6, 7, 8], '<^^'], 6, 4, 3, True], [[[0, 1, 2, 3, 4, 5, 6, 7, 8], 'v>^^<<'], 12, 7, 6, True], [[[0, 1, 2, 3, 4, 5, 6, 7, 8], ''], 0, 1, 0, True], [[[0, 1, 2, 3, 4, 5, 6, 7, 8], '<v>>v<^^<'], 22, 12, 9, True], [[[0, 1, 2, 3, 4, 5, 6, 7, 8], '>v<v>^<^<'], 23, 13, 9, True], [[[0, 1, 2, 3, 4, 5, 6, 7, 8], '<'], 3, 2, 1, True], [[[0, 1, 2, 3, 4, 5, 6, 7, 8], '<^<'], 8, 4, 3, True], [[[0, 1, 2, 3, 4, 5, 6, 7, 8], '<<^>v<^'], 26, 13, 7, True], [[[0, 1, 2, 3, 4, 5, 6, 7, 8], '^>^<<'], 11, 6, 5, True], [[[0, 1, 2, 3, 4, 5, 6, 7, 8], 'vv<^^<vv>^>^<<'], 32, 19, 14, True], [[[0, 1, 2, 3, 4, 5, 6, 7, 8], '^<^'], 8, 4, 3, True], [[[0, 1, 2, 3, 4, 5, 6, 7, 8], ''], 0, 1, 0, True], [[[0, 1, 2, 3, 4, 5, 6, 7, 8], '>>v<^<'], 14, 8, 6, True], [[[0, 1, 2, 3, 4, 5, 6, 7, 8], 'v<^>>v<^<^'], 40, 23, 10, True], [[[0, 1, 2, 3, 4, 5, 6, 7, 8], '^^'], 4, 3, 2, True], [[[0, 1, 2, 3, 4, 5, 6, 7, 8], ''], 0, 1, 0, True], [[[0, 1, 2, 3, 4, 5, 6, 7, 8], 'vv<^^<'], 12, 7, 6, True], [[[0, 1, 2, 3, 4, 5, 6, 7, 8], 'v<<^'], 9, 5, 4, True], [[[0, 1, 2, 3, 4, 5, 6, 7, 8], '^>v<^'], 11, 6, 5, True], [[[0, 1, 2, 3, 4, 5, 6, 7, 8], '^<<^>>v<v>^^<<'], 135, 80, 14, True], [[[0, 1, 2, 3, 4, 5, 6, 7, 8], '^<'], 6, 3, 2, True], [[[0, 1, 2, 3, 4, 5, 6, 7, 8], '^'], 3, 2, 1, True], [[[0, 1, 2, 3, 4, 5, 6, 7, 8], '>v<^^>>v<^<'], 38, 22, 11, True], [[[0, 1, 2, 3, 4, 5, 6, 7, 8], '<vv>^^<v<^'], 20, 11, 10, True], [[[0, 1, 2, 3, 4, 5, 6, 7, 8], '<v<^>^<'], 19, 10, 7, True], [[[0, 1, 2, 3, 4, 5, 6, 7, 8], 'v<<^^'], 9, 6, 5, True], [[[0, 1, 2, 3, 4, 5, 6, 7, 8], '<^<^'], 9, 5, 4, True], [[[0, 1, 2, 3, 4, 5, 6, 7, 8], '^>>vv<^^<'], 21, 12, 9, True], [[[0, 1, 2, 3, 4, 5, 6, 7, 8], '<vv>>^^<<'], 15, 10, 9, True], [[[0, 1, 2, 3, 4, 5, 6, 7, 8], '<v<^'], 9, 5, 4, True], [[[0, 1, 2, 3, 4, 5, 6, 7, 8], '<^>^<v>>^<<'], 44, 25, 11, True], [[[0, 1, 2, 3, 4, 5, 6, 7, 8], 'v>^<'], 9, 5, 4, True], [[[0, 1, 2, 3, 4, 5, 6, 7, 8], '<^'], 6, 3, 2, True], [[[0, 1, 2, 3, 4, 5, 6, 7, 8], '>>^^<vv<^^'], 26, 15, 10, True], [[[0, 1, 2, 3, 4, 5, 6, 7, 8], '<^^'], 6, 4, 3, True], [[[0, 1, 2, 3, 4, 5, 6, 7, 8], '<'], 3, 2, 1, True], [[[0, 1, 2, 3, 4, 5, 6, 7, 8], 'v>^>v<^<'], 18, 10, 8, True], [[[0, 1, 2, 3, 4, 5, 6, 7, 8], 'vv>^^<'], 12, 7, 6, True], [[[0, 1, 2, 3, 4, 5, 6, 7, 8], '<vv>^<^'], 18, 10, 7, True], [[[0, 1, 2, 3, 4, 5, 6, 7, 8], '>>v<<^^'], 15, 9, 7, True], [[[0, 1, 2, 3, 4, 5, 6, 7, 8], 'v<v>>^^<<'], 18, 11, 9, True], [[[0, 1, 2, 3, 4, 5, 6, 7, 8], '^^'], 4, 3, 2, True], [[[0, 1, 2, 3, 4, 5, 6, 7, 8], '>v<v<^^'], 14, 8, 7, True], [[[0, 1, 2, 3, 4, 5, 6, 7, 8], '>^^<vv>>^<<^'], 46, 26, 12, True], [[[0, 1, 2, 3, 4, 5, 6, 7, 8], '<<'], 4, 3, 2, True], [[[0, 1, 2, 3, 4, 5, 6, 7, 8], '>v<^<'], 12, 7, 5, True], [[[0, 1, 2, 3, 4, 5, 6, 7, 8], '>>v<<^>>^<<'], 26, 15, 11, True], [[[0, 1, 2, 3, 4, 5, 6, 7, 8], '<<v>^<'], 12, 7, 6, True], [[[0, 1, 2, 3, 4, 5, 6, 7, 8], '>>vv<^<^'], 15, 9, 8, True], [[[0, 1, 2, 3, 4, 5, 6, 7, 8], '^<^'], 8, 4, 3, True], [[[0, 1, 2, 3, 4, 5, 6, 7, 8], '^>v>^<^<'], 20, 11, 8, True], [[[0, 1, 2, 3, 4, 5, 6, 7, 8], ''], 0, 1, 0, True], [[[0, 1, 2, 3, 4, 5, 6, 7, 8], '<<vv>^>^<<'], 18, 11, 10, True], [[[0, 1, 2, 3, 4, 5, 6, 7, 8], ''], 0, 1, 0, True], [[[0, 1, 2, 3, 4, 5, 6, 7, 8], '<^>v<^'], 24, 12, 6, True], [[[0, 1, 2, 3, 4, 5, 6, 7, 8], '^>>v<^^<'], 20, 11, 8, True], [[[0, 1, 2, 3, 4, 5, 6, 7, 8], '>v<<^>>v<^<'], 45, 25, 11, True], [[[0, 1, 2, 3, 4, 5, 6, 7, 8], '<<v>v<^^'], 23, 13, 8, True], [[[0, 1, 2, 3, 4, 5, 6, 7, 8], ''], 0, 1, 0, True], [[[0, 1, 2, 3, 4, 5, 6, 7, 8], '>>v<^<^'], 20, 11, 7, True], [[[0, 1, 2, 3, 4, 5, 6, 7, 8], '^>>v<^>^<<'], 24, 14, 10, True], [[[0, 1, 2, 3, 4, 5, 6, 7, 8], '<<^'], 8, 4, 3, True], [[[0, 1, 2, 3, 4, 5, 6, 7, 8], '<^>>v<^^<'], 22, 12, 9, True], [[[0, 1, 2, 3, 4, 5, 6, 7, 8], 'v>v<^^'], 14, 8, 6, True], [[[0, 1, 2, 3, 4, 5, 6, 7, 8], '^<v>^<^>>v<^<'], 72, 42, 13, True], [[[0, 1, 2, 3, 4, 5, 6, 7, 8], '^<vv>^<^<'], 26, 14, 9, True], [[[0, 1, 2, 3, 4, 5, 6, 7, 8], '<v<^'], 9, 5, 4, True], [[[0, 1, 2, 3, 4, 5, 6, 7, 8], 'vv<^^'], 11, 6, 5, True], [[[0, 1, 2, 3, 4, 5, 6, 7, 8], '>>v<v<^^'], 15, 9, 8, True], [[[0, 1, 2, 3, 4, 5, 6, 7, 8], 'v<^<'], 9, 5, 4, True], [[[0, 1, 2, 3, 4, 5, 6, 7, 8], '>vv<^>^<'], 24, 13, 8, True], [[[0, 1, 2, 3, 4, 5, 6, 7, 8], '>v<^>>^<<'], 25, 14, 9, True], [[[0, 1, 2, 3, 4, 5, 6, 7, 8], '>vv<^^'], 12, 7, 6, True], [[[0, 1, 2, 3, 4, 5, 6, 7, 8], 'v<^^<'], 11, 6, 5, True], [[[0, 1, 2, 3, 4, 5, 6, 7, 8], '^<<v>>^<<'], 17, 10, 9, True], [[[0, 1, 2, 3, 4, 5, 6, 7, 8], 'v<<^^'], 9, 6, 5, True], [[[0, 1, 2, 3, 4, 5, 6, 7, 8], '^>>v<^<^'], 22, 12, 8, True], [[[0, 1, 2, 3, 4, 5, 6, 7, 8], '<^>v<^^'], 24, 14, 7, True], [[[0, 1, 2, 3, 4, 5, 6, 7, 8], 'v<^^>v<^'], 19, 10, 8, True], [[[0, 1, 2, 3, 4, 5, 6, 7, 8], '<vv>^<v<^^'], 24, 14, 10, True], [[[0, 1, 2, 3, 4, 5, 6, 7, 8], '^<'], 6, 3, 2, True], [[[0, 1, 2, 3, 4, 5, 6, 7, 8], 'v<<^'], 9, 5, 4, True], [[[0, 1, 2, 3, 4, 5, 6, 7, 8], '>v<^'], 9, 5, 4, True], [[[0, 1, 2, 3, 4, 5, 6, 7, 8], 'v<<^>>^<<'], 21, 13, 9, True], [[[0, 1, 2, 3, 4, 5, 6, 7, 8], '^<v>^^>v<^<'], 46, 24, 11, True], [[[0, 1, 2, 3, 4, 5, 6, 7, 8], '>^<^'], 9, 5, 4, True], [[[0, 1, 2, 3, 4, 5, 6, 7, 8], '<^^>v<^<'], 18, 10, 8, True], [[[0, 1, 2, 3, 4, 5, 6, 7, 8], '<v<^'], 9, 5, 4, True], [[[0, 1, 2, 3, 4, 5, 6, 7, 8], 'v>>^<<^'], 15, 9, 7, True], [[[0, 1, 2, 3, 4, 5, 6, 7, 8], '<v>^<<'], 13, 8, 6, True], [[[0, 1, 2, 3, 4, 5, 6, 7, 8], '<^>>v<<^^'], 18, 11, 9, True], [[[0, 1, 2, 3, 4, 5, 6, 7, 8], '<vv<^^>vv<^^'], 26, 15, 12, True], [[[0, 1, 2, 3, 4, 5, 6, 7, 8], '<^>v<v>^<v<^^'], 61, 37, 13, True], [[[0, 1, 2, 3, 4, 5, 6, 7, 8], '^^<<v>v<^^'], 33, 19, 10, True], [[[0, 1, 2, 3, 4, 5, 6, 7, 8], '>v<^^>v<^'], 24, 13, 9, True], [[[0, 1, 2, 3, 4, 5, 6, 7, 8], '>>v<<^>v<^'], 36, 19, 10, True], [[[0, 1, 2, 3, 4, 5, 6, 7, 8], '>v<^>>v<<^'], 45, 25, 10, True], [[[0, 1, 2, 3, 4, 5, 6, 7, 8], '<v>^<'], 11, 6, 5, True], [[[0, 1, 2, 3, 4, 5, 6, 7, 8], '^>v<^^'], 13, 8, 6, True], [[[0, 1, 2, 3, 4, 5, 6, 7, 8], 'v<<^^'], 9, 6, 5, True], [[[0, 1, 2, 3, 4, 5, 6, 7, 8], '>>^<<'], 11, 6, 5, True], [[[0, 1, 2, 3, 4, 5, 6, 7, 8], '<<'], 4, 3, 2, True], [[[0, 1, 2, 3, 4, 5, 6, 7, 8], '<v>^<^'], 15, 8, 6, True], [[[0, 1, 2, 3, 4, 5, 6, 7, 8], '>^^<v>>^<<'], 25, 14, 10, True], [[[0, 1, 2, 3, 4, 5, 6, 7, 8], 'v>^^<v<^'], 17, 9, 8, True], [[[0, 1, 2, 3, 4, 5, 6, 7, 8], '<^>>^<v<^'], 37, 20, 9, True], [[[0, 1, 2, 3, 4, 5, 6, 7, 8], '<^^'], 6, 4, 3, True], [[[0, 1, 2, 3, 4, 5, 6, 7, 8], 'v<^>^>v<^<'], 45, 24, 10, True], [[[0, 1, 2, 3, 4, 5, 6, 7, 8], 'v>^^<'], 11, 6, 5, True], [[[0, 1, 2, 3, 4, 5, 6, 7, 8], '>>vv<^<v>^^<'], 29, 17, 12, True], [[[0, 1, 2, 3, 4, 5, 6, 7, 8], '^<'], 6, 3, 2, True], [[[0, 1, 2, 3, 4, 5, 6, 7, 8], '>^>v<^^<'], 20, 11, 8, True], [[[0, 1, 2, 3, 4, 5, 6, 7, 8], '^<v<^'], 11, 6, 5, True], [[[0, 1, 2, 3, 4, 5, 6, 7, 8], '^^<v<^'], 12, 7, 6, True], [[[0, 1, 2, 3, 4, 5, 6, 7, 8], 'vv<^^<'], 12, 7, 6, True], [[[0, 1, 2, 3, 4, 5, 6, 7, 8], '^^<<'], 7, 5, 4, True], [[[0, 1, 2, 3, 4, 5, 6, 7, 8], '^<vv<^>^<'], 34, 18, 9, True], [[[0, 1, 2, 3, 4, 5, 6, 7, 8], '<v<^>^<'], 19, 10, 7, True], [[[0, 1, 2, 3, 4, 5, 6, 7, 8], '<^>v<^'], 24, 12, 6, True], [[[0, 1, 2, 3, 4, 5, 6, 7, 8], '^>v<^<'], 15, 8, 6, True], [[[0, 1, 2, 3, 4, 5, 6, 7, 8], '^<v<^^>>v<^<'], 41, 24, 12, True], [[[0, 1, 2, 3, 4, 5, 6, 7, 8], '<^<^'], 9, 5, 4, True], [[[0, 1, 2, 3, 4, 5, 6, 7, 8], '^<'], 6, 3, 2, True], [[[0, 1, 2, 3, 4, 5, 6, 7, 8], '<<vv>^<^'], 20, 11, 8, True], [[[0, 1, 2, 3, 4, 5, 6, 7, 8], 'v<<^>^<'], 14, 8, 7, True], [[[0, 1, 2, 3, 4, 5, 6, 7, 8], '^^<v<v>^<^'], 21, 12, 10, True], [[[0, 1, 2, 3, 4, 5, 6, 7, 8], '^>v<<^^'], 18, 11, 7, True], [[[0, 1, 2, 3, 4, 5, 6, 7, 8], '^<v<^^'], 12, 7, 6, True], [[[0, 1, 2, 3, 4, 5, 6, 7, 8], '<v>^<'], 11, 6, 5, True], [[[0, 1, 2, 3, 4, 5, 6, 7, 8], '>^<'], 8, 4, 3, True], [[[0, 1, 2, 3, 4, 5, 6, 7, 8], '>^<^'], 9, 5, 4, True], [[[0, 1, 2, 3, 4, 5, 6, 7, 8], '^^'], 4, 3, 2, True], [[[0, 1, 2, 3, 4, 5, 6, 7, 8], '^>^<'], 9, 5, 4, True], [[[0, 1, 2, 3, 4, 5, 6, 7, 8], '<^^'], 6, 4, 3, True], [[[0, 1, 2, 3, 4, 5, 6, 7, 8], 'v>>^<^<'], 14, 8, 7, True], [[[0, 1, 2, 3, 4, 5, 6, 7, 8], '^^<<'], 7, 5, 4, True], [[[0, 1, 2, 3, 4, 5, 6, 7, 8], 'v<^^'], 9, 5, 4, True], [[[0, 1, 2, 3, 4, 5, 6, 7, 8], '^^<'], 8, 4, 3, True], [[[0, 1, 2, 3, 4, 5, 6, 7, 8], '<^'], 6, 3, 2, True], [[[0, 1, 2, 3, 4, 5, 6, 7, 8], '<<^^'], 7, 5, 4, True], [[[0, 1, 2, 3, 4, 5, 6, 7, 8], '>^>v<^<'], 17, 9, 7, True], [[[0, 1, 2, 3, 4, 5, 6, 7, 8], '^>>v<^<'], 18, 10, 7, True], [[[0, 1, 2, 3, 4, 5, 6, 7, 8], '<^>v<<^'], 19, 10, 7, True], [[[0, 1, 2, 3, 4, 5, 6, 7, 8], '^<v>>^<<^'], 24, 14, 9, True], [[[0, 1, 2, 3, 4, 5, 6, 7, 8], 'v>>^<v<^>^<'], 43, 24, 11, True], [[[0, 1, 2, 3, 4, 5, 6, 7, 8], 'v<v>^<^'], 17, 9, 7, True], [[[0, 1, 2, 3, 4, 5, 6, 7, 8], '^<^'], 8, 4, 3, True], [[[0, 1, 2, 3, 4, 5, 6, 7, 8], '^<<'], 6, 4, 3, True], [[[0, 1, 2, 3, 4, 5, 6, 7, 8], '<<^>^<'], 12, 7, 6, True], [[[0, 1, 2, 3, 4, 5, 6, 7, 8], '>^<'], 8, 4, 3, True], [[[0, 1, 2, 3, 4, 5, 6, 7, 8], '<v>v<^^<'], 25, 14, 8, True], [[[0, 1, 2, 3, 4, 5, 6, 7, 8], '^>v<^<'], 15, 8, 6, True], [[[0, 1, 2, 3, 4, 5, 6, 7, 8], '^<^>v<^'], 26, 13, 7, True], [[[0, 1, 2, 3, 4, 5, 6, 7, 8], '>^>v<^<'], 17, 9, 7, True], [[[0, 1, 2, 3, 4, 5, 6, 7, 8], 'v>^>vv<^<^'], 38, 20, 10, True], [[[0, 1, 2, 3, 4, 5, 6, 7, 8], '>v<^'], 9, 5, 4, True], [[[0, 1, 2, 3, 4, 5, 6, 7, 8], '>vv<^^>v<<^'], 25, 14, 11, True], [[[0, 1, 2, 3, 4, 5, 6, 7, 8], '<^<'], 8, 4, 3, True], [[[0, 1, 2, 3, 4, 5, 6, 7, 8], '^>v<<^^'], 18, 11, 7, True], [[[0, 1, 2, 3, 4, 5, 6, 7, 8], '^>^<vv>^<^<'], 47, 26, 11, True], [[[0, 1, 2, 3, 4, 5, 6, 7, 8], 'v>^>v<<^'], 30, 16, 8, True], [[[0, 1, 2, 3, 4, 5, 6, 7, 8], '^<v<^>^<'], 20, 11, 8, True], [[[0, 1, 2, 3, 4, 5, 6, 7, 8], '<^<^>>v<<^'], 20, 11, 10, True], [[[0, 1, 2, 3, 4, 5, 6, 7, 8], 'v<^<^'], 11, 6, 5, True], [[[0, 1, 2, 3, 4, 5, 6, 7, 8], '<v>^^<<'], 18, 11, 7, True], [[[0, 1, 2, 3, 4, 5, 6, 7, 8], '<v<^'], 9, 5, 4, True], [[[0, 1, 2, 3, 4, 5, 6, 7, 8], '<^^<'], 9, 5, 4, True], [[[0, 1, 2, 3, 4, 5, 6, 7, 8], '<^>v>^^<v<^'], 39, 21, 11, True], [[[0, 1, 2, 3, 4, 5, 6, 7, 8], '<vv>^^<'], 14, 8, 7, True], [[[0, 1, 2, 3, 4, 5, 6, 7, 8], '^>vv>^<^>v<^<'], 80, 45, 13, True], [[[0, 1, 2, 3, 4, 5, 6, 7, 8], '>v<^^'], 12, 7, 5, True], [[[0, 1, 2, 3, 4, 5, 6, 7, 8], '^<^<'], 9, 5, 4, True], [[[0, 1, 2, 3, 4, 5, 6, 7, 8], 'vv>^>^<<v>v<^^'], 93, 54, 14, True], [[[0, 1, 2, 3, 4, 5, 6, 7, 8], '>^^<<'], 9, 6, 5, True], [[[0, 1, 2, 3, 4, 5, 6, 7, 8], '<<^^'], 7, 5, 4, True], [[[0, 1, 2, 3, 4, 5, 6, 7, 8], 'v>v>^<^<'], 20, 11, 8, True], [[[0, 1, 2, 3, 4, 5, 6, 7, 8], 'vv<<^>>^<<'], 26, 15, 10, True], [[[0, 1, 2, 3, 4, 5, 6, 7, 8], '^'], 3, 2, 1, True], [[[0, 1, 2, 3, 4, 5, 6, 7, 8], '^^<v<^'], 12, 7, 6, True], [[[0, 1, 2, 3, 4, 5, 6, 7, 8], '^>v<^<'], 15, 8, 6, True], [[[0, 1, 2, 3, 4, 5, 6, 7, 8], 'vv>^<<^'], 19, 10, 7, True], [[[0, 1, 2, 3, 4, 5, 6, 7, 8], '>vv<^<^>vv<^^'], 54, 29, 13, True], [[[0, 1, 2, 3, 4, 5, 6, 7, 8], '^>v>^<^<'], 20, 11, 8, True], [[[0, 1, 2, 3, 4, 5, 6, 7, 8], '<^>v<^'], 24, 12, 6, True], [[[0, 1, 2, 3, 4, 5, 6, 7, 8], '<v<^^'], 11, 6, 5, True], [[[0, 1, 2, 3, 4, 5, 6, 7, 8], '<'], 3, 2, 1, True], [[[0, 1, 2, 3, 4, 5, 6, 7, 8], '<^>>^<<'], 14, 8, 7, True], [[[0, 1, 2, 3, 4, 5, 6, 7, 8], '<^<^'], 9, 5, 4, True], [[[0, 1, 2, 3, 4, 5, 6, 7, 8], 'vv>^^<'], 12, 7, 6, True], [[[0, 1, 2, 3, 4, 5, 6, 7, 8], '^>vv<^>^<<'], 47, 28, 10, True], [[[0, 1, 2, 3, 4, 5, 6, 7, 8], '<<^^>v<v>^^<'], 88, 50, 12, True], [[[0, 1, 2, 3, 4, 5, 6, 7, 8], '>^>^<<'], 12, 7, 6, True], [[[0, 1, 2, 3, 4, 5, 6, 7, 8], '^<v>^^<'], 19, 10, 7, True], [[[0, 1, 2, 3, 4, 5, 6, 7, 8], '>v<<^^>v<^'], 23, 13, 10, True], [[[0, 1, 2, 3, 4, 5, 6, 7, 8], 'v>^^<'], 11, 6, 5, True], [[[0, 1, 2, 3, 4, 5, 6, 7, 8], '>v<v<^^'], 14, 8, 7, True], [[[0, 1, 2, 3, 4, 5, 6, 7, 8], 'v<^<'], 9, 5, 4, True], [[[0, 1, 2, 3, 4, 5, 6, 7, 8], 'v<^^>v<^'], 19, 10, 8, True], [[[0, 1, 2, 3, 4, 5, 6, 7, 8], '^>>^<<'], 12, 7, 6, True], [[[0, 1, 2, 3, 4, 5, 6, 7, 8], 'v<^'], 8, 4, 3, True], [[[0, 1, 2, 3, 4, 5, 6, 7, 8], '<v>^<<'], 13, 8, 6, True], [[[0, 1, 2, 3, 4, 5, 6, 7, 8], '^>v<^'], 11, 6, 5, True], [[[0, 1, 2, 3, 4, 5, 6, 7, 8], '<<'], 4, 3, 2, True], [[[0, 1, 2, 3, 4, 5, 6, 7, 8], ''], 0, 1, 0, True], [[[0, 1, 2, 3, 4, 5, 6, 7, 8], '>^<vv>^^<<'], 39, 23, 10, True], [[[0, 1, 2, 3, 4, 5, 6, 7, 8], '>>^<<'], 11, 6, 5, True], [[[0, 1, 2, 3, 4, 5, 6, 7, 8], '^^<'], 8, 4, 3, True], [[[0, 1, 2, 3, 4, 5, 6, 7, 8], ''], 0, 1, 0, True], [[[0, 1, 2, 3, 4, 5, 6, 7, 8], '<<'], 4, 3, 2, True], [[[0, 1, 2, 3, 4, 5, 6, 7, 8], '>^^<vv<^^'], 21, 13, 9, True], [[[0, 1, 2, 3, 4, 5, 6, 7, 8], 'v<^^<'], 11, 6, 5, True], [[[0, 1, 2, 3, 4, 5, 6, 7, 8], '<v>^<'], 11, 6, 5, True], [[[0, 1, 2, 3, 4, 5, 6, 7, 8], '^<v>^^<'], 19, 10, 7, True], [[[0, 1, 2, 3, 4, 5, 6, 7, 8], '>^<^<vv>>^<^<'], 34, 20, 13, True], [[[0, 1, 2, 3, 4, 5, 6, 7, 8], '^>v>v<<^^'], 17, 10, 9, True], [[[0, 1, 2, 3, 4, 5, 6, 7, 8], '>v>^<<'], 14, 8, 6, True], [[[0, 1, 2, 3, 4, 5, 6, 7, 8], 'v>v<^<^'], 19, 10, 7, True], [[[0, 1, 2, 3, 4, 5, 6, 7, 8], '<v>v<^>^<'], 22, 12, 9, True], [[[0, 1, 2, 3, 4, 5, 6, 7, 8], '<^'], 6, 3, 2, True], [[[0, 1, 2, 3, 4, 5, 6, 7, 8], '<<^^'], 7, 5, 4, True], [[[0, 1, 2, 3, 4, 5, 6, 7, 8], '^^'], 4, 3, 2, True], [[[0, 1, 2, 3, 4, 5, 6, 7, 8], '<^^<'], 9, 5, 4, True], [[[0, 1, 2, 3, 4, 5, 6, 7, 8], 'v>^>^<<'], 14, 8, 7, True], [[[0, 1, 2, 3, 4, 5, 6, 7, 8], 'v<^'], 8, 4, 3, True], [[[0, 1, 2, 3, 4, 5, 6, 7, 8], '<^>v<^'], 24, 12, 6, True], [[[0, 1, 2, 3, 4, 5, 6, 7, 8], '<<^>v<^'], 26, 13, 7, True], [[[0, 1, 2, 3, 4, 5, 6, 7, 8], '>^<^>v<^<'], 30, 17, 9, True], [[[0, 1, 2, 3, 4, 5, 6, 7, 8], 'v>^<'], 9, 5, 4, True], [[[0, 1, 2, 3, 4, 5, 6, 7, 8], '>^<<^'], 11, 6, 5, True], [[[0, 1, 2, 3, 4, 5, 6, 7, 8], '^>v>^<<'], 21, 12, 7, True], [[[0, 1, 2, 3, 4, 5, 6, 7, 8], '<<^'], 8, 4, 3, True], [[[0, 1, 2, 3, 4, 5, 6, 7, 8], '<^'], 6, 3, 2, True], [[[0, 1, 2, 3, 4, 5, 6, 7, 8], '>>v<^^>vv<^>^<<'], 178, 101, 15, True], [[[0, 1, 2, 3, 4, 5, 6, 7, 8], '>^<^'], 9, 5, 4, True], [[[0, 1, 2, 3, 4, 5, 6, 7, 8], '<<^^>>v<^<'], 26, 14, 10, True], [[[0, 1, 2, 3, 4, 5, 6, 7, 8], '<<^^'], 7, 5, 4, True], [[[0, 1, 2, 3, 4, 5, 6, 7, 8], '<<v>>^^<<'], 21, 13, 9, True], [[[0, 1, 2, 3, 4, 5, 6, 7, 8], '<<^'], 8, 4, 3, True], [[[0, 1, 2, 3, 4, 5, 6, 7, 8], '<<^>v<v>>^^<<'], 54, 32, 13, True], [[[0, 1, 2, 3, 4, 5, 6, 7, 8], '<v>>^^<v<^'], 21, 12, 10, True], [[[0, 1, 2, 3, 4, 5, 6, 7, 8], ''], 0, 1, 0, True], [[[0, 1, 2, 3, 4, 5, 6, 7, 8], '^<vv<^^'], 14, 8, 7, True], [[[0, 1, 2, 3, 4, 5, 6, 7, 8], 'v>^<^>v<^<'], 39, 22, 10, True], [[[0, 1, 2, 3, 4, 5, 6, 7, 8], 'v<v>^^<<'], 26, 15, 8, True], [[[0, 1, 2, 3, 4, 5, 6, 7, 8], '^^'], 4, 3, 2, True], [[[0, 1, 2, 3, 4, 5, 6, 7, 8], '<^>>vv<<^^'], 18, 11, 10, True], [[[0, 1, 2, 3, 4, 5, 6, 7, 8], 'v<^^'], 9, 5, 4, True], [[[0, 1, 2, 3, 4, 5, 6, 7, 8], '>>v<^<'], 14, 8, 6, True], [[[0, 1, 2, 3, 4, 5, 6, 7, 8], '^'], 3, 2, 1, True], [[[0, 1, 2, 3, 4, 5, 6, 7, 8], 'v<^>vv<<^^'], 25, 16, 10, True], [[[0, 1, 2, 3, 4, 5, 6, 7, 8], '^^'], 4, 3, 2, True], [[[0, 1, 2, 3, 4, 5, 6, 7, 8], '>v>^<vv>^^<<'], 57, 34, 12, True], [[[0, 1, 2, 3, 4, 5, 6, 7, 8], '^>v<^^<'], 19, 10, 7, True], [[[0, 1, 2, 3, 4, 5, 6, 7, 8], '<v<^>^<'], 19, 10, 7, True], [[[0, 1, 2, 3, 4, 5, 6, 7, 8], '^>v<v<^^'], 23, 13, 8, True], [[[0, 1, 2, 3, 4, 5, 6, 7, 8], 'v<^>v<<^'], 38, 20, 8, True], [[[0, 1, 2, 3, 4, 5, 6, 7, 8], 'v<^^<'], 11, 6, 5, True], [[[0, 1, 2, 3, 4, 5, 6, 7, 8], '^<<'], 6, 4, 3, True], [[[0, 1, 2, 3, 4, 5, 6, 7, 8], '<^>v<^<^'], 33, 18, 8, True], [[[0, 1, 2, 3, 4, 5, 6, 7, 8], '>>v<v<^^'], 15, 9, 8, True], [[[0, 1, 2, 3, 4, 5, 6, 7, 8], 'v>^>v<^^<'], 22, 12, 9, True], [[[0, 1, 2, 3, 4, 5, 6, 7, 8], 'v<v>^>v<<^>^<'], 73, 42, 13, True], [[[0, 1, 2, 3, 4, 5, 6, 7, 8], '^>^<'], 9, 5, 4, True], [[[0, 1, 2, 3, 4, 5, 6, 7, 8], 'v>^<'], 9, 5, 4, True], [[[0, 1, 2, 3, 4, 5, 6, 7, 8], 'vv>^^<<'], 15, 9, 7, True], [[[0, 1, 2, 3, 4, 5, 6, 7, 8], '^<'], 6, 3, 2, True], [[[0, 1, 2, 3, 4, 5, 6, 7, 8], '>^^>v<<^'], 20, 11, 8, True], [[[0, 1, 2, 3, 4, 5, 6, 7, 8], '^>vv<^>^<'], 36, 20, 9, True], [[[0, 1, 2, 3, 4, 5, 6, 7, 8], '<^'], 6, 3, 2, True], [[[0, 1, 2, 3, 4, 5, 6, 7, 8], '^^'], 4, 3, 2, True], [[[0, 1, 2, 3, 4, 5, 6, 7, 8], 'v>v<^^'], 14, 8, 6, True], [[[0, 1, 2, 3, 4, 5, 6, 7, 8], '^>v<<^>v<^'], 38, 20, 10, True], [[[0, 1, 2, 3, 4, 5, 6, 7, 8], '>^<<^'], 11, 6, 5, True], [[[0, 1, 2, 3, 4, 5, 6, 7, 8], '^^<<'], 7, 5, 4, True], [[[0, 1, 2, 3, 4, 5, 6, 7, 8], '^<<'], 6, 4, 3, True], [[[0, 1, 2, 3, 4, 5, 6, 7, 8], 'v>>^<^>v<v<^^'], 55, 32, 13, True], [[[0, 1, 2, 3, 4, 5, 6, 7, 8], '<v<^'], 9, 5, 4, True], [[[0, 1, 2, 3, 4, 5, 6, 7, 8], 'v>^<'], 9, 5, 4, True], [[[0, 1, 2, 3, 4, 5, 6, 7, 8], '<<vv>^>v<^<^'], 35, 20, 12, True], [[[0, 1, 2, 3, 4, 5, 6, 7, 8], 'v<^<'], 9, 5, 4, True], [[[0, 1, 2, 3, 4, 5, 6, 7, 8], '<^^<'], 9, 5, 4, True], [[[0, 1, 2, 3, 4, 5, 6, 7, 8], '>>^^<<'], 10, 7, 6, True], [[[0, 1, 2, 3, 4, 5, 6, 7, 8], 'v<^<'], 9, 5, 4, True], [[[0, 1, 2, 3, 4, 5, 6, 7, 8], '^>^<v>v<^^<'], 42, 24, 11, True], [[[0, 1, 2, 3, 4, 5, 6, 7, 8], 'v>v>^<^<'], 20, 11, 8, True], [[[0, 1, 2, 3, 4, 5, 6, 7, 8], '^<<v>^^<'], 20, 11, 8, True], [[[0, 1, 2, 3, 4, 5, 6, 7, 8], '>^^<<v>^<'], 17, 10, 9, True], [[[0, 1, 2, 3, 4, 5, 6, 7, 8], '^^<v>>^<<'], 24, 13, 9, True], [[[0, 1, 2, 3, 4, 5, 6, 7, 8], '>^>^<<'], 12, 7, 6, True], [[[0, 1, 2, 3, 4, 5, 6, 7, 8], 'v<^<^>v<^'], 29, 15, 9, True], [[[0, 1, 2, 3, 4, 5, 6, 7, 8], '<'], 3, 2, 1, True], [[[0, 1, 2, 3, 4, 5, 6, 7, 8], 'v>>^<<v>>^^<<'], 27, 17, 13, True], [[[0, 1, 2, 3, 4, 5, 6, 7, 8], '^>^<'], 9, 5, 4, True], [[[0, 1, 2, 3, 4, 5, 6, 7, 8], '>^<^<'], 11, 6, 5, True], [[[0, 1, 2, 3, 4, 5, 6, 7, 8], '>v<<^'], 11, 6, 5, True], [[[0, 1, 2, 3, 4, 5, 6, 7, 8], '^>v<^^<'], 19, 10, 7, True], [[[0, 1, 2, 3, 4, 5, 6, 7, 8], '^'], 3, 2, 1, True], [[[0, 1, 2, 3, 4, 5, 6, 7, 8], '<^>^<vv>^^>v<<^'], 117, 66, 15, True], [[[0, 1, 2, 3, 4, 5, 6, 7, 8], 'v>>v<^>^<<'], 24, 14, 10, True], [[[0, 1, 2, 3, 4, 5, 6, 7, 8], '^^'], 4, 3, 2, True], [[[0, 1, 2, 3, 4, 5, 6, 7, 8], '<v<^>^<'], 19, 10, 7, True], [[[0, 1, 2, 3, 4, 5, 6, 7, 8], 'vv<^^'], 11, 6, 5, True], [[[0, 1, 2, 3, 4, 5, 6, 7, 8], '>^<^'], 9, 5, 4, True], [[[0, 1, 2, 3, 4, 5, 6, 7, 8], 'v<<v>^<^'], 18, 10, 8, True], [[[0, 1, 2, 3, 4, 5, 6, 7, 8], 'vv<^^'], 11, 6, 5, True], [[[0, 1, 2, 3, 4, 5, 6, 7, 8], 'v<^<^'], 11, 6, 5, True], [[[0, 1, 2, 3, 4, 5, 6, 7, 8], '>^>v<<^'], 23, 13, 7, True], [[[0, 1, 2, 3, 4, 5, 6, 7, 8], 'vv<^>^<<'], 23, 13, 8, True], [[[0, 1, 2, 3, 4, 5, 6, 7, 8], '<^<^'], 9, 5, 4, True], [[[0, 1, 2, 3, 4, 5, 6, 7, 8], '<^<^>v<^'], 27, 14, 8, True], [[[0, 1, 2, 3, 4, 5, 6, 7, 8], '^^>v>^<<'], 23, 13, 8, True], [[[0, 1, 2, 3, 4, 5, 6, 7, 8], '<<'], 4, 3, 2, True], [[[0, 1, 2, 3, 4, 5, 6, 7, 8], '<'], 3, 2, 1, True], [[[0, 1, 2, 3, 4, 5, 6, 7, 8], '^<^<'], 9, 5, 4, True], [[[0, 1, 2, 3, 4, 5, 6, 7, 8], 'v<<^^'], 9, 6, 5, True], [[[0, 1, 2, 3, 4, 5, 6, 7, 8], '<'], 3, 2, 1, True], [[[0, 1, 2, 3, 4, 5, 6, 7, 8], '^>>vv<<^>^<vv>^^<'], 420, 244, 17, True], [[[0, 1, 2, 3, 4, 5, 6, 7, 8], '^>v<^^>v<^'], 25, 14, 10, True], [[[0, 1, 2, 3, 4, 5, 6, 7, 8], '>v<<^^'], 12, 7, 6, True], [[[0, 1, 2, 3, 4, 5, 6, 7, 8], '<<^^'], 7, 5, 4, True], [[[0, 1, 2, 3, 4, 5, 6, 7, 8], '^^<<'], 7, 5, 4, True], [[[0, 1, 2, 3, 4, 5, 6, 7, 8], '>vv<^>^<'], 24, 13, 8, True], [[[0, 1, 2, 3, 4, 5, 6, 7, 8], '^^>>vv<<^^'], 16, 11, 10, True], [[[0, 1, 2, 3, 4, 5, 6, 7, 8], '>v<<^^'], 12, 7, 6, True], [[[0, 1, 2, 3, 4, 5, 6, 7, 8], '^^'], 4, 3, 2, True], [[[0, 1, 2, 3, 4, 5, 6, 7, 8], '<<^^'], 7, 5, 4, True], [[[0, 1, 2, 3, 4, 5, 6, 7, 8], '<^>v<^^<'], 31, 17, 8, True], [[[0, 1, 2, 3, 4, 5, 6, 7, 8], '<^<'], 8, 4, 3, True], [[[0, 1, 2, 3, 4, 5, 6, 7, 8], 'vv<^>^<<'], 23, 13, 8, True], [[[0, 1, 2, 3, 4, 5, 6, 7, 8], 'v<^'], 8, 4, 3, True], [[[0, 1, 2, 3, 4, 5, 6, 7, 8], 'v<^<^'], 11, 6, 5, True], [[[0, 1, 2, 3, 4, 5, 6, 7, 8], '^^<v>v<<^^'], 32, 18, 10, True], [[[0, 1, 2, 3, 4, 5, 6, 7, 8], '<^<^'], 9, 5, 4, True], [[[0, 1, 2, 3, 4, 5, 6, 7, 8], '>vv<^^<'], 15, 9, 7, True], [[[0, 1, 2, 3, 4, 5, 6, 7, 8], '^>^<v<^>v>^<<'], 95, 56, 13, True], [[[0, 1, 2, 3, 4, 5, 6, 7, 8], '^<<'], 6, 4, 3, True], [[[0, 1, 2, 3, 4, 5, 6, 7, 8], '>v<^'], 9, 5, 4, True], [[[0, 1, 2, 3, 4, 5, 6, 7, 8], '^>v<^^'], 13, 8, 6, True], [[[0, 1, 2, 3, 4, 5, 6, 7, 8], '^>>^<<v>v<^^'], 42, 25, 12, True], [[[0, 1, 2, 3, 4, 5, 6, 7, 8], 'vv>^^<<'], 15, 9, 7, True], [[[0, 1, 2, 3, 4, 5, 6, 7, 8], '^>>v<^<'], 18, 10, 7, True], [[[0, 1, 2, 3, 4, 5, 6, 7, 8], '<^'], 6, 3, 2, True], [[[0, 1, 2, 3, 4, 5, 6, 7, 8], 'v>^<vv>^^<v>v<^^'], 223, 131, 16, True], [[[0, 1, 2, 3, 4, 5, 6, 7, 8], '<^>v<^^<'], 31, 17, 8, True], [[[0, 1, 2, 3, 4, 5, 6, 7, 8], '>>^<v<^>^<'], 29, 16, 10, True], [[[0, 1, 2, 3, 4, 5, 6, 7, 8], '^>>^<<v>^<'], 23, 13, 10, True], [[[0, 1, 2, 3, 4, 5, 6, 7, 8], 'v<^^<'], 11, 6, 5, True], [[[0, 1, 2, 3, 4, 5, 6, 7, 8], '<v>^>v<<^'], 45, 24, 9, True], [[[0, 1, 2, 3, 4, 5, 6, 7, 8], '<^^<'], 9, 5, 4, True], [[[0, 1, 2, 3, 4, 5, 6, 7, 8], '^>v<<^'], 17, 9, 6, True], [[[0, 1, 2, 3, 4, 5, 6, 7, 8], '^^'], 4, 3, 2, True], [[[0, 1, 2, 3, 4, 5, 6, 7, 8], '>>v<<^>v<^'], 36, 19, 10, True], [[[0, 1, 2, 3, 4, 5, 6, 7, 8], '^>v<^<^'], 19, 10, 7, True], [[[0, 1, 2, 3, 4, 5, 6, 7, 8], 'v<v<^^'], 12, 7, 6, True], [[[0, 1, 2, 3, 4, 5, 6, 7, 8], 'vv<<^>>v<^^<'], 26, 15, 12, True], [[[0, 1, 2, 3, 4, 5, 6, 7, 8], '>^^<'], 9, 5, 4, True], [[[0, 1, 2, 3, 4, 5, 6, 7, 8], '^<v>^^<'], 19, 10, 7, True], [[[0, 1, 2, 3, 4, 5, 6, 7, 8], '>v<^<'], 12, 7, 5, True], [[[0, 1, 2, 3, 4, 5, 6, 7, 8], '>>v<^<'], 14, 8, 6, True], [[[0, 1, 2, 3, 4, 5, 6, 7, 8], 'vv<^>^<<'], 23, 13, 8, True], [[[0, 1, 2, 3, 4, 5, 6, 7, 8], '<<^'], 8, 4, 3, True], [[[0, 1, 2, 3, 4, 5, 6, 7, 8], '^<<v>^<'], 14, 8, 7, True], [[[0, 1, 2, 3, 4, 5, 6, 7, 8], 'v>^<vv>^<^'], 33, 18, 10, True], [[[0, 1, 2, 3, 4, 5, 6, 7, 8], '^<^<v>^>v<^<'], 41, 23, 12, True], [[[0, 1, 2, 3, 4, 5, 6, 7, 8], '<<v>^<^>>v<^<'], 45, 26, 13, True], [[[0, 1, 2, 3, 4, 5, 6, 7, 8], '>v<^^'], 12, 7, 5, True], [[[0, 1, 2, 3, 4, 5, 6, 7, 8], '>>v<^>^<<'], 23, 13, 9, True], [[[0, 1, 2, 3, 4, 5, 6, 7, 8], '<v<^^'], 11, 6, 5, True], [[[0, 1, 2, 3, 4, 5, 6, 7, 8], '>>^<v<^^'], 23, 13, 8, True], [[[0, 1, 2, 3, 4, 5, 6, 7, 8], '>^<^<'], 11, 6, 5, True], [[[0, 1, 2, 3, 4, 5, 6, 7, 8], '>^<v<^^'], 18, 11, 7, True], [[[0, 1, 2, 3, 4, 5, 6, 7, 8], '<^<^'], 9, 5, 4, True], [[[0, 1, 2, 3, 4, 5, 6, 7, 8], '>^<vv<^^'], 23, 13, 8, True], [[[0, 1, 2, 3, 4, 5, 6, 7, 8], '>>^<v<^^'], 23, 13, 8, True], [[[0, 1, 2, 3, 4, 5, 6, 7, 8], '^^'], 4, 3, 2, True], [[[0, 1, 2, 3, 4, 5, 6, 7, 8], '>v<<^^'], 12, 7, 6, True], [[[0, 1, 2, 3, 4, 5, 6, 7, 8], ''], 0, 1, 0, True], [[[0, 1, 2, 3, 4, 5, 6, 7, 8], 'v<^'], 8, 4, 3, True], [[[0, 1, 2, 3, 4, 5, 6, 7, 8], '<<^^'], 7, 5, 4, True], [[[0, 1, 2, 3, 4, 5, 6, 7, 8], '^<v<^'], 11, 6, 5, True], [[[0, 1, 2, 3, 4, 5, 6, 7, 8], '>>^<^<'], 12, 7, 6, True], [[[0, 1, 2, 3, 4, 5, 6, 7, 8], 'v>^^<'], 11, 6, 5, True], [[[0, 1, 2, 3, 4, 5, 6, 7, 8], '>v<^'], 9, 5, 4, True], [[[0, 1, 2, 3, 4, 5, 6, 7, 8], '^>^<vv>^^<<'], 43, 26, 11, True], [[[0, 1, 2, 3, 4, 5, 6, 7, 8], '^^>v<^'], 12, 7, 6, True], [[[0, 1, 2, 3, 4, 5, 6, 7, 8], '>v<<v>^>v<<^^'], 104, 60, 13, True], [[[0, 1, 2, 3, 4, 5, 6, 7, 8], ''], 0, 1, 0, True], [[[0, 1, 2, 3, 4, 5, 6, 7, 8], '<<^>>^<<'], 15, 9, 8, True], [[[0, 1, 2, 3, 4, 5, 6, 7, 8], '^>v<^<^'], 19, 10, 7, True], [[[0, 1, 2, 3, 4, 5, 6, 7, 8], '^<'], 6, 3, 2, True], [[[0, 1, 2, 3, 4, 5, 6, 7, 8], ''], 0, 1, 0, True], [[[0, 1, 2, 3, 4, 5, 6, 7, 8], '>>v<<^'], 12, 7, 6, True], [[[0, 1, 2, 3, 4, 5, 6, 7, 8], '>>v<<^'], 12, 7, 6, True], [[[0, 1, 2, 3, 4, 5, 6, 7, 8], 'v<^<'], 9, 5, 4, True], [[[0, 1, 2, 3, 4, 5, 6, 7, 8], '>^<v>^^<'], 31, 17, 8, True], [[[0, 1, 2, 3, 4, 5, 6, 7, 8], 'v>^<'], 9, 5, 4, True], [[[0, 1, 2, 3, 4, 5, 6, 7, 8], '^<v<v>^^<'], 37, 20, 9, True], [[[0, 1, 2, 3, 4, 5, 6, 7, 8], '^<v>^<<'], 29, 16, 7, True], [[[0, 1, 2, 3, 4, 5, 6, 7, 8], '^<v>v<<^>>v<^<^'], 94, 53, 15, True], [[[0, 1, 2, 3, 4, 5, 6, 7, 8], '^>vv<^^'], 14, 8, 7, True], [[[0, 1, 2, 3, 4, 5, 6, 7, 8], '>^^<<vv>^^<'], 20, 12, 11, True], [[[0, 1, 2, 3, 4, 5, 6, 7, 8], '<<'], 4, 3, 2, True], [[[0, 1, 2, 3, 4, 5, 6, 7, 8], ''], 0, 1, 0, True], [[[0, 1, 2, 3, 4, 5, 6, 7, 8], '<vv>^^<'], 14, 8, 7, True], [[[0, 1, 2, 3, 4, 5, 6, 7, 8], '^<<v>>^<^<'], 20, 11, 10, True], [[[0, 1, 2, 3, 4, 5, 6, 7, 8], '<<^>^<'], 12, 7, 6, True], [[[0, 1, 2, 3, 4, 5, 6, 7, 8], '>>v<<v>^^<'], 28, 16, 10, True], [[[0, 1, 2, 3, 4, 5, 6, 7, 8], '^^'], 4, 3, 2, True], [[[0, 1, 2, 3, 4, 5, 6, 7, 8], 'v<^>vv<^^'], 35, 20, 9, True], [[[0, 1, 2, 3, 4, 5, 6, 7, 8], '^<<'], 6, 4, 3, True], [[[0, 1, 2, 3, 4, 5, 6, 7, 8], '<v<^^>v<^'], 21, 11, 9, True], [[[0, 1, 2, 3, 4, 5, 6, 7, 8], '<v>^^<<'], 18, 11, 7, True], [[[0, 1, 2, 3, 4, 5, 6, 7, 8], 'v>v<^^>v<^'], 31, 17, 10, True], [[[0, 1, 2, 3, 4, 5, 6, 7, 8], '^'], 3, 2, 1, True], [[[0, 1, 2, 3, 4, 5, 6, 7, 8], '>v<^'], 9, 5, 4, True], [[[0, 1, 2, 3, 4, 5, 6, 7, 8], '<^<^'], 9, 5, 4, True], [[[0, 1, 2, 3, 4, 5, 6, 7, 8], 'vv<<^^'], 10, 7, 6, True], [[[0, 1, 2, 3, 4, 5, 6, 7, 8], '^^<<v>^<'], 15, 9, 8, True], [[[0, 1, 2, 3, 4, 5, 6, 7, 8], 'v>^<<'], 12, 7, 5, True], [[[0, 1, 2, 3, 4, 5, 6, 7, 8], '^>^<'], 9, 5, 4, True], [[[0, 1, 2, 3, 4, 5, 6, 7, 8], '<<^'], 8, 4, 3, True], [[[0, 1, 2, 3, 4, 5, 6, 7, 8], '<^^'], 6, 4, 3, True], [[[0, 1, 2, 3, 4, 5, 6, 7, 8], '<v>v<^^'], 21, 12, 7, True], [[[0, 1, 2, 3, 4, 5, 6, 7, 8], '^<^'], 8, 4, 3, True], [[[0, 1, 2, 3, 4, 5, 6, 7, 8], '^<<^'], 9, 5, 4, True], [[[0, 1, 2, 3, 4, 5, 6, 7, 8], 'v>^<'], 9, 5, 4, True], [[[0, 1, 2, 3, 4, 5, 6, 7, 8], '>^<v<^^>v<^'], 30, 17, 11, True], [[[0, 1, 2, 3, 4, 5, 6, 7, 8], 'vv>^^<'], 12, 7, 6, True], [[[0, 1, 2, 3, 4, 5, 6, 7, 8], '^^<v>^<<'], 30, 17, 8, True], [[[0, 1, 2, 3, 4, 5, 6, 7, 8], '<<v>^<'], 12, 7, 6, True], [[[0, 1, 2, 3, 4, 5, 6, 7, 8], 'v<^^'], 9, 5, 4, True], [[[0, 1, 2, 3, 4, 5, 6, 7, 8], '<vv>^>^<<'], 17, 10, 9, True], [[[0, 1, 2, 3, 4, 5, 6, 7, 8], '<^'], 6, 3, 2, True], [[[0, 1, 2, 3, 4, 5, 6, 7, 8], '^<<^'], 9, 5, 4, True], [[[0, 1, 2, 3, 4, 5, 6, 7, 8], 'vv<^<^'], 12, 7, 6, True], [[[0, 1, 2, 3, 4, 5, 6, 7, 8], 'v<<^^'], 9, 6, 5, True], [[[0, 1, 2, 3, 4, 5, 6, 7, 8], '>v<^^<'], 17, 9, 6, True], [[[0, 1, 2, 3, 4, 5, 6, 7, 8], 'v>^<<v>>v<^^<'], 39, 22, 13, True], [[[0, 1, 2, 3, 4, 5, 6, 7, 8], 'v>^<<'], 12, 7, 5, True], [[[0, 1, 2, 3, 4, 5, 6, 7, 8], '<v>^<^<'], 19, 10, 7, True], [[[0, 1, 2, 3, 4, 5, 6, 7, 8], '<<^>^<'], 12, 7, 6, True], [[[0, 1, 2, 3, 4, 5, 6, 7, 8], '<^<'], 8, 4, 3, True], [[[0, 1, 2, 3, 4, 5, 6, 7, 8], '<<^^>v<^'], 15, 9, 8, True], [[[0, 1, 2, 3, 4, 5, 6, 7, 8], '<v<^'], 9, 5, 4, True], [[[0, 1, 2, 3, 4, 5, 6, 7, 8], '>v<^^'], 12, 7, 5, True], [[[0, 1, 2, 3, 4, 5, 6, 7, 8], '>^<<'], 9, 5, 4, True], [[[0, 1, 2, 3, 4, 5, 6, 7, 8], '<<v>>^<<'], 15, 9, 8, True], [[[0, 1, 2, 3, 4, 5, 6, 7, 8], '<^<'], 8, 4, 3, True], [[[0, 1, 2, 3, 4, 5, 6, 7, 8], '<v>>v<^^<'], 22, 12, 9, True], [[[0, 1, 2, 3, 4, 5, 6, 7, 8], '<^^<vv>^<^'], 28, 16, 10, True], [[[0, 1, 2, 3, 4, 5, 6, 7, 8], '<<^'], 8, 4, 3, True], [[[0, 1, 2, 3, 4, 5, 6, 7, 8], '<<^>v>^^<<'], 32, 18, 10, True], [[[0, 1, 2, 3, 4, 5, 6, 7, 8], '<vv>^>v<^^<'], 25, 14, 11, True], [[[0, 1, 2, 3, 4, 5, 6, 7, 8], '^>v<^'], 11, 6, 5, True], [[[0, 1, 2, 3, 4, 5, 6, 7, 8], '^<v>>^<v<^^'], 58, 35, 11, True], [[[0, 1, 2, 3, 4, 5, 6, 7, 8], '>^<^<'], 11, 6, 5, True], [[[0, 1, 2, 3, 4, 5, 6, 7, 8], '^^>v<^'], 12, 7, 6, True], [[[0, 1, 2, 3, 4, 5, 6, 7, 8], '^<^'], 8, 4, 3, True], [[[0, 1, 2, 3, 4, 5, 6, 7, 8], '>^^<<'], 9, 6, 5, True], [[[0, 1, 2, 3, 4, 5, 6, 7, 8], '>^>v<<^'], 23, 13, 7, True], [[[0, 1, 2, 3, 4, 5, 6, 7, 8], '>v>v<<^^'], 15, 9, 8, True], [[[0, 1, 2, 3, 4, 5, 6, 7, 8], '>^^>v<<^'], 20, 11, 8, True], [[[0, 1, 2, 3, 4, 5, 6, 7, 8], '>^<'], 8, 4, 3, True], [[[0, 1, 2, 3, 4, 5, 6, 7, 8], '>^<^'], 9, 5, 4, True], [[[0, 1, 2, 3, 4, 5, 6, 7, 8], '^^<'], 8, 4, 3, True], [[[0, 1, 2, 3, 4, 5, 6, 7, 8], 'v<^'], 8, 4, 3, True], [[[0, 1, 2, 3, 4, 5, 6, 7, 8], '>^>v<v<^^'], 26, 15, 9, True], [[[0, 1, 2, 3, 4, 5, 6, 7, 8], '<^>v<^^<'], 31, 17, 8, True], [[[0, 1, 2, 3, 4, 5, 6, 7, 8], '<^>^<'], 11, 6, 5, True], [[[0, 1, 2, 3, 4, 5, 6, 7, 8], 'vv<^^<'], 12, 7, 6, True], [[[0, 1, 2, 3, 4, 5, 6, 7, 8], '<vv<^>^<'], 22, 12, 8, True], [[[0, 1, 2, 3, 4, 5, 6, 7, 8], '^>^<<'], 11, 6, 5, True], [[[0, 1, 2, 3, 4, 5, 6, 7, 8], '^>v>^<v<^'], 22, 12, 9, True], [[[0, 1, 2, 3, 4, 5, 6, 7, 8], '<^'], 6, 3, 2, True], [[[0, 1, 2, 3, 4, 5, 6, 7, 8], '^<^<'], 9, 5, 4, True], [[[0, 1, 2, 3, 4, 5, 6, 7, 8], 'v>^<'], 9, 5, 4, True], [[[0, 1, 2, 3, 4, 5, 6, 7, 8], '<^<^'], 9, 5, 4, True], [[[0, 1, 2, 3, 4, 5, 6, 7, 8], '<^^>v>^<<'], 30, 17, 9, True], [[[0, 1, 2, 3, 4, 5, 6, 7, 8], '<<v>v<^^'], 23, 13, 8, True], [[[0, 1, 2, 3, 4, 5, 6, 7, 8], '>v<^<'], 12, 7, 5, True], [[[0, 1, 2, 3, 4, 5, 6, 7, 8], '>^^<<'], 9, 6, 5, True], [[[0, 1, 2, 3, 4, 5, 6, 7, 8], 'v<^'], 8, 4, 3, True], [[[0, 1, 2, 3, 4, 5, 6, 7, 8], '^'], 3, 2, 1, True], [[[0, 1, 2, 3, 4, 5, 6, 7, 8], 'v>^<'], 9, 5, 4, True], [[[0, 1, 2, 3, 4, 5, 6, 7, 8], 'v<^<'], 9, 5, 4, True], [[[0, 1, 2, 3, 4, 5, 6, 7, 8], '>vv<^^'], 12, 7, 6, True], [[[0, 1, 2, 3, 4, 5, 6, 7, 8], '^<<'], 6, 4, 3, True], [[[0, 1, 2, 3, 4, 5, 6, 7, 8], 'v>v>^^<<'], 15, 9, 8, True], [[[0, 1, 2, 3, 4, 5, 6, 7, 8], '<'], 3, 2, 1, True], [[[0, 1, 2, 3, 4, 5, 6, 7, 8], 'v<<^^'], 9, 6, 5, True], [[[0, 1, 2, 3, 4, 5, 6, 7, 8], '^'], 3, 2, 1, True], [[[0, 1, 2, 3, 4, 5, 6, 7, 8], '>>vv<<^^'], 13, 9, 8, True], [[[0, 1, 2, 3, 4, 5, 6, 7, 8], '^<'], 6, 3, 2, True], [[[0, 1, 2, 3, 4, 5, 6, 7, 8], '>^^<'], 9, 5, 4, True], [[[0, 1, 2, 3, 4, 5, 6, 7, 8], '>v<<^'], 11, 6, 5, True], [[[0, 1, 2, 3, 4, 5, 6, 7, 8], 'v<^^'], 9, 5, 4, True], [[[0, 1, 2, 3, 4, 5, 6, 7, 8], '<v>v<^<^'], 20, 11, 8, True], [[[0, 1, 2, 3, 4, 5, 6, 7, 8], '^<<'], 6, 4, 3, True], [[[0, 1, 2, 3, 4, 5, 6, 7, 8], '>^<vv>^^<<'], 39, 23, 10, True], [[[0, 1, 2, 3, 4, 5, 6, 7, 8], '<v>^<<'], 13, 8, 6, True], [[[0, 1, 2, 3, 4, 5, 6, 7, 8], '^^<<'], 7, 5, 4, True], [[[0, 1, 2, 3, 4, 5, 6, 7, 8], '>v<^'], 9, 5, 4, True], [[[0, 1, 2, 3, 4, 5, 6, 7, 8], '>^<v>^^<<'], 36, 21, 9, True], [[[0, 1, 2, 3, 4, 5, 6, 7, 8], '<'], 3, 2, 1, True], [[[0, 1, 2, 3, 4, 5, 6, 7, 8], '>v<^'], 9, 5, 4, True], [[[0, 1, 2, 3, 4, 5, 6, 7, 8], '^'], 3, 2, 1, True], [[[0, 1, 2, 3, 4, 5, 6, 7, 8], '<<'], 4, 3, 2, True], [[[0, 1, 2, 3, 4, 5, 6, 7, 8], 'vv<^^<'], 12, 7, 6, True], [[[0, 1, 2, 3, 4, 5, 6, 7, 8], '<<vv>^^<'], 15, 9, 8, True], [[[0, 1, 2, 3, 4, 5, 6, 7, 8], '>^<'], 8, 4, 3, True], [[[0, 1, 2, 3, 4, 5, 6, 7, 8], 'v>^<<v>>^<^<'], 41, 22, 12, True], [[[0, 1, 2, 3, 4, 5, 6, 7, 8], '^^'], 4, 3, 2, True], [[[0, 1, 2, 3, 4, 5, 6, 7, 8], ''], 0, 1, 0, True], [[[0, 1, 2, 3, 4, 5, 6, 7, 8], '<v<^>v>^<<^'], 42, 24, 11, True], [[[0, 1, 2, 3, 4, 5, 6, 7, 8], 'vv>>^<^<'], 15, 9, 8, True], [[[0, 1, 2, 3, 4, 5, 6, 7, 8], '^<<'], 6, 4, 3, True], [[[0, 1, 2, 3, 4, 5, 6, 7, 8], '<^>v<^^<'], 31, 17, 8, True], [[[0, 1, 2, 3, 4, 5, 6, 7, 8], 'v>^<<'], 12, 7, 5, True], [[[0, 1, 2, 3, 4, 5, 6, 7, 8], '<'], 3, 2, 1, True], [[[0, 1, 2, 3, 4, 5, 6, 7, 8], '<^>v<^'], 24, 12, 6, True], [[[0, 1, 2, 3, 4, 5, 6, 7, 8], '^>v<^'], 11, 6, 5, True], [[[0, 1, 2, 3, 4, 5, 6, 7, 8], 'v>>^<v<^'], 24, 13, 8, True], [[[0, 1, 2, 3, 4, 5, 6, 7, 8], '<<'], 4, 3, 2, True], [[[0, 1, 2, 3, 4, 5, 6, 7, 8], 'vv>^^<'], 12, 7, 6, True], [[[0, 1, 2, 3, 4, 5, 6, 7, 8], 'vv<^^<'], 12, 7, 6, True], [[[0, 1, 2, 3, 4, 5, 6, 7, 8], '^^'], 4, 3, 2, True], [[[0, 1, 2, 3, 4, 5, 6, 7, 8], 'vv<^<^>v<^'], 30, 16, 10, True], [[[0, 1, 2, 3, 4, 5, 6, 7, 8], '<'], 3, 2, 1, True], [[[0, 1, 2, 3, 4, 5, 6, 7, 8], 'v<<^>^<'], 14, 8, 7, True], [[[0, 1, 2, 3, 4, 5, 6, 7, 8], '^<'], 6, 3, 2, True], [[[0, 1, 2, 3, 4, 5, 6, 7, 8], '<^>v<^'], 24, 12, 6, True], [[[0, 1, 2, 3, 4, 5, 6, 7, 8], '<v<v>^^<'], 25, 14, 8, True], [[[0, 1, 2, 3, 4, 5, 6, 7, 8], '^<v<^'], 11, 6, 5, True], [[[0, 1, 2, 3, 4, 5, 6, 7, 8], '>^<v<^>^<'], 25, 14, 9, True], [[[0, 1, 2, 3, 4, 5, 6, 7, 8], 'vv<^^'], 11, 6, 5, True], [[[0, 1, 2, 3, 4, 5, 6, 7, 8], '<^^<'], 9, 5, 4, True], [[[0, 1, 2, 3, 4, 5, 6, 7, 8], 'vv>^<^>v>^<<'], 45, 26, 12, True], [[[0, 1, 2, 3, 4, 5, 6, 7, 8], 'v>v<<^^>vv<^^'], 33, 20, 13, True], [[[0, 1, 2, 3, 4, 5, 6, 7, 8], '<^<^'], 9, 5, 4, True], [[[0, 1, 2, 3, 4, 5, 6, 7, 8], 'vv<^^'], 11, 6, 5, True], [[[0, 1, 2, 3, 4, 5, 6, 7, 8], '>>v<^<'], 14, 8, 6, True], [[[0, 1, 2, 3, 4, 5, 6, 7, 8], 'v>^>v<<^>v<^^'], 76, 45, 13, True], [[[0, 1, 2, 3, 4, 5, 6, 7, 8], '<v>^<<'], 13, 8, 6, True], [[[0, 1, 2, 3, 4, 5, 6, 7, 8], '^>v<v<^^'], 23, 13, 8, True], [[[0, 1, 2, 3, 4, 5, 6, 7, 8], '^<^<vv>^<^'], 28, 16, 10, True], [[[0, 1, 2, 3, 4, 5, 6, 7, 8], '^^<'], 8, 4, 3, True], [[[0, 1, 2, 3, 4, 5, 6, 7, 8], '^'], 3, 2, 1, True], [[[0, 1, 2, 3, 4, 5, 6, 7, 8], '>v>^<<v>^<'], 31, 17, 10, True], [[[0, 1, 2, 3, 4, 5, 6, 7, 8], '>vv>^^<<'], 17, 10, 8, True], [[[0, 1, 2, 3, 4, 5, 6, 7, 8], ''], 0, 1, 0, True], [[[0, 1, 2, 3, 4, 5, 6, 7, 8], 'v>v<<^^'], 14, 8, 7, True], [[[0, 1, 2, 3, 4, 5, 6, 7, 8], '^>v<^>>v<^>^<v<^'], 87, 51, 16, True], [[[0, 1, 2, 3, 4, 5, 6, 7, 8], '<<v>^<'], 12, 7, 6, True], [[[0, 1, 2, 3, 4, 5, 6, 7, 8], '^>>v<^^<'], 20, 11, 8, True], [[[0, 1, 2, 3, 4, 5, 6, 7, 8], '>v>^<<'], 14, 8, 6, True], [[[0, 1, 2, 3, 4, 5, 6, 7, 8], ''], 0, 1, 0, True], [[[0, 1, 2, 3, 4, 5, 6, 7, 8], '<^^'], 6, 4, 3, True], [[[0, 1, 2, 3, 4, 5, 6, 7, 8], 'v>^<'], 9, 5, 4, True], [[[0, 1, 2, 3, 4, 5, 6, 7, 8], '>^<<'], 9, 5, 4, True], [[[0, 1, 2, 3, 4, 5, 6, 7, 8], 'v<^>vv<^^'], 35, 20, 9, True], [[[0, 1, 2, 3, 4, 5, 6, 7, 8], '^>>v<^<'], 18, 10, 7, True], [[[0, 1, 2, 3, 4, 5, 6, 7, 8], 'v<^'], 8, 4, 3, True], [[[0, 1, 2, 3, 4, 5, 6, 7, 8], 'v<^>v<<^>^<'], 52, 28, 11, True], [[[0, 1, 2, 3, 4, 5, 6, 7, 8], '^<<v>^>v<<^'], 79, 44, 11, True], [[[0, 1, 2, 3, 4, 5, 6, 7, 8], '<^<'], 8, 4, 3, True], [[[0, 1, 2, 3, 4, 5, 6, 7, 8], '^>>vv<^<^'], 17, 10, 9, True], [[[0, 1, 2, 3, 4, 5, 6, 7, 8], '^'], 3, 2, 1, True], [[[0, 1, 2, 3, 4, 5, 6, 7, 8], 'v<^>v<<^'], 38, 20, 8, True], [[[0, 1, 2, 3, 4, 5, 6, 7, 8], '<<^'], 8, 4, 3, True], [[[0, 1, 2, 3, 4, 5, 6, 7, 8], 'v>^^<<'], 12, 7, 6, True], [[[0, 1, 2, 3, 4, 5, 6, 7, 8], '^^<'], 8, 4, 3, True], [[[0, 1, 2, 3, 4, 5, 6, 7, 8], '^>v>^<^<'], 20, 11, 8, True], [[[0, 1, 2, 3, 4, 5, 6, 7, 8], '<^<^'], 9, 5, 4, True], [[[0, 1, 2, 3, 4, 5, 6, 7, 8], '^^<v<^'], 12, 7, 6, True], [[[0, 1, 2, 3, 4, 5, 6, 7, 8], 'v<<v>^>v<^^<'], 37, 21, 12, True], [[[0, 1, 2, 3, 4, 5, 6, 7, 8], '<<^>^<'], 12, 7, 6, True], [[[0, 1, 2, 3, 4, 5, 6, 7, 8], '^^>v<<^'], 19, 10, 7, True], [[[0, 1, 2, 3, 4, 5, 6, 7, 8], '>^^<'], 9, 5, 4, True], [[[0, 1, 2, 3, 4, 5, 6, 7, 8], '^>v<^'], 11, 6, 5, True], [[[0, 1, 2, 3, 4, 5, 6, 7, 8], 'v<^<'], 9, 5, 4, True], [[[0, 1, 2, 3, 4, 5, 6, 7, 8], '>^>v<<^^'], 26, 15, 8, True], [[[0, 1, 2, 3, 4, 5, 6, 7, 8], '^<^<vv>^^<'], 20, 11, 10, True], [[[0, 1, 2, 3, 4, 5, 6, 7, 8], '^^<'], 8, 4, 3, True], [[[0, 1, 2, 3, 4, 5, 6, 7, 8], '^<<v>>^<<'], 17, 10, 9, True], [[[0, 1, 2, 3, 4, 5, 6, 7, 8], '>v<<^'], 11, 6, 5, True], [[[0, 1, 2, 3, 4, 5, 6, 7, 8], '^<^'], 8, 4, 3, True], [[[0, 1, 2, 3, 4, 5, 6, 7, 8], '<^'], 6, 3, 2, True], [[[0, 1, 2, 3, 4, 5, 6, 7, 8], '<^^'], 6, 4, 3, True], [[[0, 1, 2, 3, 4, 5, 6, 7, 8], '<^>vv<^^'], 22, 12, 8, True], [[[0, 1, 2, 3, 4, 5, 6, 7, 8], '^<'], 6, 3, 2, True], [[[0, 1, 2, 3, 4, 5, 6, 7, 8], 'v>^^<<'], 12, 7, 6, True], [[[0, 1, 2, 3, 4, 5, 6, 7, 8], '<^^>v<<^'], 20, 11, 8, True], [[[0, 1, 2, 3, 4, 5, 6, 7, 8], '>^<<vv>^<^'], 32, 18, 10, True], [[[0, 1, 2, 3, 4, 5, 6, 7, 8], '>^<^'], 9, 5, 4, True], [[[0, 1, 2, 3, 4, 5, 6, 7, 8], '^<vv<^>^<'], 34, 18, 9, True], [[[0, 1, 2, 3, 4, 5, 6, 7, 8], '>vv<^>^<'], 24, 13, 8, True], [[[0, 1, 2, 3, 4, 5, 6, 7, 8], '>vv<^^'], 12, 7, 6, True], [[[0, 1, 2, 3, 4, 5, 6, 7, 8], '<<^>v<^^'], 25, 15, 8, True], [[[0, 1, 2, 3, 4, 5, 6, 7, 8], '^<<'], 6, 4, 3, True], [[[0, 1, 2, 3, 4, 5, 6, 7, 8], '<^<^'], 9, 5, 4, True], [[[0, 1, 2, 3, 4, 5, 6, 7, 8], '^>v<<^^'], 18, 11, 7, True], [[[0, 1, 2, 3, 4, 5, 6, 7, 8], '>^^<<'], 9, 6, 5, True], [[[0, 1, 2, 3, 4, 5, 6, 7, 8], '>^<<^'], 11, 6, 5, True], [[[0, 1, 2, 3, 4, 5, 6, 7, 8], '>^<vv>>^^<<'], 36, 22, 11, True], [[[0, 1, 2, 3, 4, 5, 6, 7, 8], 'v>^<'], 9, 5, 4, True], [[[0, 1, 2, 3, 4, 5, 6, 7, 8], '<<^^>v<^'], 15, 9, 8, True], [[[0, 1, 2, 3, 4, 5, 6, 7, 8], '<v>>^<vv>^<^<'], 43, 25, 13, True], [[[0, 1, 2, 3, 4, 5, 6, 7, 8], '<vv>>^<<^'], 21, 12, 9, True], [[[0, 1, 2, 3, 4, 5, 6, 7, 8], '^^<<v>^<'], 15, 9, 8, True], [[[0, 1, 2, 3, 4, 5, 6, 7, 8], '^'], 3, 2, 1, True], [[[0, 1, 2, 3, 4, 5, 6, 7, 8], '<<'], 4, 3, 2, True], [[[0, 1, 2, 3, 4, 5, 6, 7, 8], '<v>>^^<<'], 15, 9, 8, True], [[[0, 1, 2, 3, 4, 5, 6, 7, 8], '^<'], 6, 3, 2, True], [[[0, 1, 2, 3, 4, 5, 6, 7, 8], '^^'], 4, 3, 2, True], [[[0, 1, 2, 3, 4, 5, 6, 7, 8], '<<^'], 8, 4, 3, True], [[[0, 1, 2, 3, 4, 5, 6, 7, 8], '>v>^^<<'], 14, 8, 7, True], [[[0, 1, 2, 3, 4, 5, 6, 7, 8], '^>^<'], 9, 5, 4, True], [[[0, 1, 2, 3, 4, 5, 6, 7, 8], '>>v<<^^'], 15, 9, 7, True], [[[0, 1, 2, 3, 4, 5, 6, 7, 8], '^<<'], 6, 4, 3, True], [[[0, 1, 2, 3, 4, 5, 6, 7, 8], '>>v<<^'], 12, 7, 6, True], [[[0, 1, 2, 3, 4, 5, 6, 7, 8], '^<^>v<^'], 26, 13, 7, True], [[[0, 1, 2, 3, 4, 5, 6, 7, 8], '>v<^'], 9, 5, 4, True], [[[0, 1, 2, 3, 4, 5, 6, 7, 8], 'v>>^<<'], 12, 7, 6, True], [[[0, 1, 2, 3, 4, 5, 6, 7, 8], 'vv<^<^'], 12, 7, 6, True], [[[0, 1, 2, 3, 4, 5, 6, 7, 8], 'v<^>^<'], 17, 9, 6, True], [[[0, 1, 2, 3, 4, 5, 6, 7, 8], '>v>v<^^<'], 32, 17, 8, True], [[[0, 1, 2, 3, 4, 5, 6, 7, 8], '>>^<<'], 11, 6, 5, True], [[[0, 1, 2, 3, 4, 5, 6, 7, 8], '>v<<^'], 11, 6, 5, True], [[[0, 1, 2, 3, 4, 5, 6, 7, 8], '^^<<'], 7, 5, 4, True], [[[0, 1, 2, 3, 4, 5, 6, 7, 8], '^<'], 6, 3, 2, True], [[[0, 1, 2, 3, 4, 5, 6, 7, 8], 'v<<^'], 9, 5, 4, True], [[[0, 1, 2, 3, 4, 5, 6, 7, 8], '^>^<'], 9, 5, 4, True], [[[0, 1, 2, 3, 4, 5, 6, 7, 8], '^<^>>v<<^'], 19, 10, 9, True], [[[0, 1, 2, 3, 4, 5, 6, 7, 8], '>>^<<'], 11, 6, 5, True], [[[0, 1, 2, 3, 4, 5, 6, 7, 8], '^<v>^<<'], 29, 16, 7, True], [[[0, 1, 2, 3, 4, 5, 6, 7, 8], 'v<v<^^'], 12, 7, 6, True], [[[0, 1, 2, 3, 4, 5, 6, 7, 8], '<v>^^<'], 17, 9, 6, True], [[[0, 1, 2, 3, 4, 5, 6, 7, 8], 'v<<^^'], 9, 6, 5, True], [[[0, 1, 2, 3, 4, 5, 6, 7, 8], '<^<^'], 9, 5, 4, True], [[[0, 1, 2, 3, 4, 5, 6, 7, 8], '^<<v>^<'], 14, 8, 7, True], [[[0, 1, 2, 3, 4, 5, 6, 7, 8], ''], 0, 1, 0, True], [[[0, 1, 2, 3, 4, 5, 6, 7, 8], '>vv<^<^'], 14, 8, 7, True], [[[0, 1, 2, 3, 4, 5, 6, 7, 8], '<^'], 6, 3, 2, True], [[[0, 1, 2, 3, 4, 5, 6, 7, 8], '>vv<^^'], 12, 7, 6, True], [[[0, 1, 2, 3, 4, 5, 6, 7, 8], '>^<^>v<<^'], 22, 12, 9, True], [[[0, 1, 2, 3, 4, 5, 6, 7, 8], 'vv>>^<<^>v<^'], 48, 27, 12, True], [[[0, 1, 2, 3, 4, 5, 6, 7, 8], '^<v>v<^<^'], 25, 14, 9, True], [[[0, 1, 2, 3, 4, 5, 6, 7, 8], '<'], 3, 2, 1, True], [[[0, 1, 2, 3, 4, 5, 6, 7, 8], '<^>v<<^>^<'], 23, 13, 10, True], [[[0, 1, 2, 3, 4, 5, 6, 7, 8], '>v<^^<'], 17, 9, 6, True], [[[0, 1, 2, 3, 4, 5, 6, 7, 8], '>v<<^'], 11, 6, 5, True], [[[0, 1, 2, 3, 4, 5, 6, 7, 8], '^^>v<v>>^^<<'], 60, 33, 12, True], [[[0, 1, 2, 3, 4, 5, 6, 7, 8], 'v>^<'], 9, 5, 4, True], [[[0, 1, 2, 3, 4, 5, 6, 7, 8], '<v>^<^<'], 19, 10, 7, True], [[[0, 1, 2, 3, 4, 5, 6, 7, 8], '^<^'], 8, 4, 3, True], [[[0, 1, 2, 3, 4, 5, 6, 7, 8], ''], 0, 1, 0, True], [[[0, 1, 2, 3, 4, 5, 6, 7, 8], '<^<^'], 9, 5, 4, True], [[[0, 1, 2, 3, 4, 5, 6, 7, 8], '^^<'], 8, 4, 3, True], [[[0, 1, 2, 3, 4, 5, 6, 7, 8], '^<'], 6, 3, 2, True], [[[0, 1, 2, 3, 4, 5, 6, 7, 8], '^>v<^<'], 15, 8, 6, True], [[[0, 1, 2, 3, 4, 5, 6, 7, 8], 'v>^<^'], 12, 7, 5, True], [[[0, 1, 2, 3, 4, 5, 6, 7, 8], '<<^>v<^'], 26, 13, 7, True], [[[0, 1, 2, 3, 4, 5, 6, 7, 8], '^^<v<^'], 12, 7, 6, True], [[[0, 1, 2, 3, 4, 5, 6, 7, 8], '^<v>>v<<^>^<'], 33, 18, 12, True], [[[0, 1, 2, 3, 4, 5, 6, 7, 8], 'v<^>^<'], 17, 9, 6, True], [[[0, 1, 2, 3, 4, 5, 6, 7, 8], '^>>v<v<^^'], 17, 10, 9, True], [[[0, 1, 2, 3, 4, 5, 6, 7, 8], '<^<^'], 9, 5, 4, True], [[[0, 1, 2, 3, 4, 5, 6, 7, 8], '>vv<^^<'], 15, 9, 7, True], [[[0, 1, 2, 3, 4, 5, 6, 7, 8], '^>v<<^^>v<^'], 31, 18, 11, True], [[[0, 1, 2, 3, 4, 5, 6, 7, 8], '^>>v<^<'], 18, 10, 7, True], [[[0, 1, 2, 3, 4, 5, 6, 7, 8], '^^>>v<^<'], 20, 11, 8, True], [[[0, 1, 2, 3, 4, 5, 6, 7, 8], '<^^>v<^<'], 18, 10, 8, True], [[[0, 1, 2, 3, 4, 5, 6, 7, 8], '<^>^<<'], 12, 7, 6, True], [[[0, 1, 2, 3, 4, 5, 6, 7, 8], '^>^<<'], 11, 6, 5, True], [[[0, 1, 2, 3, 4, 5, 6, 7, 8], '<<'], 4, 3, 2, True], [[[0, 1, 2, 3, 4, 5, 6, 7, 8], '<vv<^^'], 12, 7, 6, True], [[[0, 1, 2, 3, 4, 5, 6, 7, 8], 'v>^>^<<'], 14, 8, 7, True], [[[0, 1, 2, 3, 4, 5, 6, 7, 8], '>>v<^<^'], 20, 11, 7, True], [[[0, 1, 2, 3, 4, 5, 6, 7, 8], '>^^<'], 9, 5, 4, True], [[[0, 1, 2, 3, 4, 5, 6, 7, 8], 'v>>^<^>v<^<'], 35, 20, 11, True], [[[0, 1, 2, 3, 4, 5, 6, 7, 8], '^<<'], 6, 4, 3, True], [[[0, 1, 2, 3, 4, 5, 6, 7, 8], 'v>^<'], 9, 5, 4, True], [[[0, 1, 2, 3, 4, 5, 6, 7, 8], '<^'], 6, 3, 2, True], [[[0, 1, 2, 3, 4, 5, 6, 7, 8], '<<'], 4, 3, 2, True], [[[0, 1, 2, 3, 4, 5, 6, 7, 8], '>^<<'], 9, 5, 4, True], [[[0, 1, 2, 3, 4, 5, 6, 7, 8], '<<^'], 8, 4, 3, True], [[[0, 1, 2, 3, 4, 5, 6, 7, 8], '^<<v>^<^'], 18, 10, 8, True], [[[0, 1, 2, 3, 4, 5, 6, 7, 8], 'vv>>^<^<'], 15, 9, 8, True], [[[0, 1, 2, 3, 4, 5, 6, 7, 8], '>v<^<v>^>vv<<^^'], 107, 62, 15, True], [[[0, 1, 2, 3, 4, 5, 6, 7, 8], '^>>v<<^^'], 16, 10, 8, True], [[[0, 1, 2, 3, 4, 5, 6, 7, 8], '<v<^'], 9, 5, 4, True], [[[0, 1, 2, 3, 4, 5, 6, 7, 8], '<^>^<v>v<^^<'], 54, 31, 12, True], [[[0, 1, 2, 3, 4, 5, 6, 7, 8], '>v<v>^<^'], 18, 10, 8, True], [[[0, 1, 2, 3, 4, 5, 6, 7, 8], '^>^<<'], 11, 6, 5, True], [[[0, 1, 2, 3, 4, 5, 6, 7, 8], '>^<v>^^<<'], 36, 21, 9, True], [[[0, 1, 2, 3, 4, 5, 6, 7, 8], 'v<^^<'], 11, 6, 5, True], [[[0, 1, 2, 3, 4, 5, 6, 7, 8], '<<'], 4, 3, 2, True], [[[0, 1, 2, 3, 4, 5, 6, 7, 8], 'vv>^<<^>>v<<^'], 58, 33, 13, True], [[[0, 1, 2, 3, 4, 5, 6, 7, 8], 'v<<^^>v<^'], 17, 10, 9, True], [[[0, 1, 2, 3, 4, 5, 6, 7, 8], '<v>^<<^'], 19, 10, 7, True], [[[0, 1, 2, 3, 4, 5, 6, 7, 8], '^>^<v<^'], 19, 10, 7, True], [[[0, 1, 2, 3, 4, 5, 6, 7, 8], 'v<v>^<^'], 17, 9, 7, True], [[[0, 1, 2, 3, 4, 5, 6, 7, 8], 'v<^^'], 9, 5, 4, True], [[[0, 1, 2, 3, 4, 5, 6, 7, 8], '<v<^'], 9, 5, 4, True], [[[0, 1, 2, 3, 4, 5, 6, 7, 8], 'vv>^<^'], 14, 8, 6, True], [[[0, 1, 2, 3, 4, 5, 6, 7, 8], '>v<^<'], 12, 7, 5, True], [[[0, 1, 2, 3, 4, 5, 6, 7, 8], '^^>v<^'], 12, 7, 6, True], [[[0, 1, 2, 3, 4, 5, 6, 7, 8], 'v<<^'], 9, 5, 4, True], [[[0, 1, 2, 3, 4, 5, 6, 7, 8], '>v>v<^^>v<v>^<^<'], 165, 96, 16, True], [[[0, 1, 2, 3, 4, 5, 6, 7, 8], '^^<'], 8, 4, 3, True], [[[0, 1, 2, 3, 4, 5, 6, 7, 8], '>vv<^^'], 12, 7, 6, True], [[[0, 1, 2, 3, 4, 5, 6, 7, 8], 'vv>>^<<^'], 17, 10, 8, True], [[[0, 1, 2, 3, 4, 5, 6, 7, 8], '^<<^'], 9, 5, 4, True], [[[0, 1, 2, 3, 4, 5, 6, 7, 8], '>v<^'], 9, 5, 4, True], [[[0, 1, 2, 3, 4, 5, 6, 7, 8], 'vv>^<^>>v<^<'], 47, 26, 12, True], [[[0, 1, 2, 3, 4, 5, 6, 7, 8], '>v<<^'], 11, 6, 5, True], [[[0, 1, 2, 3, 4, 5, 6, 7, 8], '<v>^<'], 11, 6, 5, True], [[[0, 1, 2, 3, 4, 5, 6, 7, 8], '>v<v>^<^'], 18, 10, 8, True], [[[0, 1, 2, 3, 4, 5, 6, 7, 8], '>v<^<'], 12, 7, 5, True], [[[0, 1, 2, 3, 4, 5, 6, 7, 8], 'v>>^^<v<^'], 18, 11, 9, True], [[[0, 1, 2, 3, 4, 5, 6, 7, 8], '^^'], 4, 3, 2, True], [[[0, 1, 2, 3, 4, 5, 6, 7, 8], '<^'], 6, 3, 2, True], [[[0, 1, 2, 3, 4, 5, 6, 7, 8], '^<v>v<^^<'], 32, 17, 9, True], [[[0, 1, 2, 3, 4, 5, 6, 7, 8], '<v>>^<vv<^^'], 38, 22, 11, True], [[[0, 1, 2, 3, 4, 5, 6, 7, 8], '>^^<'], 9, 5, 4, True], [[[0, 1, 2, 3, 4, 5, 6, 7, 8], '^<<'], 6, 4, 3, True], [[[0, 1, 2, 3, 4, 5, 6, 7, 8], '^^'], 4, 3, 2, True], [[[0, 1, 2, 3, 4, 5, 6, 7, 8], 'v<^>v<<v>>^<^<'], 91, 54, 14, True], [[[0, 1, 2, 3, 4, 5, 6, 7, 8], '>^<'], 8, 4, 3, True], [[[0, 1, 2, 3, 4, 5, 6, 7, 8], '>v<<^>vv<^^'], 27, 15, 11, True], [[[0, 1, 2, 3, 4, 5, 6, 7, 8], '>vv<^^'], 12, 7, 6, True], [[[0, 1, 2, 3, 4, 5, 6, 7, 8], 'v<^^'], 9, 5, 4, True], [[[0, 1, 2, 3, 4, 5, 6, 7, 8], 'v<<^'], 9, 5, 4, True], [[[0, 1, 2, 3, 4, 5, 6, 7, 8], 'v<<^'], 9, 5, 4, True], [[[0, 1, 2, 3, 4, 5, 6, 7, 8], '^<v>>^^<<'], 24, 15, 9, True], [[[0, 1, 2, 3, 4, 5, 6, 7, 8], '<'], 3, 2, 1, True], [[[0, 1, 2, 3, 4, 5, 6, 7, 8], 'v<<^^'], 9, 6, 5, True], [[[0, 1, 2, 3, 4, 5, 6, 7, 8], '<^^>v<^'], 14, 8, 7, True], [[[0, 1, 2, 3, 4, 5, 6, 7, 8], 'vv<^<^'], 12, 7, 6, True], [[[0, 1, 2, 3, 4, 5, 6, 7, 8], '<<'], 4, 3, 2, True], [[[0, 1, 2, 3, 4, 5, 6, 7, 8], ''], 0, 1, 0, True], [[[0, 1, 2, 3, 4, 5, 6, 7, 8], '>v<^<'], 12, 7, 5, True], [[[0, 1, 2, 3, 4, 5, 6, 7, 8], '<vv>^^<<'], 16, 10, 8, True], [[[0, 1, 2, 3, 4, 5, 6, 7, 8], '^>>v<<^^'], 16, 10, 8, True], [[[0, 1, 2, 3, 4, 5, 6, 7, 8], '>^>v<<^^'], 26, 15, 8, True], [[[0, 1, 2, 3, 4, 5, 6, 7, 8], '>v<^'], 9, 5, 4, True], [[[0, 1, 2, 3, 4, 5, 6, 7, 8], '^^'], 4, 3, 2, True], [[[0, 1, 2, 3, 4, 5, 6, 7, 8], '^<<^>v<^'], 27, 14, 8, True], [[[0, 1, 2, 3, 4, 5, 6, 7, 8], '>>^<<v>^<^'], 24, 14, 10, True], [[[0, 1, 2, 3, 4, 5, 6, 7, 8], '<<^^>v>^<<'], 33, 19, 10, True], [[[0, 1, 2, 3, 4, 5, 6, 7, 8], '<<'], 4, 3, 2, True], [[[0, 1, 2, 3, 4, 5, 6, 7, 8], '>vv>^^<<'], 17, 10, 8, True], [[[0, 1, 2, 3, 4, 5, 6, 7, 8], 'v<^'], 8, 4, 3, True], [[[0, 1, 2, 3, 4, 5, 6, 7, 8], 'v<^'], 8, 4, 3, True], [[[0, 1, 2, 3, 4, 5, 6, 7, 8], '<vv>^^<'], 14, 8, 7, True], [[[0, 1, 2, 3, 4, 5, 6, 7, 8], 'v<v<^^'], 12, 7, 6, True], [[[0, 1, 2, 3, 4, 5, 6, 7, 8], '^>v<^'], 11, 6, 5, True], [[[0, 1, 2, 3, 4, 5, 6, 7, 8], '<v>>^<^<'], 17, 9, 8, True], [[[0, 1, 2, 3, 4, 5, 6, 7, 8], '<'], 3, 2, 1, True], [[[0, 1, 2, 3, 4, 5, 6, 7, 8], '>^<v<^^'], 18, 11, 7, True], [[[0, 1, 2, 3, 4, 5, 6, 7, 8], 'v<^^<'], 11, 6, 5, True], [[[0, 1, 2, 3, 4, 5, 6, 7, 8], 'v>^<vv>^>^<<'], 40, 23, 12, True], [[[0, 1, 2, 3, 4, 5, 6, 7, 8], '>^<^<'], 11, 6, 5, True], [[[0, 1, 2, 3, 4, 5, 6, 7, 8], '^<^'], 8, 4, 3, True], [[[0, 1, 2, 3, 4, 5, 6, 7, 8], 'vv>^^<vv>>^<^<'], 61, 35, 14, True], [[[0, 1, 2, 3, 4, 5, 6, 7, 8], '>v<^<'], 12, 7, 5, True], [[[0, 1, 2, 3, 4, 5, 6, 7, 8], 'v>^<<'], 12, 7, 5, True], [[[0, 1, 2, 3, 4, 5, 6, 7, 8], '>>v<<^'], 12, 7, 6, True], [[[0, 1, 2, 3, 4, 5, 6, 7, 8], 'v>^<<'], 12, 7, 5, True], [[[0, 1, 2, 3, 4, 5, 6, 7, 8], '^<'], 6, 3, 2, True], [[[0, 1, 2, 3, 4, 5, 6, 7, 8], '<<^>^<'], 12, 7, 6, True], [[[0, 1, 2, 3, 4, 5, 6, 7, 8], '<vv>^^<vv>^<^'], 51, 29, 13, True], [[[0, 1, 2, 3, 4, 5, 6, 7, 8], 'v<<^>v<^'], 27, 14, 8, True], [[[0, 1, 2, 3, 4, 5, 6, 7, 8], '^<vv<^^'], 14, 8, 7, True], [[[0, 1, 2, 3, 4, 5, 6, 7, 8], 'vv>>^<^<'], 15, 9, 8, True], [[[0, 1, 2, 3, 4, 5, 6, 7, 8], '>v<^'], 9, 5, 4, True], [[[0, 1, 2, 3, 4, 5, 6, 7, 8], '>^>^<<'], 12, 7, 6, True], [[[0, 1, 2, 3, 4, 5, 6, 7, 8], '^>vv<^^'], 14, 8, 7, True], [[[0, 1, 2, 3, 4, 5, 6, 7, 8], '^>v<^<v>^^<'], 33, 18, 11, True], [[[0, 1, 2, 3, 4, 5, 6, 7, 8], '<<^>v<^^'], 25, 15, 8, True], [[[0, 1, 2, 3, 4, 5, 6, 7, 8], '>^<^<'], 11, 6, 5, True], [[[0, 1, 2, 3, 4, 5, 6, 7, 8], '^<<^'], 9, 5, 4, True], [[[0, 1, 2, 3, 4, 5, 6, 7, 8], '<vv<^>^<'], 22, 12, 8, True], [[[0, 1, 2, 3, 4, 5, 6, 7, 8], '>^<v>^^<<'], 36, 21, 9, True], [[[0, 1, 2, 3, 4, 5, 6, 7, 8], 'v<v>^^<<'], 26, 15, 8, True], [[[0, 1, 2, 3, 4, 5, 6, 7, 8], '<^<^'], 9, 5, 4, True], [[[0, 1, 2, 3, 4, 5, 6, 7, 8], 'v<<^'], 9, 5, 4, True], [[[0, 1, 2, 3, 4, 5, 6, 7, 8], '<<'], 4, 3, 2, True], [[[0, 1, 2, 3, 4, 5, 6, 7, 8], '<^<'], 8, 4, 3, True], [[[0, 1, 2, 3, 4, 5, 6, 7, 8], '<v>>^<<^'], 18, 10, 8, True], [[[0, 1, 2, 3, 4, 5, 6, 7, 8], 'v<^>^<'], 17, 9, 6, True], [[[0, 1, 2, 3, 4, 5, 6, 7, 8], '<vv>^^<<'], 16, 10, 8, True], [[[0, 1, 2, 3, 4, 5, 6, 7, 8], '<^^<'], 9, 5, 4, True], [[[0, 1, 2, 3, 4, 5, 6, 7, 8], '^^>>v<<^'], 15, 9, 8, True], [[[0, 1, 2, 3, 4, 5, 6, 7, 8], '>^^<<'], 9, 6, 5, True], [[[0, 1, 2, 3, 4, 5, 6, 7, 8], '^<^<'], 9, 5, 4, True], [[[0, 1, 2, 3, 4, 5, 6, 7, 8], 'v<^'], 8, 4, 3, True], [[[0, 1, 2, 3, 4, 5, 6, 7, 8], ''], 0, 1, 0, True], [[[0, 1, 2, 3, 4, 5, 6, 7, 8], 'v>^<'], 9, 5, 4, True], [[[0, 1, 2, 3, 4, 5, 6, 7, 8], '^^>>v<v<^>^<'], 31, 17, 12, True], [[[0, 1, 2, 3, 4, 5, 6, 7, 8], '<v>^<'], 11, 6, 5, True], [[[0, 1, 2, 3, 4, 5, 6, 7, 8], '^>vv<^^'], 14, 8, 7, True], [[[0, 1, 2, 3, 4, 5, 6, 7, 8], 'v<v>>^^<<'], 18, 11, 9, True], [[[0, 1, 2, 3, 4, 5, 6, 7, 8], '^^'], 4, 3, 2, True], [[[0, 1, 2, 3, 4, 5, 6, 7, 8], '^>v<v>^<<^'], 31, 17, 10, True], [[[0, 1, 2, 3, 4, 5, 6, 7, 8], '^>^<<v>>v<^^<'], 35, 19, 13, True], [[[0, 1, 2, 3, 4, 5, 6, 7, 8], '<^^>v<^'], 14, 8, 7, True], [[[0, 1, 2, 3, 4, 5, 6, 7, 8], '<'], 3, 2, 1, True], [[[0, 1, 2, 3, 4, 5, 6, 7, 8], '<^^<'], 9, 5, 4, True], [[[0, 1, 2, 3, 4, 5, 6, 7, 8], '^'], 3, 2, 1, True], [[[0, 1, 2, 3, 4, 5, 6, 7, 8], 'v>v<^^'], 14, 8, 6, True], [[[0, 1, 2, 3, 4, 5, 6, 7, 8], '>^<vv>^<v<^^'], 37, 22, 12, True], [[[0, 1, 2, 3, 4, 5, 6, 7, 8], 'v<^>vv<^<^'], 23, 13, 10, True], [[[0, 1, 2, 3, 4, 5, 6, 7, 8], 'v<^>v<<^'], 38, 20, 8, True], [[[0, 1, 2, 3, 4, 5, 6, 7, 8], 'v<^>>v<^<'], 34, 19, 9, True], [[[0, 1, 2, 3, 4, 5, 6, 7, 8], '>^<^'], 9, 5, 4, True], [[[0, 1, 2, 3, 4, 5, 6, 7, 8], '<<'], 4, 3, 2, True], [[[0, 1, 2, 3, 4, 5, 6, 7, 8], '<<^>^<'], 12, 7, 6, True], [[[0, 1, 2, 3, 4, 5, 6, 7, 8], 'v>^<^<'], 17, 9, 6, True], [[[0, 1, 2, 3, 4, 5, 6, 7, 8], '^^'], 4, 3, 2, True], [[[0, 1, 2, 3, 4, 5, 6, 7, 8], 'v<v<^^'], 12, 7, 6, True], [[[0, 1, 2, 3, 4, 5, 6, 7, 8], '<'], 3, 2, 1, True], [[[0, 1, 2, 3, 4, 5, 6, 7, 8], '^<<'], 6, 4, 3, True], [[[0, 1, 2, 3, 4, 5, 6, 7, 8], '<v<^'], 9, 5, 4, True], [[[0, 1, 2, 3, 4, 5, 6, 7, 8], 'v>^<^<'], 17, 9, 6, True], [[[0, 1, 2, 3, 4, 5, 6, 7, 8], '<vv>>^<^<'], 17, 10, 9, True], [[[0, 1, 2, 3, 4, 5, 6, 7, 8], '>^<^'], 9, 5, 4, True], [[[0, 1, 2, 3, 4, 5, 6, 7, 8], '<<^^'], 7, 5, 4, True], [[[0, 1, 2, 3, 4, 5, 6, 7, 8], '<^>vv>^^<<'], 41, 24, 10, True], [[[0, 1, 2, 3, 4, 5, 6, 7, 8], '>>^<^<'], 12, 7, 6, True], [[[0, 1, 2, 3, 4, 5, 6, 7, 8], '<^<'], 8, 4, 3, True], [[[0, 1, 2, 3, 4, 5, 6, 7, 8], '<<vv>^^>v<^<'], 38, 22, 12, True], [[[0, 1, 2, 3, 4, 5, 6, 7, 8], '<<^>v<^^>v<^'], 51, 29, 12, True], [[[0, 1, 2, 3, 4, 5, 6, 7, 8], 'vv<<^^'], 10, 7, 6, True], [[[0, 1, 2, 3, 4, 5, 6, 7, 8], '>^^<<'], 9, 6, 5, True], [[[0, 1, 2, 3, 4, 5, 6, 7, 8], '<v<^'], 9, 5, 4, True], [[[0, 1, 2, 3, 4, 5, 6, 7, 8], 'v<v<^^'], 12, 7, 6, True], [[[0, 1, 2, 3, 4, 5, 6, 7, 8], 'v<^>v<<^'], 38, 20, 8, True], [[[0, 1, 2, 3, 4, 5, 6, 7, 8], '<<^^'], 7, 5, 4, True], [[[0, 1, 2, 3, 4, 5, 6, 7, 8], '^>^<'], 9, 5, 4, True], [[[0, 1, 2, 3, 4, 5, 6, 7, 8], '>>v<<^'], 12, 7, 6, True], [[[0, 1, 2, 3, 4, 5, 6, 7, 8], 'vv<^>^<<'], 23, 13, 8, True], [[[0, 1, 2, 3, 4, 5, 6, 7, 8], 'v>>^<^<'], 14, 8, 7, True], [[[0, 1, 2, 3, 4, 5, 6, 7, 8], '^>^<'], 9, 5, 4, True], [[[0, 1, 2, 3, 4, 5, 6, 7, 8], '<'], 3, 2, 1, True], [[[0, 1, 2, 3, 4, 5, 6, 7, 8], '<^>v<^'], 24, 12, 6, True], [[[0, 1, 2, 3, 4, 5, 6, 7, 8], '^<v<v>^^<'], 37, 20, 9, True], [[[0, 1, 2, 3, 4, 5, 6, 7, 8], '<^>v<<^^'], 19, 12, 8, True], [[[0, 1, 2, 3, 4, 5, 6, 7, 8], 'v<^>^<v>>^<<'], 52, 30, 12, True], [[[0, 1, 2, 3, 4, 5, 6, 7, 8], '^>^<'], 9, 5, 4, True], [[[0, 1, 2, 3, 4, 5, 6, 7, 8], '>>v<<^'], 12, 7, 6, True], [[[0, 1, 2, 3, 4, 5, 6, 7, 8], 'vv<^<^'], 12, 7, 6, True], [[[0, 1, 2, 3, 4, 5, 6, 7, 8], 'v<^<vv>>^^<<'], 30, 19, 12, True], [[[0, 1, 2, 3, 4, 5, 6, 7, 8], 'v<^^<'], 11, 6, 5, True], [[[0, 1, 2, 3, 4, 5, 6, 7, 8], '^<^>v<^'], 26, 13, 7, True], [[[0, 1, 2, 3, 4, 5, 6, 7, 8], '<v>^>v<<^>^<'], 59, 35, 12, True], [[[0, 1, 2, 3, 4, 5, 6, 7, 8], '>^^>v<<^'], 20, 11, 8, True], [[[0, 1, 2, 3, 4, 5, 6, 7, 8], '<^<^'], 9, 5, 4, True], [[[0, 1, 2, 3, 4, 5, 6, 7, 8], '^<<'], 6, 4, 3, True], [[[0, 1, 2, 3, 4, 5, 6, 7, 8], 'v<<^'], 9, 5, 4, True], [[[0, 1, 2, 3, 4, 5, 6, 7, 8], '^^<v<^'], 12, 7, 6, True], [[[0, 1, 2, 3, 4, 5, 6, 7, 8], '<^>v<^<^'], 33, 18, 8, True], [[[0, 1, 2, 3, 4, 5, 6, 7, 8], 'vv<^<^'], 12, 7, 6, True], [[[0, 1, 2, 3, 4, 5, 6, 7, 8], '^>^<'], 9, 5, 4, True], [[[0, 1, 2, 3, 4, 5, 6, 7, 8], '<<^>vv<^^'], 24, 13, 9, True], [[[0, 1, 2, 3, 4, 5, 6, 7, 8], '<'], 3, 2, 1, True], [[[0, 1, 2, 3, 4, 5, 6, 7, 8], 'v>^<^>v<^'], 32, 17, 9, True], [[[0, 1, 2, 3, 4, 5, 6, 7, 8], '^>v<<^'], 17, 9, 6, True], [[[0, 1, 2, 3, 4, 5, 6, 7, 8], '^>>v<<^'], 14, 8, 7, True], [[[0, 1, 2, 3, 4, 5, 6, 7, 8], 'v<<v>^^<'], 20, 11, 8, True], [[[0, 1, 2, 3, 4, 5, 6, 7, 8], '<^<v>^^<'], 20, 11, 8, True], [[[0, 1, 2, 3, 4, 5, 6, 7, 8], '>^<vv<^^'], 23, 13, 8, True], [[[0, 1, 2, 3, 4, 5, 6, 7, 8], '>^<'], 8, 4, 3, True], [[[0, 1, 2, 3, 4, 5, 6, 7, 8], '<<^>^<'], 12, 7, 6, True], [[[0, 1, 2, 3, 4, 5, 6, 7, 8], '^>>v<<v>^<^'], 26, 15, 11, True], [[[0, 1, 2, 3, 4, 5, 6, 7, 8], 'v<^>^<<'], 18, 11, 7, True], [[[0, 1, 2, 3, 4, 5, 6, 7, 8], 'v<<^^'], 9, 6, 5, True], [[[0, 1, 2, 3, 4, 5, 6, 7, 8], '^<^>v<^'], 26, 13, 7, True], [[[0, 1, 2, 3, 4, 5, 6, 7, 8], '>^<'], 8, 4, 3, True], [[[0, 1, 2, 3, 4, 5, 6, 7, 8], '<vv>^^<'], 14, 8, 7, True], [[[0, 1, 2, 3, 4, 5, 6, 7, 8], '<vv>^^<'], 14, 8, 7, True], [[[0, 1, 2, 3, 4, 5, 6, 7, 8], '^^<'], 8, 4, 3, True], [[[0, 1, 2, 3, 4, 5, 6, 7, 8], '>^^<'], 9, 5, 4, True], [[[0, 1, 2, 3, 4, 5, 6, 7, 8], '^'], 3, 2, 1, True], [[[0, 1, 2, 3, 4, 5, 6, 7, 8], '<^<v>>^<^<'], 29, 16, 10, True], [[[0, 1, 2, 3, 4, 5, 6, 7, 8], '<<'], 4, 3, 2, True], [[[0, 1, 2, 3, 4, 5, 6, 7, 8], 'v<^<'], 9, 5, 4, True], [[[0, 1, 2, 3, 4, 5, 6, 7, 8], '^>v<v<^^'], 23, 13, 8, True], [[[0, 1, 2, 3, 4, 5, 6, 7, 8], '<<v>>^<v<^^'], 51, 30, 11, True], [[[0, 1, 2, 3, 4, 5, 6, 7, 8], '>v<^'], 9, 5, 4, True], [[[0, 1, 2, 3, 4, 5, 6, 7, 8], '>^<^>v<<^'], 22, 12, 9, True], [[[0, 1, 2, 3, 4, 5, 6, 7, 8], '<v>^<<'], 13, 8, 6, True], [[[0, 1, 2, 3, 4, 5, 6, 7, 8], 'v<v>^<^'], 17, 9, 7, True], [[[0, 1, 2, 3, 4, 5, 6, 7, 8], 'v<<^^'], 9, 6, 5, True], [[[0, 1, 2, 3, 4, 5, 6, 7, 8], 'vv>^>v<^^<'], 23, 13, 10, True], [[[0, 1, 2, 3, 4, 5, 6, 7, 8], '<'], 3, 2, 1, True], [[[0, 1, 2, 3, 4, 5, 6, 7, 8], '<<'], 4, 3, 2, True], [[[0, 1, 2, 3, 4, 5, 6, 7, 8], '<v>v<<^^'], 15, 9, 8, True], [[[0, 1, 2, 3, 4, 5, 6, 7, 8], '^<vv<^^'], 14, 8, 7, True], [[[0, 1, 2, 3, 4, 5, 6, 7, 8], '<<^'], 8, 4, 3, True], [[[0, 1, 2, 3, 4, 5, 6, 7, 8], '<v<^>vv<^^'], 37, 21, 10, True], [[[0, 1, 2, 3, 4, 5, 6, 7, 8], '^<<'], 6, 4, 3, True], [[[0, 1, 2, 3, 4, 5, 6, 7, 8], '<^>>^<<'], 14, 8, 7, True], [[[0, 1, 2, 3, 4, 5, 6, 7, 8], '<<^'], 8, 4, 3, True], [[[0, 1, 2, 3, 4, 5, 6, 7, 8], '<<^>>v<^<^'], 28, 15, 10, True], [[[0, 1, 2, 3, 4, 5, 6, 7, 8], '>>^<^<'], 12, 7, 6, True], [[[0, 1, 2, 3, 4, 5, 6, 7, 8], '<<^'], 8, 4, 3, True], [[[0, 1, 2, 3, 4, 5, 6, 7, 8], '<<v>>^<^<'], 19, 10, 9, True], [[[0, 1, 2, 3, 4, 5, 6, 7, 8], 'v<^<^>>vv<^^<'], 57, 33, 13, True], [[[0, 1, 2, 3, 4, 5, 6, 7, 8], '^^<'], 8, 4, 3, True], [[[0, 1, 2, 3, 4, 5, 6, 7, 8], 'v<^'], 8, 4, 3, True], [[[0, 1, 2, 3, 4, 5, 6, 7, 8], '>vv<<^>^<'], 18, 11, 9, True], [[[0, 1, 2, 3, 4, 5, 6, 7, 8], '^<v>>^<vv<^^'], 47, 28, 12, True], [[[0, 1, 2, 3, 4, 5, 6, 7, 8], '^<v>^^<'], 19, 10, 7, True], [[[0, 1, 2, 3, 4, 5, 6, 7, 8], 'v>^<^'], 12, 7, 5, True], [[[0, 1, 2, 3, 4, 5, 6, 7, 8], 'v<v>^>^<<'], 26, 15, 9, True], [[[0, 1, 2, 3, 4, 5, 6, 7, 8], '<^'], 6, 3, 2, True], [[[0, 1, 2, 3, 4, 5, 6, 7, 8], 'v<^<^'], 11, 6, 5, True], [[[0, 1, 2, 3, 4, 5, 6, 7, 8], 'v>^^>v<<^'], 23, 13, 9, True], [[[0, 1, 2, 3, 4, 5, 6, 7, 8], '<^>>v<^<'], 24, 13, 8, True], [[[0, 1, 2, 3, 4, 5, 6, 7, 8], '<v>v<^^'], 21, 12, 7, True], [[[0, 1, 2, 3, 4, 5, 6, 7, 8], '>^>^<v<^'], 20, 11, 8, True], [[[0, 1, 2, 3, 4, 5, 6, 7, 8], 'v>v<^^'], 14, 8, 6, True], [[[0, 1, 2, 3, 4, 5, 6, 7, 8], 'v>^<v<^^'], 21, 12, 8, True], [[[0, 1, 2, 3, 4, 5, 6, 7, 8], '<<'], 4, 3, 2, True], [[[0, 1, 2, 3, 4, 5, 6, 7, 8], 'v>v<^^<'], 20, 11, 7, True], [[[0, 1, 2, 3, 4, 5, 6, 7, 8], '<^>>^<<'], 14, 8, 7, True], [[[0, 1, 2, 3, 4, 5, 6, 7, 8], '>>vv<<^>^<'], 20, 12, 10, True], [[[0, 1, 2, 3, 4, 5, 6, 7, 8], '>>^<^<'], 12, 7, 6, True], [[[0, 1, 2, 3, 4, 5, 6, 7, 8], '>v<<^^'], 12, 7, 6, True], [[[0, 1, 2, 3, 4, 5, 6, 7, 8], '>^>v<<^^'], 26, 15, 8, True], [[[0, 1, 2, 3, 4, 5, 6, 7, 8], '^<<'], 6, 4, 3, True], [[[0, 1, 2, 3, 4, 5, 6, 7, 8], '>v>^^<<'], 14, 8, 7, True], [[[0, 1, 2, 3, 4, 5, 6, 7, 8], ''], 0, 1, 0, True], [[[0, 1, 2, 3, 4, 5, 6, 7, 8], 'vv<<^^>>v<^<'], 40, 21, 12, True], [[[0, 1, 2, 3, 4, 5, 6, 7, 8], '^^'], 4, 3, 2, True], [[[0, 1, 2, 3, 4, 5, 6, 7, 8], ''], 0, 1, 0, True], [[[0, 1, 2, 3, 4, 5, 6, 7, 8], '>^<v<^>>v<<^^'], 70, 42, 13, True], [[[0, 1, 2, 3, 4, 5, 6, 7, 8], '^'], 3, 2, 1, True], [[[0, 1, 2, 3, 4, 5, 6, 7, 8], '<^<vv>^^>vv<<^^'], 178, 105, 15, True], [[[0, 1, 2, 3, 4, 5, 6, 7, 8], '^<<v>^<'], 14, 8, 7, True], [[[0, 1, 2, 3, 4, 5, 6, 7, 8], '<^<v>^^<'], 20, 11, 8, True], [[[0, 1, 2, 3, 4, 5, 6, 7, 8], '^^'], 4, 3, 2, True], [[[0, 1, 2, 3, 4, 5, 6, 7, 8], '>>v<^<'], 14, 8, 6, True], [[[0, 1, 2, 3, 4, 5, 6, 7, 8], 'v>>^^<v<^'], 18, 11, 9, True], [[[0, 1, 2, 3, 4, 5, 6, 7, 8], '^^<'], 8, 4, 3, True], [[[0, 1, 2, 3, 4, 5, 6, 7, 8], '>>v<^<'], 14, 8, 6, True], [[[0, 1, 2, 3, 4, 5, 6, 7, 8], 'vv>^<<^'], 19, 10, 7, True], [[[0, 1, 2, 3, 4, 5, 6, 7, 8], '<<v>>v<<^^'], 33, 20, 10, True], [[[0, 1, 2, 3, 4, 5, 6, 7, 8], '<'], 3, 2, 1, True], [[[0, 1, 2, 3, 4, 5, 6, 7, 8], '>v>^<<'], 14, 8, 6, True], [[[0, 1, 2, 3, 4, 5, 6, 7, 8], '^<<v>^<^'], 18, 10, 8, True], [[[0, 1, 2, 3, 4, 5, 6, 7, 8], '^<^'], 8, 4, 3, True], [[[0, 1, 2, 3, 4, 5, 6, 7, 8], '>>^^<<v>^<'], 18, 11, 10, True], [[[0, 1, 2, 3, 4, 5, 6, 7, 8], 'v>v<^^<'], 20, 11, 7, True], [[[0, 1, 2, 3, 4, 5, 6, 7, 8], '>^<'], 8, 4, 3, True], [[[0, 1, 2, 3, 4, 5, 6, 7, 8], '<v<^>^<vv>^^<'], 100, 54, 13, True], [[[0, 1, 2, 3, 4, 5, 6, 7, 8], '<'], 3, 2, 1, True], [[[0, 1, 2, 3, 4, 5, 6, 7, 8], '^<v<^'], 11, 6, 5, True], [[[0, 1, 2, 3, 4, 5, 6, 7, 8], '>v<v>>^<^<'], 38, 20, 10, True], [[[0, 1, 2, 3, 4, 5, 6, 7, 8], '>>vv<^<^'], 15, 9, 8, True], [[[0, 1, 2, 3, 4, 5, 6, 7, 8], '^<vv>>^^<v>^<<'], 91, 54, 14, True], [[[0, 1, 2, 3, 4, 5, 6, 7, 8], '>>v<<^'], 12, 7, 6, True], [[[0, 1, 2, 3, 4, 5, 6, 7, 8], '>^<v>>^^<<'], 25, 16, 10, True], [[[0, 1, 2, 3, 4, 5, 6, 7, 8], '<^>v<<^^'], 19, 12, 8, True], [[[0, 1, 2, 3, 4, 5, 6, 7, 8], '<^>v>^<<'], 28, 16, 8, True], [[[0, 1, 2, 3, 4, 5, 6, 7, 8], '<v<^'], 9, 5, 4, True], [[[0, 1, 2, 3, 4, 5, 6, 7, 8], '<vv>^<^<'], 22, 12, 8, True], [[[0, 1, 2, 3, 4, 5, 6, 7, 8], '<v<^'], 9, 5, 4, True], [[[0, 1, 2, 3, 4, 5, 6, 7, 8], '>vv>^^<<'], 17, 10, 8, True], [[[0, 1, 2, 3, 4, 5, 6, 7, 8], '<<'], 4, 3, 2, True], [[[0, 1, 2, 3, 4, 5, 6, 7, 8], '^>v<^^'], 13, 8, 6, True], [[[0, 1, 2, 3, 4, 5, 6, 7, 8], '^>v<<^'], 17, 9, 6, True], [[[0, 1, 2, 3, 4, 5, 6, 7, 8], '<^<^'], 9, 5, 4, True], [[[0, 1, 2, 3, 4, 5, 6, 7, 8], '>^>vv<^<^'], 28, 16, 9, True], [[[0, 1, 2, 3, 4, 5, 6, 7, 8], '^<<vv>>^^<<'], 18, 12, 11, True], [[[0, 1, 2, 3, 4, 5, 6, 7, 8], '<<vv>>^<v<^^'], 82, 47, 12, True], [[[0, 1, 2, 3, 4, 5, 6, 7, 8], '>^<<'], 9, 5, 4, True], [[[0, 1, 2, 3, 4, 5, 6, 7, 8], '^^'], 4, 3, 2, True], [[[0, 1, 2, 3, 4, 5, 6, 7, 8], 'v>^<<^'], 17, 9, 6, True], [[[0, 1, 2, 3, 4, 5, 6, 7, 8], '>^^<v<v>^^<'], 40, 22, 11, True], [[[0, 1, 2, 3, 4, 5, 6, 7, 8], 'v<^'], 8, 4, 3, True], [[[0, 1, 2, 3, 4, 5, 6, 7, 8], '^^<vv<^^'], 15, 9, 8, True], [[[0, 1, 2, 3, 4, 5, 6, 7, 8], '>v>^<<^'], 20, 11, 7, True], [[[0, 1, 2, 3, 4, 5, 6, 7, 8], '^<^<'], 9, 5, 4, True], [[[0, 1, 2, 3, 4, 5, 6, 7, 8], '<^<vv>^^<'], 19, 10, 9, True], [[[0, 1, 2, 3, 4, 5, 6, 7, 8], '<^>>v<^^<'], 22, 12, 9, True], [[[0, 1, 2, 3, 4, 5, 6, 7, 8], 'vv<^<^'], 12, 7, 6, True], [[[0, 1, 2, 3, 4, 5, 6, 7, 8], '<<v>^^<'], 19, 10, 7, True], [[[0, 1, 2, 3, 4, 5, 6, 7, 8], '<v>>^^<<'], 15, 9, 8, True], [[[0, 1, 2, 3, 4, 5, 6, 7, 8], '^<<v>^<^'], 18, 10, 8, True], [[[0, 1, 2, 3, 4, 5, 6, 7, 8], '^<<^'], 9, 5, 4, True], [[[0, 1, 2, 3, 4, 5, 6, 7, 8], 'vv<<^^'], 10, 7, 6, True], [[[0, 1, 2, 3, 4, 5, 6, 7, 8], '<<'], 4, 3, 2, True], [[[0, 1, 2, 3, 4, 5, 6, 7, 8], '^>vv>^<<^'], 22, 12, 9, True], [[[0, 1, 2, 3, 4, 5, 6, 7, 8], '<^^>v<^'], 14, 8, 7, True], [[[0, 1, 2, 3, 4, 5, 6, 7, 8], '<^^>>v<^<'], 24, 13, 9, True], [[[0, 1, 2, 3, 4, 5, 6, 7, 8], '^<^>v<<^'], 20, 11, 8, True], [[[0, 1, 2, 3, 4, 5, 6, 7, 8], '<v<^>>v<<^^'], 43, 26, 11, True], [[[0, 1, 2, 3, 4, 5, 6, 7, 8], '<^>v<^^'], 24, 14, 7, True], [[[0, 1, 2, 3, 4, 5, 6, 7, 8], '>^>^<<v>^<'], 22, 12, 10, True], [[[0, 1, 2, 3, 4, 5, 6, 7, 8], '>>^<v<^^'], 23, 13, 8, True], [[[0, 1, 2, 3, 4, 5, 6, 7, 8], 'v<<^'], 9, 5, 4, True], [[[0, 1, 2, 3, 4, 5, 6, 7, 8], '<<^^'], 7, 5, 4, True], [[[0, 1, 2, 3, 4, 5, 6, 7, 8], '<v>v>^<^>vv<^^<'], 106, 63, 15, True], [[[0, 1, 2, 3, 4, 5, 6, 7, 8], '^<vv>>^^<<'], 18, 11, 10, True], [[[0, 1, 2, 3, 4, 5, 6, 7, 8], '>vv<<^^'], 12, 8, 7, True], [[[0, 1, 2, 3, 4, 5, 6, 7, 8], '>v<^'], 9, 5, 4, True], [[[0, 1, 2, 3, 4, 5, 6, 7, 8], 'v<^^'], 9, 5, 4, True], [[[0, 1, 2, 3, 4, 5, 6, 7, 8], '^^<'], 8, 4, 3, True], [[[0, 1, 2, 3, 4, 5, 6, 7, 8], '^<v>^>v<<^^'], 58, 35, 11, True], [[[0, 1, 2, 3, 4, 5, 6, 7, 8], 'v>v<^^<'], 20, 11, 7, True], [[[0, 1, 2, 3, 4, 5, 6, 7, 8], '<<'], 4, 3, 2, True], [[[0, 1, 2, 3, 4, 5, 6, 7, 8], '>^<'], 8, 4, 3, True], [[[0, 1, 2, 3, 4, 5, 6, 7, 8], '>>v<<^'], 12, 7, 6, True], [[[0, 1, 2, 3, 4, 5, 6, 7, 8], '<v<v>^<^'], 18, 10, 8, True], [[[0, 1, 2, 3, 4, 5, 6, 7, 8], '^'], 3, 2, 1, True], [[[0, 1, 2, 3, 4, 5, 6, 7, 8], '^'], 3, 2, 1, True], [[[0, 1, 2, 3, 4, 5, 6, 7, 8], '^^>>v<<^'], 15, 9, 8, True], [[[0, 1, 2, 3, 4, 5, 6, 7, 8], '>v<^'], 9, 5, 4, True], [[[0, 1, 2, 3, 4, 5, 6, 7, 8], '<v>^<^'], 15, 8, 6, True], [[[0, 1, 2, 3, 4, 5, 6, 7, 8], '<v>>^<^<'], 17, 9, 8, True], [[[0, 1, 2, 3, 4, 5, 6, 7, 8], '^>v<^'], 11, 6, 5, True], [[[0, 1, 2, 3, 4, 5, 6, 7, 8], '<vv<^>^<'], 22, 12, 8, True], [[[0, 1, 2, 3, 4, 5, 6, 7, 8], '>^<vv<^^'], 23, 13, 8, True], [[[0, 1, 2, 3, 4, 5, 6, 7, 8], ''], 0, 1, 0, True], [[[0, 1, 2, 3, 4, 5, 6, 7, 8], 'v>^<<'], 12, 7, 5, True], [[[0, 1, 2, 3, 4, 5, 6, 7, 8], '>^<vv>^<<^'], 31, 17, 10, True], [[[0, 1, 2, 3, 4, 5, 6, 7, 8], '^^<v>v<^^<'], 45, 25, 10, True], [[[0, 1, 2, 3, 4, 5, 6, 7, 8], 'v<^'], 8, 4, 3, True], [[[0, 1, 2, 3, 4, 5, 6, 7, 8], '^>^<'], 9, 5, 4, True], [[[0, 1, 2, 3, 4, 5, 6, 7, 8], '>v>v<<^^'], 15, 9, 8, True], [[[0, 1, 2, 3, 4, 5, 6, 7, 8], '<^>v<^'], 24, 12, 6, True], [[[0, 1, 2, 3, 4, 5, 6, 7, 8], '>v<v>>^<<^'], 21, 12, 10, True], [[[0, 1, 2, 3, 4, 5, 6, 7, 8], '>>vv<^^>v<^<'], 39, 22, 12, True], [[[0, 1, 2, 3, 4, 5, 6, 7, 8], '>vv<<^^'], 12, 8, 7, True], [[[0, 1, 2, 3, 4, 5, 6, 7, 8], 'vv>^<^>v<<^'], 34, 19, 11, True], [[[0, 1, 2, 3, 4, 5, 6, 7, 8], '^<v>^>^<<'], 25, 14, 9, True], [[[0, 1, 2, 3, 4, 5, 6, 7, 8], '^^<<'], 7, 5, 4, True], [[[0, 1, 2, 3, 4, 5, 6, 7, 8], '>^<<^'], 11, 6, 5, True], [[[0, 1, 2, 3, 4, 5, 6, 7, 8], '<^^<vv>^<^'], 28, 16, 10, True], [[[0, 1, 2, 3, 4, 5, 6, 7, 8], ''], 0, 1, 0, True], [[[0, 1, 2, 3, 4, 5, 6, 7, 8], '<<^'], 8, 4, 3, True], [[[0, 1, 2, 3, 4, 5, 6, 7, 8], '^<<v>^<'], 14, 8, 7, True], [[[0, 1, 2, 3, 4, 5, 6, 7, 8], '^^>v>^<<'], 23, 13, 8, True], [[[0, 1, 2, 3, 4, 5, 6, 7, 8], '<v>>^<v<^^'], 47, 28, 10, True], [[[0, 1, 2, 3, 4, 5, 6, 7, 8], 'v>v<^^<'], 20, 11, 7, True], [[[0, 1, 2, 3, 4, 5, 6, 7, 8], 'v<v<^^'], 12, 7, 6, True], [[[0, 1, 2, 3, 4, 5, 6, 7, 8], '>v<^^'], 12, 7, 5, True], [[[0, 1, 2, 3, 4, 5, 6, 7, 8], '^<v>v>^<^<'], 60, 32, 10, True], [[[0, 1, 2, 3, 4, 5, 6, 7, 8], '<v>^<<^'], 19, 10, 7, True], [[[0, 1, 2, 3, 4, 5, 6, 7, 8], '>>v<^<'], 14, 8, 6, True], [[[0, 1, 2, 3, 4, 5, 6, 7, 8], '<v>v<^^'], 21, 12, 7, True], [[[0, 1, 2, 3, 4, 5, 6, 7, 8], '<^'], 6, 3, 2, True], [[[0, 1, 2, 3, 4, 5, 6, 7, 8], '>^^<'], 9, 5, 4, True], [[[0, 1, 2, 3, 4, 5, 6, 7, 8], 'v>^>v<<^'], 30, 16, 8, True], [[[0, 1, 2, 3, 4, 5, 6, 7, 8], '<v>^<<^'], 19, 10, 7, True], [[[0, 1, 2, 3, 4, 5, 6, 7, 8], '>^<'], 8, 4, 3, True], [[[0, 1, 2, 3, 4, 5, 6, 7, 8], 'v<^^<'], 11, 6, 5, True], [[[0, 1, 2, 3, 4, 5, 6, 7, 8], '^^<'], 8, 4, 3, True], [[[0, 1, 2, 3, 4, 5, 6, 7, 8], '^>v<v>^<<^'], 31, 17, 10, True], [[[0, 1, 2, 3, 4, 5, 6, 7, 8], '<<v>>^<v<^'], 40, 22, 10, True], [[[0, 1, 2, 3, 4, 5, 6, 7, 8], 'v>v<^>>^<<'], 26, 15, 10, True], [[[0, 1, 2, 3, 4, 5, 6, 7, 8], '>>v<<^>^<'], 19, 10, 9, True], [[[0, 1, 2, 3, 4, 5, 6, 7, 8], 'v<v<^^'], 12, 7, 6, True], [[[0, 1, 2, 3, 4, 5, 6, 7, 8], '<vv>>^^<v<v>>^<^<'], 69, 41, 17, True], [[[0, 1, 2, 3, 4, 5, 6, 7, 8], '>v<^^<'], 17, 9, 6, True], [[[0, 1, 2, 3, 4, 5, 6, 7, 8], '>^^<'], 9, 5, 4, True], [[[0, 1, 2, 3, 4, 5, 6, 7, 8], '>>vv<^>^<<'], 42, 23, 10, True], [[[0, 1, 2, 3, 4, 5, 6, 7, 8], '^^'], 4, 3, 2, True], [[[0, 1, 2, 3, 4, 5, 6, 7, 8], '>^<v>^^<<'], 36, 21, 9, True], [[[0, 1, 2, 3, 4, 5, 6, 7, 8], '>v<^^<'], 17, 9, 6, True], [[[0, 1, 2, 3, 4, 5, 6, 7, 8], '^'], 3, 2, 1, True], [[[0, 1, 2, 3, 4, 5, 6, 7, 8], '^<<'], 6, 4, 3, True], [[[0, 1, 2, 3, 4, 5, 6, 7, 8], '<vv<^^'], 12, 7, 6, True], [[[0, 1, 2, 3, 4, 5, 6, 7, 8], '^<<^'], 9, 5, 4, True], [[[0, 1, 2, 3, 4, 5, 6, 7, 8], 'v<<v>^<^'], 18, 10, 8, True], [[[0, 1, 2, 3, 4, 5, 6, 7, 8], ''], 0, 1, 0, True], [[[0, 1, 2, 3, 4, 5, 6, 7, 8], ''], 0, 1, 0, True], [[[0, 1, 2, 3, 4, 5, 6, 7, 8], '>v<v<^^'], 14, 8, 7, True], [[[0, 1, 2, 3, 4, 5, 6, 7, 8], '^>^<<'], 11, 6, 5, True], [[[0, 1, 2, 3, 4, 5, 6, 7, 8], '>^<<^'], 11, 6, 5, True], [[[0, 1, 2, 3, 4, 5, 6, 7, 8], '^<<v>^<^'], 18, 10, 8, True], [[[0, 1, 2, 3, 4, 5, 6, 7, 8], '^<v<^^'], 12, 7, 6, True], [[[0, 1, 2, 3, 4, 5, 6, 7, 8], 'v>^^<'], 11, 6, 5, True], [[[0, 1, 2, 3, 4, 5, 6, 7, 8], 'v>>^^<<v>^<'], 23, 13, 11, True], [[[0, 1, 2, 3, 4, 5, 6, 7, 8], '^<^'], 8, 4, 3, True], [[[0, 1, 2, 3, 4, 5, 6, 7, 8], '^<<'], 6, 4, 3, True], [[[0, 1, 2, 3, 4, 5, 6, 7, 8], '<<^^'], 7, 5, 4, True], [[[0, 1, 2, 3, 4, 5, 6, 7, 8], '<^^<'], 9, 5, 4, True], [[[0, 1, 2, 3, 4, 5, 6, 7, 8], '<^<^'], 9, 5, 4, True], [[[0, 1, 2, 3, 4, 5, 6, 7, 8], 'v<^<^'], 11, 6, 5, True], [[[0, 1, 2, 3, 4, 5, 6, 7, 8], '<^^'], 6, 4, 3, True], [[[0, 1, 2, 3, 4, 5, 6, 7, 8], '^^<'], 8, 4, 3, True], [[[0, 1, 2, 3, 4, 5, 6, 7, 8], '>vv<^^<'], 15, 9, 7, True], [[[0, 1, 2, 3, 4, 5, 6, 7, 8], 'v>^<^>v<^'], 32, 17, 9, True], [[[0, 1, 2, 3, 4, 5, 6, 7, 8], '>vv<<^>^<'], 18, 11, 9, True], [[[0, 1, 2, 3, 4, 5, 6, 7, 8], '>v<^^'], 12, 7, 5, True], [[[0, 1, 2, 3, 4, 5, 6, 7, 8], '^<^>v<<^'], 20, 11, 8, True], [[[0, 1, 2, 3, 4, 5, 6, 7, 8], '^<^'], 8, 4, 3, True], [[[0, 1, 2, 3, 4, 5, 6, 7, 8], 'v<^>>v<^<^'], 40, 23, 10, True], [[[0, 1, 2, 3, 4, 5, 6, 7, 8], '>v<^<'], 12, 7, 5, True], [[[0, 1, 2, 3, 4, 5, 6, 7, 8], '<^<^'], 9, 5, 4, True], [[[0, 1, 2, 3, 4, 5, 6, 7, 8], '<v>^<^<'], 19, 10, 7, True], [[[0, 1, 2, 3, 4, 5, 6, 7, 8], '<v>^<<^'], 19, 10, 7, True], [[[0, 1, 2, 3, 4, 5, 6, 7, 8], '>^<<^'], 11, 6, 5, True], [[[0, 1, 2, 3, 4, 5, 6, 7, 8], '^<^>v<^'], 26, 13, 7, True], [[[0, 1, 2, 3, 4, 5, 6, 7, 8], '<^>>v<^<^'], 26, 14, 9, True], [[[0, 1, 2, 3, 4, 5, 6, 7, 8], '<vv<^^'], 12, 7, 6, True], [[[0, 1, 2, 3, 4, 5, 6, 7, 8], '^>v<v>^<^<'], 29, 16, 10, True], [[[0, 1, 2, 3, 4, 5, 6, 7, 8], '^<vv>>^^<<'], 18, 11, 10, True], [[[0, 1, 2, 3, 4, 5, 6, 7, 8], '<v>v>^<^<'], 22, 12, 9, True], [[[0, 1, 2, 3, 4, 5, 6, 7, 8], '>^^<'], 9, 5, 4, True], [[[0, 1, 2, 3, 4, 5, 6, 7, 8], 'v>^>v<^<^'], 23, 13, 9, True], [[[0, 1, 2, 3, 4, 5, 6, 7, 8], 'v>^<<'], 12, 7, 5, True], [[[0, 1, 2, 3, 4, 5, 6, 7, 8], '^>^>v<<^'], 25, 14, 8, True], [[[0, 1, 2, 3, 4, 5, 6, 7, 8], '^>^<'], 9, 5, 4, True], [[[0, 1, 2, 3, 4, 5, 6, 7, 8], 'v<^^'], 9, 5, 4, True], [[[0, 1, 2, 3, 4, 5, 6, 7, 8], '<<^>>v<<^^'], 19, 12, 10, True], [[[0, 1, 2, 3, 4, 5, 6, 7, 8], '>>^<^>v<^<'], 31, 18, 10, True], [[[0, 1, 2, 3, 4, 5, 6, 7, 8], '^<'], 6, 3, 2, True], [[[0, 1, 2, 3, 4, 5, 6, 7, 8], 'v<^<'], 9, 5, 4, True], [[[0, 1, 2, 3, 4, 5, 6, 7, 8], '^>v<v>^^<'], 45, 24, 9, True], [[[0, 1, 2, 3, 4, 5, 6, 7, 8], '^'], 3, 2, 1, True], [[[0, 1, 2, 3, 4, 5, 6, 7, 8], '>v<<^>v<^'], 32, 17, 9, True], [[[0, 1, 2, 3, 4, 5, 6, 7, 8], '<<'], 4, 3, 2, True], [[[0, 1, 2, 3, 4, 5, 6, 7, 8], '^'], 3, 2, 1, True], [[[0, 1, 2, 3, 4, 5, 6, 7, 8], 'v>v<<^^'], 14, 8, 7, True], [[[0, 1, 2, 3, 4, 5, 6, 7, 8], '>>^<^<'], 12, 7, 6, True], [[[0, 1, 2, 3, 4, 5, 6, 7, 8], '>v<^>>v<^<^'], 43, 25, 11, True], [[[0, 1, 2, 3, 4, 5, 6, 7, 8], 'v>^>v<<^'], 30, 16, 8, True], [[[0, 1, 2, 3, 4, 5, 6, 7, 8], 'v<v<^^'], 12, 7, 6, True], [[[0, 1, 2, 3, 4, 5, 6, 7, 8], 'v<^<vv>^<^'], 29, 17, 10, True], [[[0, 1, 2, 3, 4, 5, 6, 7, 8], '^'], 3, 2, 1, True], [[[0, 1, 2, 3, 4, 5, 6, 7, 8], '<<^^'], 7, 5, 4, True], [[[0, 1, 2, 3, 4, 5, 6, 7, 8], '<^>v<^^<'], 31, 17, 8, True], [[[0, 1, 2, 3, 4, 5, 6, 7, 8], '>^<v<^'], 17, 9, 6, True], [[[0, 1, 2, 3, 4, 5, 6, 7, 8], 'vv>^>v<<^^'], 50, 29, 10, True], [[[0, 1, 2, 3, 4, 5, 6, 7, 8], '<^>>^<<'], 14, 8, 7, True], [[[0, 1, 2, 3, 4, 5, 6, 7, 8], 'v<^^<'], 11, 6, 5, True], [[[0, 1, 2, 3, 4, 5, 6, 7, 8], '<<^^'], 7, 5, 4, True], [[[0, 1, 2, 3, 4, 5, 6, 7, 8], '^>^<v<^'], 19, 10, 7, True], [[[0, 1, 2, 3, 4, 5, 6, 7, 8], 'v>>^<<^>v<^'], 35, 19, 11, True], [[[0, 1, 2, 3, 4, 5, 6, 7, 8], '^>^<v>>^<<'], 37, 21, 10, True], [[[0, 1, 2, 3, 4, 5, 6, 7, 8], '^^>>vv<^<^'], 18, 11, 10, True], [[[0, 1, 2, 3, 4, 5, 6, 7, 8], '>^<'], 8, 4, 3, True], [[[0, 1, 2, 3, 4, 5, 6, 7, 8], '^^'], 4, 3, 2, True], [[[0, 1, 2, 3, 4, 5, 6, 7, 8], '<v>^^>v<^<'], 45, 24, 10, True], [[[0, 1, 2, 3, 4, 5, 6, 7, 8], '<vv<^>^<'], 22, 12, 8, True], [[[0, 1, 2, 3, 4, 5, 6, 7, 8], '<^^'], 6, 4, 3, True], [[[0, 1, 2, 3, 4, 5, 6, 7, 8], '>^<v>v<<^^'], 27, 16, 10, True], [[[0, 1, 2, 3, 4, 5, 6, 7, 8], '<vv<^^'], 12, 7, 6, True], [[[0, 1, 2, 3, 4, 5, 6, 7, 8], '<<^'], 8, 4, 3, True], [[[0, 1, 2, 3, 4, 5, 6, 7, 8], '>^>^<v>v<<^^'], 54, 32, 12, True], [[[0, 1, 2, 3, 4, 5, 6, 7, 8], '>v<^>^<'], 19, 10, 7, True], [[[0, 1, 2, 3, 4, 5, 6, 7, 8], '^<^<'], 9, 5, 4, True], [[[0, 1, 2, 3, 4, 5, 6, 7, 8], '^<<'], 6, 4, 3, True], [[[0, 1, 2, 3, 4, 5, 6, 7, 8], '>^<<vv>^<^'], 32, 18, 10, True], [[[0, 1, 2, 3, 4, 5, 6, 7, 8], '>>v<^<v>^^>v<^<'], 64, 36, 15, True], [[[0, 1, 2, 3, 4, 5, 6, 7, 8], '>v>^<^<'], 19, 10, 7, True], [[[0, 1, 2, 3, 4, 5, 6, 7, 8], '>>v<^<'], 14, 8, 6, True], [[[0, 1, 2, 3, 4, 5, 6, 7, 8], '>^<<^>v<^'], 29, 15, 9, True], [[[0, 1, 2, 3, 4, 5, 6, 7, 8], '^'], 3, 2, 1, True], [[[0, 1, 2, 3, 4, 5, 6, 7, 8], '>^^<'], 9, 5, 4, True], [[[0, 1, 2, 3, 4, 5, 6, 7, 8], 'v<v<^^'], 12, 7, 6, True], [[[0, 1, 2, 3, 4, 5, 6, 7, 8], '<^>v<^^'], 24, 14, 7, True], [[[0, 1, 2, 3, 4, 5, 6, 7, 8], '<v>^<'], 11, 6, 5, True], [[[0, 1, 2, 3, 4, 5, 6, 7, 8], '^>>v<^<^'], 22, 12, 8, True], [[[0, 1, 2, 3, 4, 5, 6, 7, 8], '<<^>v<^^'], 25, 15, 8, True], [[[0, 1, 2, 3, 4, 5, 6, 7, 8], '^>^<'], 9, 5, 4, True], [[[0, 1, 2, 3, 4, 5, 6, 7, 8], '<^'], 6, 3, 2, True], [[[0, 1, 2, 3, 4, 5, 6, 7, 8], '<^>v>^^<<'], 24, 15, 9, True], [[[0, 1, 2, 3, 4, 5, 6, 7, 8], '^<^>v<^'], 26, 13, 7, True], [[[0, 1, 2, 3, 4, 5, 6, 7, 8], '<^>>vv<^<^'], 29, 17, 10, True], [[[0, 1, 2, 3, 4, 5, 6, 7, 8], '<^>v<^^'], 24, 14, 7, True], [[[0, 1, 2, 3, 4, 5, 6, 7, 8], '^<'], 6, 3, 2, True], [[[0, 1, 2, 3, 4, 5, 6, 7, 8], '<<'], 4, 3, 2, True], [[[0, 1, 2, 3, 4, 5, 6, 7, 8], '^>^<v<^'], 19, 10, 7, True], [[[0, 1, 2, 3, 4, 5, 6, 7, 8], '^<<^>>v<v<^^'], 23, 13, 12, True], [[[0, 1, 2, 3, 4, 5, 6, 7, 8], '^<<'], 6, 4, 3, True], [[[0, 1, 2, 3, 4, 5, 6, 7, 8], '>vv>^<^<'], 29, 16, 8, True], [[[0, 1, 2, 3, 4, 5, 6, 7, 8], ''], 0, 1, 0, True], [[[0, 1, 2, 3, 4, 5, 6, 7, 8], ''], 0, 1, 0, True], [[[0, 1, 2, 3, 4, 5, 6, 7, 8], 'v<^>^<<'], 18, 11, 7, True], [[[0, 1, 2, 3, 4, 5, 6, 7, 8], '>^<<^'], 11, 6, 5, True], [[[0, 1, 2, 3, 4, 5, 6, 7, 8], '<<^>>^<<vv>^^<'], 126, 73, 14, True], [[[0, 1, 2, 3, 4, 5, 6, 7, 8], '<^^<v>^>v<^<'], 40, 22, 12, True], [[[0, 1, 2, 3, 4, 5, 6, 7, 8], '^^<vv<^>>^<<'], 69, 39, 12, True], [[[0, 1, 2, 3, 4, 5, 6, 7, 8], '^<^'], 8, 4, 3, True], [[[0, 1, 2, 3, 4, 5, 6, 7, 8], '<<^'], 8, 4, 3, True], [[[0, 1, 2, 3, 4, 5, 6, 7, 8], 'vv<<^^'], 10, 7, 6, True], [[[0, 1, 2, 3, 4, 5, 6, 7, 8], '^>^<'], 9, 5, 4, True], [[[0, 1, 2, 3, 4, 5, 6, 7, 8], '<<'], 4, 3, 2, True], [[[0, 1, 2, 3, 4, 5, 6, 7, 8], 'v>>^^<<'], 12, 8, 7, True], [[[0, 1, 2, 3, 4, 5, 6, 7, 8], '<<^>>^<v<^'], 42, 23, 10, True], [[[0, 1, 2, 3, 4, 5, 6, 7, 8], 'v<<^>>^<<'], 21, 13, 9, True], [[[0, 1, 2, 3, 4, 5, 6, 7, 8], '<^^<'], 9, 5, 4, True], [[[0, 1, 2, 3, 4, 5, 6, 7, 8], '^^>v<v>^<^'], 27, 15, 10, True], [[[0, 1, 2, 3, 4, 5, 6, 7, 8], '>^^>vv<^<^'], 20, 11, 10, True], [[[0, 1, 2, 3, 4, 5, 6, 7, 8], '<vv<^^'], 12, 7, 6, True], [[[0, 1, 2, 3, 4, 5, 6, 7, 8], '^>v<^'], 11, 6, 5, True], [[[0, 1, 2, 3, 4, 5, 6, 7, 8], '<v>^<'], 11, 6, 5, True], [[[0, 1, 2, 3, 4, 5, 6, 7, 8], '>>vv<^<^'], 15, 9, 8, True], [[[0, 1, 2, 3, 4, 5, 6, 7, 8], '<v>^<^'], 15, 8, 6, True], [[[0, 1, 2, 3, 4, 5, 6, 7, 8], '<v>^<^'], 15, 8, 6, True], [[[0, 1, 2, 3, 4, 5, 6, 7, 8], '<<'], 4, 3, 2, True], [[[0, 1, 2, 3, 4, 5, 6, 7, 8], '<<^>>v<<^^'], 19, 12, 10, True], [[[0, 1, 2, 3, 4, 5, 6, 7, 8], 'v<<^>vv>^<<^'], 53, 28, 12, True], [[[0, 1, 2, 3, 4, 5, 6, 7, 8], '>^<^>v<^<'], 30, 17, 9, True], [[[0, 1, 2, 3, 4, 5, 6, 7, 8], '^<^'], 8, 4, 3, True], [[[0, 1, 2, 3, 4, 5, 6, 7, 8], '<^>>v<^<v>^^<'], 57, 34, 13, True], [[[0, 1, 2, 3, 4, 5, 6, 7, 8], '>v<v>^<^'], 18, 10, 8, True], [[[0, 1, 2, 3, 4, 5, 6, 7, 8], '>vv<^^'], 12, 7, 6, True], [[[0, 1, 2, 3, 4, 5, 6, 7, 8], '<^>^<<'], 12, 7, 6, True], [[[0, 1, 2, 3, 4, 5, 6, 7, 8], '<'], 3, 2, 1, True], [[[0, 1, 2, 3, 4, 5, 6, 7, 8], '<^>>^<<'], 14, 8, 7, True], [[[0, 1, 2, 3, 4, 5, 6, 7, 8], '<<^'], 8, 4, 3, True], [[[0, 1, 2, 3, 4, 5, 6, 7, 8], '<v<^>v>^<<'], 34, 20, 10, True], [[[0, 1, 2, 3, 4, 5, 6, 7, 8], 'v>>^^<<'], 12, 8, 7, True], [[[0, 1, 2, 3, 4, 5, 6, 7, 8], 'v<<^^'], 9, 6, 5, True], [[[0, 1, 2, 3, 4, 5, 6, 7, 8], 'v>^<^>v<^<'], 39, 22, 10, True], [[[0, 1, 2, 3, 4, 5, 6, 7, 8], '<vv>>^^<v<^'], 24, 14, 11, True], [[[0, 1, 2, 3, 4, 5, 6, 7, 8], '<v<^'], 9, 5, 4, True], [[[0, 1, 2, 3, 4, 5, 6, 7, 8], '<^^'], 6, 4, 3, True], [[[0, 1, 2, 3, 4, 5, 6, 7, 8], '^<v>v<^^'], 28, 16, 8, True], [[[0, 1, 2, 3, 4, 5, 6, 7, 8], '^<^<vv>>^^<<'], 22, 14, 12, True], [[[0, 1, 2, 3, 4, 5, 6, 7, 8], '>v<^<'], 12, 7, 5, True], [[[0, 1, 2, 3, 4, 5, 6, 7, 8], 'v>>v<^^<'], 20, 11, 8, True], [[[0, 1, 2, 3, 4, 5, 6, 7, 8], '>^^<'], 9, 5, 4, True], [[[0, 1, 2, 3, 4, 5, 6, 7, 8], '<<^>>^<<'], 15, 9, 8, True], [[[0, 1, 2, 3, 4, 5, 6, 7, 8], '^^<'], 8, 4, 3, True], [[[0, 1, 2, 3, 4, 5, 6, 7, 8], '^>vv<^^'], 14, 8, 7, True], [[[0, 1, 2, 3, 4, 5, 6, 7, 8], '>^^<'], 9, 5, 4, True], [[[0, 1, 2, 3, 4, 5, 6, 7, 8], '>v<<^^'], 12, 7, 6, True], [[[0, 1, 2, 3, 4, 5, 6, 7, 8], '^>^<'], 9, 5, 4, True], [[[0, 1, 2, 3, 4, 5, 6, 7, 8], '^<v>^<<'], 29, 16, 7, True], [[[0, 1, 2, 3, 4, 5, 6, 7, 8], '<'], 3, 2, 1, True], [[[0, 1, 2, 3, 4, 5, 6, 7, 8], 'v>^<^>vv<<^^'], 77, 46, 12, True], [[[0, 1, 2, 3, 4, 5, 6, 7, 8], '<^>>^<vv>^<<^'], 62, 35, 13, True], [[[0, 1, 2, 3, 4, 5, 6, 7, 8], '^^>vv<^^'], 15, 9, 8, True], [[[0, 1, 2, 3, 4, 5, 6, 7, 8], 'v>>^<^<'], 14, 8, 7, True], [[[0, 1, 2, 3, 4, 5, 6, 7, 8], '<vv>^<^'], 18, 10, 7, True], [[[0, 1, 2, 3, 4, 5, 6, 7, 8], '>^<^'], 9, 5, 4, True], [[[0, 1, 2, 3, 4, 5, 6, 7, 8], 'vv<^<^'], 12, 7, 6, True], [[[0, 1, 2, 3, 4, 5, 6, 7, 8], '>>v<<^'], 12, 7, 6, True], [[[0, 1, 2, 3, 4, 5, 6, 7, 8], '>^<<'], 9, 5, 4, True], [[[0, 1, 2, 3, 4, 5, 6, 7, 8], '<^>v<<^'], 19, 10, 7, True], [[[0, 1, 2, 3, 4, 5, 6, 7, 8], '^'], 3, 2, 1, True], [[[0, 1, 2, 3, 4, 5, 6, 7, 8], '^^>>v<<^'], 15, 9, 8, True], [[[0, 1, 2, 3, 4, 5, 6, 7, 8], '^>v<^^'], 13, 8, 6, True], [[[0, 1, 2, 3, 4, 5, 6, 7, 8], ''], 0, 1, 0, True], [[[0, 1, 2, 3, 4, 5, 6, 7, 8], '^<v<^^'], 12, 7, 6, True], [[[0, 1, 2, 3, 4, 5, 6, 7, 8], '>^<<^'], 11, 6, 5, True], [[[0, 1, 2, 3, 4, 5, 6, 7, 8], '<v>^<^'], 15, 8, 6, True], [[[0, 1, 2, 3, 4, 5, 6, 7, 8], '^<<^'], 9, 5, 4, True], [[[0, 1, 2, 3, 4, 5, 6, 7, 8], '<'], 3, 2, 1, True], [[[0, 1, 2, 3, 4, 5, 6, 7, 8], '<^'], 6, 3, 2, True], [[[0, 1, 2, 3, 4, 5, 6, 7, 8], 'v>^<^'], 12, 7, 5, True], [[[0, 1, 2, 3, 4, 5, 6, 7, 8], '<<'], 4, 3, 2, True], [[[0, 1, 2, 3, 4, 5, 6, 7, 8], 'v<^^<'], 11, 6, 5, True], [[[0, 1, 2, 3, 4, 5, 6, 7, 8], '>>^<<^'], 12, 7, 6, True], [[[0, 1, 2, 3, 4, 5, 6, 7, 8], '<<v>^<'], 12, 7, 6, True], [[[0, 1, 2, 3, 4, 5, 6, 7, 8], '>^<<v>^^<'], 22, 12, 9, True], [[[0, 1, 2, 3, 4, 5, 6, 7, 8], '>v<<^>>^<<'], 24, 14, 10, True], [[[0, 1, 2, 3, 4, 5, 6, 7, 8], '>>v<v>^^<<'], 50, 29, 10, True], [[[0, 1, 2, 3, 4, 5, 6, 7, 8], '<^<^'], 9, 5, 4, True], [[[0, 1, 2, 3, 4, 5, 6, 7, 8], '>^^<'], 9, 5, 4, True], [[[0, 1, 2, 3, 4, 5, 6, 7, 8], '<<^'], 8, 4, 3, True], [[[0, 1, 2, 3, 4, 5, 6, 7, 8], '>^<^'], 9, 5, 4, True], [[[0, 1, 2, 3, 4, 5, 6, 7, 8], '<v<^^'], 11, 6, 5, True], [[[0, 1, 2, 3, 4, 5, 6, 7, 8], 'v<v>^^<<'], 26, 15, 8, True], [[[0, 1, 2, 3, 4, 5, 6, 7, 8], '^>v>^<<^'], 25, 14, 8, True], [[[0, 1, 2, 3, 4, 5, 6, 7, 8], '^>v<^^'], 13, 8, 6, True], [[[0, 1, 2, 3, 4, 5, 6, 7, 8], '>>vv<^<^'], 15, 9, 8, True], [[[0, 1, 2, 3, 4, 5, 6, 7, 8], '^>>^<<'], 12, 7, 6, True], [[[0, 1, 2, 3, 4, 5, 6, 7, 8], '<<^>>v<<^^'], 19, 12, 10, True], [[[0, 1, 2, 3, 4, 5, 6, 7, 8], 'v>^<<'], 12, 7, 5, True], [[[0, 1, 2, 3, 4, 5, 6, 7, 8], '<vv>^<^<'], 22, 12, 8, True], [[[0, 1, 2, 3, 4, 5, 6, 7, 8], '^^'], 4, 3, 2, True], [[[0, 1, 2, 3, 4, 5, 6, 7, 8], '^^<'], 8, 4, 3, True], [[[0, 1, 2, 3, 4, 5, 6, 7, 8], 'v<^^<'], 11, 6, 5, True], [[[0, 1, 2, 3, 4, 5, 6, 7, 8], 'v>>^^<<'], 12, 8, 7, True], [[[0, 1, 2, 3, 4, 5, 6, 7, 8], '^<'], 6, 3, 2, True], [[[0, 1, 2, 3, 4, 5, 6, 7, 8], 'v<<^^'], 9, 6, 5, True], [[[0, 1, 2, 3, 4, 5, 6, 7, 8], '<^^<'], 9, 5, 4, True], [[[0, 1, 2, 3, 4, 5, 6, 7, 8], 'v<^<'], 9, 5, 4, True], [[[0, 1, 2, 3, 4, 5, 6, 7, 8], 'vv>>^<^<'], 15, 9, 8, True], [[[0, 1, 2, 3, 4, 5, 6, 7, 8], '<v>v<^^'], 21, 12, 7, True], [[[0, 1, 2, 3, 4, 5, 6, 7, 8], '>^<vv>>^<v<^^'], 100, 58, 13, True], [[[0, 1, 2, 3, 4, 5, 6, 7, 8], '^^>v<^'], 12, 7, 6, True], [[[0, 1, 2, 3, 4, 5, 6, 7, 8], '<vv>^^>vv<^<^'], 38, 21, 13, True], [[[0, 1, 2, 3, 4, 5, 6, 7, 8], '>^<<^>v<v>^<^'], 43, 24, 13, True], [[[0, 1, 2, 3, 4, 5, 6, 7, 8], '^<^'], 8, 4, 3, True], [[[0, 1, 2, 3, 4, 5, 6, 7, 8], '<^^'], 6, 4, 3, True], [[[0, 1, 2, 3, 4, 5, 6, 7, 8], '<^<v>>^<<'], 28, 16, 9, True], [[[0, 1, 2, 3, 4, 5, 6, 7, 8], '^<^<'], 9, 5, 4, True], [[[0, 1, 2, 3, 4, 5, 6, 7, 8], 'v<v<^^'], 12, 7, 6, True], [[[0, 1, 2, 3, 4, 5, 6, 7, 8], '<^'], 6, 3, 2, True], [[[0, 1, 2, 3, 4, 5, 6, 7, 8], 'v>^<^'], 12, 7, 5, True], [[[0, 1, 2, 3, 4, 5, 6, 7, 8], 'v<^^'], 9, 5, 4, True], [[[0, 1, 2, 3, 4, 5, 6, 7, 8], '^<v>^^<'], 19, 10, 7, True], [[[0, 1, 2, 3, 4, 5, 6, 7, 8], '^>^<'], 9, 5, 4, True], [[[0, 1, 2, 3, 4, 5, 6, 7, 8], '<vv>^<^'], 18, 10, 7, True], [[[0, 1, 2, 3, 4, 5, 6, 7, 8], '<^^>vv<^^<'], 21, 12, 10, True], [[[0, 1, 2, 3, 4, 5, 6, 7, 8], '>^<'], 8, 4, 3, True], [[[0, 1, 2, 3, 4, 5, 6, 7, 8], 'v<^<'], 9, 5, 4, True], [[[0, 1, 2, 3, 4, 5, 6, 7, 8], '<v<^'], 9, 5, 4, True], [[[0, 1, 2, 3, 4, 5, 6, 7, 8], '^<<v>^<'], 14, 8, 7, True], [[[0, 1, 2, 3, 4, 5, 6, 7, 8], 'v<<^^'], 9, 6, 5, True], [[[0, 1, 2, 3, 4, 5, 6, 7, 8], '^<vv<^^'], 14, 8, 7, True], [[[0, 1, 2, 3, 4, 5, 6, 7, 8], 'v>^^<'], 11, 6, 5, True], [[[0, 1, 2, 3, 4, 5, 6, 7, 8], '<^>^<'], 11, 6, 5, True], [[[0, 1, 2, 3, 4, 5, 6, 7, 8], '>^>v<^<^'], 20, 11, 8, True], [[[0, 1, 2, 3, 4, 5, 6, 7, 8], '>>vv<<^^'], 13, 9, 8, True], [[[0, 1, 2, 3, 4, 5, 6, 7, 8], '>^<<^'], 11, 6, 5, True], [[[0, 1, 2, 3, 4, 5, 6, 7, 8], 'v<^<^'], 11, 6, 5, True], [[[0, 1, 2, 3, 4, 5, 6, 7, 8], '^<^'], 8, 4, 3, True], [[[0, 1, 2, 3, 4, 5, 6, 7, 8], '^>v<^^<'], 19, 10, 7, True], [[[0, 1, 2, 3, 4, 5, 6, 7, 8], '>>v<<^^'], 15, 9, 7, True], [[[0, 1, 2, 3, 4, 5, 6, 7, 8], '^^'], 4, 3, 2, True], [[[0, 1, 2, 3, 4, 5, 6, 7, 8], 'v<^<v>^>^<<'], 32, 19, 11, True], [[[0, 1, 2, 3, 4, 5, 6, 7, 8], '<^<^'], 9, 5, 4, True], [[[0, 1, 2, 3, 4, 5, 6, 7, 8], '^<<'], 6, 4, 3, True], [[[0, 1, 2, 3, 4, 5, 6, 7, 8], '>^^<<'], 9, 6, 5, True], [[[0, 1, 2, 3, 4, 5, 6, 7, 8], '^^>>vv<^^<'], 23, 13, 10, True], [[[0, 1, 2, 3, 4, 5, 6, 7, 8], '<^^>v<<^'], 20, 11, 8, True], [[[0, 1, 2, 3, 4, 5, 6, 7, 8], 'v>^<^'], 12, 7, 5, True], [[[0, 1, 2, 3, 4, 5, 6, 7, 8], '>^<^>v<^<'], 30, 17, 9, True], [[[0, 1, 2, 3, 4, 5, 6, 7, 8], '^'], 3, 2, 1, True], [[[0, 1, 2, 3, 4, 5, 6, 7, 8], '>^<v<^^'], 18, 11, 7, True], [[[0, 1, 2, 3, 4, 5, 6, 7, 8], '^>^>v<<^'], 25, 14, 8, True], [[[0, 1, 2, 3, 4, 5, 6, 7, 8], '<v>>^<v<^^'], 47, 28, 10, True], [[[0, 1, 2, 3, 4, 5, 6, 7, 8], '^>v<^^<'], 19, 10, 7, True], [[[0, 1, 2, 3, 4, 5, 6, 7, 8], 'v>v>^^<v<^'], 22, 12, 10, True], [[[0, 1, 2, 3, 4, 5, 6, 7, 8], '^^>v<^<'], 17, 9, 7, True], [[[0, 1, 2, 3, 4, 5, 6, 7, 8], '<<^>v<^'], 26, 13, 7, True], [[[0, 1, 2, 3, 4, 5, 6, 7, 8], '>^^<'], 9, 5, 4, True], [[[0, 1, 2, 3, 4, 5, 6, 7, 8], '>^<<'], 9, 5, 4, True], [[[0, 1, 2, 3, 4, 5, 6, 7, 8], '<^<^'], 9, 5, 4, True], [[[0, 1, 2, 3, 4, 5, 6, 7, 8], '>v<^'], 9, 5, 4, True], [[[0, 1, 2, 3, 4, 5, 6, 7, 8], '>vv>^<^>v<^<'], 58, 32, 12, True], [[[0, 1, 2, 3, 4, 5, 6, 7, 8], 'v>>^<^<'], 14, 8, 7, True], [[[0, 1, 2, 3, 4, 5, 6, 7, 8], 'v<^'], 8, 4, 3, True], [[[0, 1, 2, 3, 4, 5, 6, 7, 8], '<^<^'], 9, 5, 4, True], [[[0, 1, 2, 3, 4, 5, 6, 7, 8], '^>v<^'], 11, 6, 5, True], [[[0, 1, 2, 3, 4, 5, 6, 7, 8], 'v>>^<<^>>v<<^'], 29, 17, 13, True], [[[0, 1, 2, 3, 4, 5, 6, 7, 8], '<^^'], 6, 4, 3, True], [[[0, 1, 2, 3, 4, 5, 6, 7, 8], '<<^>>v<<^'], 19, 10, 9, True], [[[0, 1, 2, 3, 4, 5, 6, 7, 8], 'v<^>>vv<^<^'], 54, 30, 11, True], [[[0, 1, 2, 3, 4, 5, 6, 7, 8], '<^^'], 6, 4, 3, True], [[[0, 1, 2, 3, 4, 5, 6, 7, 8], 'v<^<'], 9, 5, 4, True], [[[0, 1, 2, 3, 4, 5, 6, 7, 8], 'vv>^>^<<'], 15, 9, 8, True], [[[0, 1, 2, 3, 4, 5, 6, 7, 8], 'v<^'], 8, 4, 3, True], [[[0, 1, 2, 3, 4, 5, 6, 7, 8], '>v<v<^>^<'], 23, 13, 9, True], [[[0, 1, 2, 3, 4, 5, 6, 7, 8], '^>v<^'], 11, 6, 5, True], [[[0, 1, 2, 3, 4, 5, 6, 7, 8], '<v<^'], 9, 5, 4, True], [[[0, 1, 2, 3, 4, 5, 6, 7, 8], '<<v>^<'], 12, 7, 6, True], [[[0, 1, 2, 3, 4, 5, 6, 7, 8], 'v<<^^'], 9, 6, 5, True], [[[0, 1, 2, 3, 4, 5, 6, 7, 8], 'v<^>^<v<^'], 25, 14, 9, True], [[[0, 1, 2, 3, 4, 5, 6, 7, 8], '^^<'], 8, 4, 3, True], [[[0, 1, 2, 3, 4, 5, 6, 7, 8], '>^<<'], 9, 5, 4, True], [[[0, 1, 2, 3, 4, 5, 6, 7, 8], '>^<vv>^^<'], 34, 19, 9, True], [[[0, 1, 2, 3, 4, 5, 6, 7, 8], '<^^'], 6, 4, 3, True], [[[0, 1, 2, 3, 4, 5, 6, 7, 8], '^<<^'], 9, 5, 4, True], [[[0, 1, 2, 3, 4, 5, 6, 7, 8], '<^<v>>^<^<'], 29, 16, 10, True], [[[0, 1, 2, 3, 4, 5, 6, 7, 8], ''], 0, 1, 0, True], [[[0, 1, 2, 3, 4, 5, 6, 7, 8], '^<<^>v>^<<'], 44, 25, 10, True], [[[0, 1, 2, 3, 4, 5, 6, 7, 8], 'v>^<^<'], 17, 9, 6, True], [[[0, 1, 2, 3, 4, 5, 6, 7, 8], '^<v>^<<'], 29, 16, 7, True], [[[0, 1, 2, 3, 4, 5, 6, 7, 8], '^<v>>^^<<'], 24, 15, 9, True], [[[0, 1, 2, 3, 4, 5, 6, 7, 8], 'v>^<<^'], 17, 9, 6, True], [[[0, 1, 2, 3, 4, 5, 6, 7, 8], '<<'], 4, 3, 2, True], [[[0, 1, 2, 3, 4, 5, 6, 7, 8], '^>^<'], 9, 5, 4, True], [[[0, 1, 2, 3, 4, 5, 6, 7, 8], '<^^'], 6, 4, 3, True], [[[0, 1, 2, 3, 4, 5, 6, 7, 8], '^^<'], 8, 4, 3, True], [[[0, 1, 2, 3, 4, 5, 6, 7, 8], '>^<^>>v<<^'], 20, 11, 10, True], [[[0, 1, 2, 3, 4, 5, 6, 7, 8], '^^<vv>^^<<'], 19, 12, 10, True], [[[0, 1, 2, 3, 4, 5, 6, 7, 8], ''], 0, 1, 0, True], [[[0, 1, 2, 3, 4, 5, 6, 7, 8], '^>>vv<<^>^<'], 24, 14, 11, True], [[[0, 1, 2, 3, 4, 5, 6, 7, 8], 'v>^<<'], 12, 7, 5, True], [[[0, 1, 2, 3, 4, 5, 6, 7, 8], '^<v>v<^^'], 28, 16, 8, True], [[[0, 1, 2, 3, 4, 5, 6, 7, 8], '>^<v<^^'], 18, 11, 7, True], [[[0, 1, 2, 3, 4, 5, 6, 7, 8], '^<<v>>^^<<'], 22, 14, 10, True], [[[0, 1, 2, 3, 4, 5, 6, 7, 8], 'vv>>^<v<^>^<'], 50, 28, 12, True], [[[0, 1, 2, 3, 4, 5, 6, 7, 8], '>^<<^>v<^'], 29, 15, 9, True], [[[0, 1, 2, 3, 4, 5, 6, 7, 8], '<<^'], 8, 4, 3, True], [[[0, 1, 2, 3, 4, 5, 6, 7, 8], '<^>v<^'], 24, 12, 6, True], [[[0, 1, 2, 3, 4, 5, 6, 7, 8], '<vv>^<<^'], 20, 11, 8, True], [[[0, 1, 2, 3, 4, 5, 6, 7, 8], '>^^<vv<^^'], 21, 13, 9, True], [[[0, 1, 2, 3, 4, 5, 6, 7, 8], '<'], 3, 2, 1, True], [[[0, 1, 2, 3, 4, 5, 6, 7, 8], 'vv<<^^'], 10, 7, 6, True], [[[0, 1, 2, 3, 4, 5, 6, 7, 8], '<vv>^^<<'], 16, 10, 8, True], [[[0, 1, 2, 3, 4, 5, 6, 7, 8], '>vv<^^'], 12, 7, 6, True], [[[0, 1, 2, 3, 4, 5, 6, 7, 8], '<v>^>v<<^'], 45, 24, 9, True], [[[0, 1, 2, 3, 4, 5, 6, 7, 8], 'v>v<^>^<'], 20, 11, 8, True], [[[0, 1, 2, 3, 4, 5, 6, 7, 8], '<^<^'], 9, 5, 4, True], [[[0, 1, 2, 3, 4, 5, 6, 7, 8], '^<^<'], 9, 5, 4, True], [[[0, 1, 2, 3, 4, 5, 6, 7, 8], 'v<<^>^<'], 14, 8, 7, True], [[[0, 1, 2, 3, 4, 5, 6, 7, 8], '^^'], 4, 3, 2, True], [[[0, 1, 2, 3, 4, 5, 6, 7, 8], '^<^<'], 9, 5, 4, True], [[[0, 1, 2, 3, 4, 5, 6, 7, 8], '^<v>v<^^>vv<<^^'], 106, 64, 15, True], [[[0, 1, 2, 3, 4, 5, 6, 7, 8], '<^<'], 8, 4, 3, True], [[[0, 1, 2, 3, 4, 5, 6, 7, 8], 'v>^<^'], 12, 7, 5, True], [[[0, 1, 2, 3, 4, 5, 6, 7, 8], '^>v<^'], 11, 6, 5, True], [[[0, 1, 2, 3, 4, 5, 6, 7, 8], '^>v>^<^<'], 20, 11, 8, True], [[[0, 1, 2, 3, 4, 5, 6, 7, 8], '^>^<v<^'], 19, 10, 7, True], [[[0, 1, 2, 3, 4, 5, 6, 7, 8], '>>^<^<'], 12, 7, 6, True], [[[0, 1, 2, 3, 4, 5, 6, 7, 8], '^>^<v>>^<<'], 37, 21, 10, True], [[[0, 1, 2, 3, 4, 5, 6, 7, 8], '<<^'], 8, 4, 3, True], [[[0, 1, 2, 3, 4, 5, 6, 7, 8], '>^<'], 8, 4, 3, True], [[[0, 1, 2, 3, 4, 5, 6, 7, 8], '<v>v<^^'], 21, 12, 7, True], [[[0, 1, 2, 3, 4, 5, 6, 7, 8], '<^^<v>>^<<'], 25, 14, 10, True], [[[0, 1, 2, 3, 4, 5, 6, 7, 8], '>^^<'], 9, 5, 4, True], [[[0, 1, 2, 3, 4, 5, 6, 7, 8], '>>v<^<'], 14, 8, 6, True], [[[0, 1, 2, 3, 4, 5, 6, 7, 8], '^^>v<^'], 12, 7, 6, True], [[[0, 1, 2, 3, 4, 5, 6, 7, 8], '^^<'], 8, 4, 3, True], [[[0, 1, 2, 3, 4, 5, 6, 7, 8], '>^^<vv>>^<<^'], 46, 26, 12, True], [[[0, 1, 2, 3, 4, 5, 6, 7, 8], '^<v<^^'], 12, 7, 6, True], [[[0, 1, 2, 3, 4, 5, 6, 7, 8], '<^<^'], 9, 5, 4, True], [[[0, 1, 2, 3, 4, 5, 6, 7, 8], 'v<<^>^<'], 14, 8, 7, True], [[[0, 1, 2, 3, 4, 5, 6, 7, 8], '^<^'], 8, 4, 3, True], [[[0, 1, 2, 3, 4, 5, 6, 7, 8], '^<^<'], 9, 5, 4, True], [[[0, 1, 2, 3, 4, 5, 6, 7, 8], '<v>^<'], 11, 6, 5, True], [[[0, 1, 2, 3, 4, 5, 6, 7, 8], ''], 0, 1, 0, True], [[[0, 1, 2, 3, 4, 5, 6, 7, 8], '<^'], 6, 3, 2, True], [[[0, 1, 2, 3, 4, 5, 6, 7, 8], 'v<^^'], 9, 5, 4, True], [[[0, 1, 2, 3, 4, 5, 6, 7, 8], 'vv<<^>^<'], 15, 9, 8, True], [[[0, 1, 2, 3, 4, 5, 6, 7, 8], '<v>^^<vv<^^'], 30, 18, 11, True], [[[0, 1, 2, 3, 4, 5, 6, 7, 8], 'v<<^^>v<^'], 17, 10, 9, True], [[[0, 1, 2, 3, 4, 5, 6, 7, 8], 'v>^<<^'], 17, 9, 6, True], [[[0, 1, 2, 3, 4, 5, 6, 7, 8], '^<vv<^^'], 14, 8, 7, True], [[[0, 1, 2, 3, 4, 5, 6, 7, 8], '<^^>v>^<<'], 30, 17, 9, True], [[[0, 1, 2, 3, 4, 5, 6, 7, 8], '^<'], 6, 3, 2, True], [[[0, 1, 2, 3, 4, 5, 6, 7, 8], 'vv<^>^<<'], 23, 13, 8, True], [[[0, 1, 2, 3, 4, 5, 6, 7, 8], ''], 0, 1, 0, True], [[[0, 1, 2, 3, 4, 5, 6, 7, 8], '>v<v>^<^<'], 23, 13, 9, True], [[[0, 1, 2, 3, 4, 5, 6, 7, 8], '<v>^<<v>^<'], 25, 14, 10, True], [[[0, 1, 2, 3, 4, 5, 6, 7, 8], '<^>^<'], 11, 6, 5, True], [[[0, 1, 2, 3, 4, 5, 6, 7, 8], '^>v>^<<'], 21, 12, 7, True], [[[0, 1, 2, 3, 4, 5, 6, 7, 8], 'v>^^>v<^<'], 20, 11, 9, True], [[[0, 1, 2, 3, 4, 5, 6, 7, 8], '<<^>v<^'], 26, 13, 7, True], [[[0, 1, 2, 3, 4, 5, 6, 7, 8], 'v<^^'], 9, 5, 4, True], [[[0, 1, 2, 3, 4, 5, 6, 7, 8], '^>v<^<'], 15, 8, 6, True], [[[0, 1, 2, 3, 4, 5, 6, 7, 8], '^<<^>>v<<^'], 20, 11, 10, True], [[[0, 1, 2, 3, 4, 5, 6, 7, 8], 'v<^'], 8, 4, 3, True], [[[0, 1, 2, 3, 4, 5, 6, 7, 8], '^<v<^>^<'], 20, 11, 8, True], [[[0, 1, 2, 3, 4, 5, 6, 7, 8], '<^'], 6, 3, 2, True], [[[0, 1, 2, 3, 4, 5, 6, 7, 8], 'v>^<vv<^^'], 25, 14, 9, True], [[[0, 1, 2, 3, 4, 5, 6, 7, 8], '^>v<^<'], 15, 8, 6, True], [[[0, 1, 2, 3, 4, 5, 6, 7, 8], '<<v>^>v<<^^'], 67, 40, 11, True], [[[0, 1, 2, 3, 4, 5, 6, 7, 8], 'v>>^^<<'], 12, 8, 7, True], [[[0, 1, 2, 3, 4, 5, 6, 7, 8], '>v<^'], 9, 5, 4, True], [[[0, 1, 2, 3, 4, 5, 6, 7, 8], '^<^>v<v>^<^'], 40, 22, 11, True], [[[0, 1, 2, 3, 4, 5, 6, 7, 8], '<^>v<^'], 24, 12, 6, True], [[[0, 1, 2, 3, 4, 5, 6, 7, 8], '^^>vv>^^<<'], 32, 19, 10, True], [[[0, 1, 2, 3, 4, 5, 6, 7, 8], '^<vv<^^'], 14, 8, 7, True], [[[0, 1, 2, 3, 4, 5, 6, 7, 8], 'vv<^>v<<^^'], 36, 21, 10, True], [[[0, 1, 2, 3, 4, 5, 6, 7, 8], '>^<'], 8, 4, 3, True], [[[0, 1, 2, 3, 4, 5, 6, 7, 8], '>^<^'], 9, 5, 4, True], [[[0, 1, 2, 3, 4, 5, 6, 7, 8], 'v<v>>^<<^'], 20, 11, 9, True], [[[0, 1, 2, 3, 4, 5, 6, 7, 8], 'vv>^<<^'], 19, 10, 7, True], [[[0, 1, 2, 3, 4, 5, 6, 7, 8], 'v<^^<'], 11, 6, 5, True], [[[0, 1, 2, 3, 4, 5, 6, 7, 8], '^<^>vv<<^^'], 39, 23, 10, True], [[[0, 1, 2, 3, 4, 5, 6, 7, 8], '<vv<^>^<'], 22, 12, 8, True], [[[0, 1, 2, 3, 4, 5, 6, 7, 8], '>^<^'], 9, 5, 4, True], [[[0, 1, 2, 3, 4, 5, 6, 7, 8], '^^<'], 8, 4, 3, True], [[[0, 1, 2, 3, 4, 5, 6, 7, 8], '<v>^<'], 11, 6, 5, True], [[[0, 1, 2, 3, 4, 5, 6, 7, 8], '>>^<v<^'], 20, 11, 7, True], [[[0, 1, 2, 3, 4, 5, 6, 7, 8], '>vv<<^>>^<<'], 40, 23, 11, True], [[[0, 1, 2, 3, 4, 5, 6, 7, 8], '<^^>v<<^'], 20, 11, 8, True], [[[0, 1, 2, 3, 4, 5, 6, 7, 8], '>v<^<^>v<^'], 62, 33, 10, True], [[[0, 1, 2, 3, 4, 5, 6, 7, 8], '>v<^'], 9, 5, 4, True], [[[0, 1, 2, 3, 4, 5, 6, 7, 8], '>v<^>>v<<^^'], 50, 30, 11, True], [[[0, 1, 2, 3, 4, 5, 6, 7, 8], 'vv>^^<'], 12, 7, 6, True], [[[0, 1, 2, 3, 4, 5, 6, 7, 8], '>vv<<^^'], 12, 8, 7, True], [[[0, 1, 2, 3, 4, 5, 6, 7, 8], '<^>v<<^>v<^^'], 59, 35, 12, True], [[[0, 1, 2, 3, 4, 5, 6, 7, 8], '<'], 3, 2, 1, True], [[[0, 1, 2, 3, 4, 5, 6, 7, 8], '>v<^'], 9, 5, 4, True], [[[0, 1, 2, 3, 4, 5, 6, 7, 8], 'v>^<^<'], 17, 9, 6, True], [[[0, 1, 2, 3, 4, 5, 6, 7, 8], '>^<'], 8, 4, 3, True], [[[0, 1, 2, 3, 4, 5, 6, 7, 8], '<<^^'], 7, 5, 4, True], [[[0, 1, 2, 3, 4, 5, 6, 7, 8], '>v<<^>>^<v<^'], 63, 35, 12, True], [[[0, 1, 2, 3, 4, 5, 6, 7, 8], '<v>v<<^^'], 15, 9, 8, True], [[[0, 1, 2, 3, 4, 5, 6, 7, 8], '<^'], 6, 3, 2, True], [[[0, 1, 2, 3, 4, 5, 6, 7, 8], '>vv<<^^'], 12, 8, 7, True], [[[0, 1, 2, 3, 4, 5, 6, 7, 8], '^<v<v>^^<'], 37, 20, 9, True], [[[0, 1, 2, 3, 4, 5, 6, 7, 8], '^'], 3, 2, 1, True], [[[0, 1, 2, 3, 4, 5, 6, 7, 8], '<v>^>v<<^^'], 53, 32, 10, True], [[[0, 1, 2, 3, 4, 5, 6, 7, 8], '<^<'], 8, 4, 3, True], [[[0, 1, 2, 3, 4, 5, 6, 7, 8], 'v>^<vv>^<<^'], 33, 18, 11, True], [[[0, 1, 2, 3, 4, 5, 6, 7, 8], 'v<^>^<v<^'], 25, 14, 9, True], [[[0, 1, 2, 3, 4, 5, 6, 7, 8], '<<^'], 8, 4, 3, True], [[[0, 1, 2, 3, 4, 5, 6, 7, 8], '>^<^>v<<^'], 22, 12, 9, True], [[[0, 1, 2, 3, 4, 5, 6, 7, 8], '>>v<^<'], 14, 8, 6, True], [[[0, 1, 2, 3, 4, 5, 6, 7, 8], '>^<^>v<^<'], 30, 17, 9, True], [[[0, 1, 2, 3, 4, 5, 6, 7, 8], '^^>v<^'], 12, 7, 6, True], [[[0, 1, 2, 3, 4, 5, 6, 7, 8], '^<^<'], 9, 5, 4, True], [[[0, 1, 2, 3, 4, 5, 6, 7, 8], ''], 0, 1, 0, True], [[[0, 1, 2, 3, 4, 5, 6, 7, 8], '<v<^'], 9, 5, 4, True], [[[0, 1, 2, 3, 4, 5, 6, 7, 8], 'v<^^'], 9, 5, 4, True], [[[0, 1, 2, 3, 4, 5, 6, 7, 8], '^'], 3, 2, 1, True], [[[0, 1, 2, 3, 4, 5, 6, 7, 8], '<<vv>>^<^<v>v<^^'], 96, 57, 16, True], [[[0, 1, 2, 3, 4, 5, 6, 7, 8], '>^<v<^>vv<^^'], 49, 27, 12, True], [[[0, 1, 2, 3, 4, 5, 6, 7, 8], '<^^<'], 9, 5, 4, True], [[[0, 1, 2, 3, 4, 5, 6, 7, 8], '<^>^<<'], 12, 7, 6, True], [[[0, 1, 2, 3, 4, 5, 6, 7, 8], '>>v<^<'], 14, 8, 6, True], [[[0, 1, 2, 3, 4, 5, 6, 7, 8], 'v>^<'], 9, 5, 4, True], [[[0, 1, 2, 3, 4, 5, 6, 7, 8], '<^>^<'], 11, 6, 5, True], [[[0, 1, 2, 3, 4, 5, 6, 7, 8], 'v>^<^'], 12, 7, 5, True], [[[0, 1, 2, 3, 4, 5, 6, 7, 8], '>^^<'], 9, 5, 4, True], [[[0, 1, 2, 3, 4, 5, 6, 7, 8], '>>v<<^'], 12, 7, 6, True], [[[0, 1, 2, 3, 4, 5, 6, 7, 8], 'v<^>vv<^^<'], 39, 23, 10, True], [[[0, 1, 2, 3, 4, 5, 6, 7, 8], 'v<^^'], 9, 5, 4, True], [[[0, 1, 2, 3, 4, 5, 6, 7, 8], '^'], 3, 2, 1, True], [[[0, 1, 2, 3, 4, 5, 6, 7, 8], '^<v<^'], 11, 6, 5, True], [[[0, 1, 2, 3, 4, 5, 6, 7, 8], 'v<<^'], 9, 5, 4, True], [[[0, 1, 2, 3, 4, 5, 6, 7, 8], '<v>^<<'], 13, 8, 6, True], [[[0, 1, 2, 3, 4, 5, 6, 7, 8], '>^<^'], 9, 5, 4, True], [[[0, 1, 2, 3, 4, 5, 6, 7, 8], '>>v<v>^^<<'], 50, 29, 10, True], [[[0, 1, 2, 3, 4, 5, 6, 7, 8], ''], 0, 1, 0, True], [[[0, 1, 2, 3, 4, 5, 6, 7, 8], '>>^<vv<^^'], 26, 15, 9, True], [[[0, 1, 2, 3, 4, 5, 6, 7, 8], 'v<<^>^<'], 14, 8, 7, True], [[[0, 1, 2, 3, 4, 5, 6, 7, 8], '^>>v<<^^'], 16, 10, 8, True], [[[0, 1, 2, 3, 4, 5, 6, 7, 8], '>v<<^'], 11, 6, 5, True], [[[0, 1, 2, 3, 4, 5, 6, 7, 8], '<<v>^>v<^^<'], 34, 19, 11, True], [[[0, 1, 2, 3, 4, 5, 6, 7, 8], 'v<^>^<<'], 18, 11, 7, True], [[[0, 1, 2, 3, 4, 5, 6, 7, 8], '^>v<<^>vv>^<<^'], 81, 43, 14, True], [[[0, 1, 2, 3, 4, 5, 6, 7, 8], '>>v<v<^^'], 15, 9, 8, True], [[[0, 1, 2, 3, 4, 5, 6, 7, 8], '>^^<'], 9, 5, 4, True], [[[0, 1, 2, 3, 4, 5, 6, 7, 8], '>vv>^^<<'], 17, 10, 8, True], [[[0, 1, 2, 3, 4, 5, 6, 7, 8], 'v<^^'], 9, 5, 4, True], [[[0, 1, 2, 3, 4, 5, 6, 7, 8], ''], 0, 1, 0, True], [[[0, 1, 2, 3, 4, 5, 6, 7, 8], '<v>>v<<^^'], 27, 16, 9, True], [[[0, 1, 2, 3, 4, 5, 6, 7, 8], '<<'], 4, 3, 2, True], [[[0, 1, 2, 3, 4, 5, 6, 7, 8], '>^<v<^^'], 18, 11, 7, True], [[[0, 1, 2, 3, 4, 5, 6, 7, 8], '^'], 3, 2, 1, True], [[[0, 1, 2, 3, 4, 5, 6, 7, 8], '<'], 3, 2, 1, True], [[[0, 1, 2, 3, 4, 5, 6, 7, 8], 'v<^<^'], 11, 6, 5, True], [[[0, 1, 2, 3, 4, 5, 6, 7, 8], '<v>^>v<v<^^'], 44, 25, 11, True], [[[0, 1, 2, 3, 4, 5, 6, 7, 8], '>^<<^'], 11, 6, 5, True], [[[0, 1, 2, 3, 4, 5, 6, 7, 8], 'v>^<^<'], 17, 9, 6, True], [[[0, 1, 2, 3, 4, 5, 6, 7, 8], '<<'], 4, 3, 2, True], [[[0, 1, 2, 3, 4, 5, 6, 7, 8], 'v>^<^'], 12, 7, 5, True], [[[0, 1, 2, 3, 4, 5, 6, 7, 8], '<^^>v<v>^^<<'], 78, 49, 12, True], [[[0, 1, 2, 3, 4, 5, 6, 7, 8], '>^^<<'], 9, 6, 5, True], [[[0, 1, 2, 3, 4, 5, 6, 7, 8], '>vv<<^^'], 12, 8, 7, True], [[[0, 1, 2, 3, 4, 5, 6, 7, 8], 'vv>^>^<<'], 15, 9, 8, True], [[[0, 1, 2, 3, 4, 5, 6, 7, 8], '>>^<v<^'], 20, 11, 7, True], [[[0, 1, 2, 3, 4, 5, 6, 7, 8], 'v>v<^^'], 14, 8, 6, True], [[[0, 1, 2, 3, 4, 5, 6, 7, 8], '>v<v>^^<'], 30, 16, 8, True], [[[0, 1, 2, 3, 4, 5, 6, 7, 8], '>vv>^^<v<v>^>^<<'], 88, 49, 16, True], [[[0, 1, 2, 3, 4, 5, 6, 7, 8], '^^'], 4, 3, 2, True], [[[0, 1, 2, 3, 4, 5, 6, 7, 8], '>^^<'], 9, 5, 4, True], [[[0, 1, 2, 3, 4, 5, 6, 7, 8], '^^<<vv>^<^'], 26, 14, 10, True], [[[0, 1, 2, 3, 4, 5, 6, 7, 8], '<<'], 4, 3, 2, True], [[[0, 1, 2, 3, 4, 5, 6, 7, 8], 'v<v<^^'], 12, 7, 6, True], [[[0, 1, 2, 3, 4, 5, 6, 7, 8], 'v<^'], 8, 4, 3, True], [[[0, 1, 2, 3, 4, 5, 6, 7, 8], '<^^'], 6, 4, 3, True], [[[0, 1, 2, 3, 4, 5, 6, 7, 8], 'v<^>^<<'], 18, 11, 7, True], [[[0, 1, 2, 3, 4, 5, 6, 7, 8], '>^<v>>^<^<'], 23, 13, 10, True], [[[0, 1, 2, 3, 4, 5, 6, 7, 8], '>^<vv>^^<'], 34, 19, 9, True], [[[0, 1, 2, 3, 4, 5, 6, 7, 8], '<v>v<^>^<<'], 25, 15, 10, True], [[[0, 1, 2, 3, 4, 5, 6, 7, 8], 'v<<^^'], 9, 6, 5, True], [[[0, 1, 2, 3, 4, 5, 6, 7, 8], 'v<<^>^<'], 14, 8, 7, True], [[[0, 1, 2, 3, 4, 5, 6, 7, 8], '<<^>^<'], 12, 7, 6, True], [[[0, 1, 2, 3, 4, 5, 6, 7, 8], '^>>^<<'], 12, 7, 6, True], [[[0, 1, 2, 3, 4, 5, 6, 7, 8], '<^^<'], 9, 5, 4, True], [[[0, 1, 2, 3, 4, 5, 6, 7, 8], '>>vv<^^<'], 17, 10, 8, True], [[[0, 1, 2, 3, 4, 5, 6, 7, 8], '<v<^^'], 11, 6, 5, True], [[[0, 1, 2, 3, 4, 5, 6, 7, 8], '<v<^'], 9, 5, 4, True], [[[0, 1, 2, 3, 4, 5, 6, 7, 8], '<^'], 6, 3, 2, True], [[[0, 1, 2, 3, 4, 5, 6, 7, 8], '<v<^'], 9, 5, 4, True], [[[0, 1, 2, 3, 4, 5, 6, 7, 8], 'v>^^<<'], 12, 7, 6, True], [[[0, 1, 2, 3, 4, 5, 6, 7, 8], '^<<v>^<'], 14, 8, 7, True], [[[0, 1, 2, 3, 4, 5, 6, 7, 8], '<<^^'], 7, 5, 4, True], [[[0, 1, 2, 3, 4, 5, 6, 7, 8], '<'], 3, 2, 1, True], [[[0, 1, 2, 3, 4, 5, 6, 7, 8], '^^>>v<v<^^'], 18, 11, 10, True], [[[0, 1, 2, 3, 4, 5, 6, 7, 8], '^>>^<<'], 12, 7, 6, True], [[[0, 1, 2, 3, 4, 5, 6, 7, 8], '^<vv>^^<'], 17, 9, 8, True], [[[0, 1, 2, 3, 4, 5, 6, 7, 8], 'v>^<^'], 12, 7, 5, True], [[[0, 1, 2, 3, 4, 5, 6, 7, 8], 'v<<^>>v<^<'], 28, 16, 10, True], [[[0, 1, 2, 3, 4, 5, 6, 7, 8], '>v<^>>v<<^^'], 50, 30, 11, True], [[[0, 1, 2, 3, 4, 5, 6, 7, 8], '^^<'], 8, 4, 3, True], [[[0, 1, 2, 3, 4, 5, 6, 7, 8], '>>vv<<^>>^<<'], 52, 31, 12, True], [[[0, 1, 2, 3, 4, 5, 6, 7, 8], '<<v>v<^^'], 23, 13, 8, True], [[[0, 1, 2, 3, 4, 5, 6, 7, 8], '^>^<<'], 11, 6, 5, True], [[[0, 1, 2, 3, 4, 5, 6, 7, 8], '>^<v>v<^^'], 32, 19, 9, True], [[[0, 1, 2, 3, 4, 5, 6, 7, 8], '^<^<v>^>vv<^<^'], 148, 86, 14, True], [[[0, 1, 2, 3, 4, 5, 6, 7, 8], '^^<v<^'], 12, 7, 6, True], [[[0, 1, 2, 3, 4, 5, 6, 7, 8], 'vv>^<^'], 14, 8, 6, True], [[[0, 1, 2, 3, 4, 5, 6, 7, 8], 'v<<^^>>v<^<'], 30, 16, 11, True], [[[0, 1, 2, 3, 4, 5, 6, 7, 8], '<^<'], 8, 4, 3, True], [[[0, 1, 2, 3, 4, 5, 6, 7, 8], '>^<v<^^'], 18, 11, 7, True], [[[0, 1, 2, 3, 4, 5, 6, 7, 8], '<vv<^^'], 12, 7, 6, True], [[[0, 1, 2, 3, 4, 5, 6, 7, 8], '<^<^'], 9, 5, 4, True], [[[0, 1, 2, 3, 4, 5, 6, 7, 8], '^>^<'], 9, 5, 4, True], [[[0, 1, 2, 3, 4, 5, 6, 7, 8], '>>^<^<'], 12, 7, 6, True], [[[0, 1, 2, 3, 4, 5, 6, 7, 8], '<^'], 6, 3, 2, True], [[[0, 1, 2, 3, 4, 5, 6, 7, 8], '^>v<^<'], 15, 8, 6, True], [[[0, 1, 2, 3, 4, 5, 6, 7, 8], '^<<vv>^<^'], 24, 13, 9, True], [[[0, 1, 2, 3, 4, 5, 6, 7, 8], '<<v>^^<'], 19, 10, 7, True], [[[0, 1, 2, 3, 4, 5, 6, 7, 8], '<<'], 4, 3, 2, True], [[[0, 1, 2, 3, 4, 5, 6, 7, 8], 'v>v<<^>^<'], 20, 11, 9, True], [[[0, 1, 2, 3, 4, 5, 6, 7, 8], '>v<^^<'], 17, 9, 6, True], [[[0, 1, 2, 3, 4, 5, 6, 7, 8], '^<'], 6, 3, 2, True], [[[0, 1, 2, 3, 4, 5, 6, 7, 8], '^<v<^>^<'], 20, 11, 8, True], [[[0, 1, 2, 3, 4, 5, 6, 7, 8], '^^>>v<<^'], 15, 9, 8, True], [[[0, 1, 2, 3, 4, 5, 6, 7, 8], '>^>^<<'], 12, 7, 6, True], [[[0, 1, 2, 3, 4, 5, 6, 7, 8], '^^>v<v>^^<<'], 67, 40, 11, True], [[[0, 1, 2, 3, 4, 5, 6, 7, 8], '^^'], 4, 3, 2, True], [[[0, 1, 2, 3, 4, 5, 6, 7, 8], '^>^<'], 9, 5, 4, True], [[[0, 1, 2, 3, 4, 5, 6, 7, 8], '>^^>v<^<'], 18, 10, 8, True], [[[0, 1, 2, 3, 4, 5, 6, 7, 8], '^>^<'], 9, 5, 4, True], [[[0, 1, 2, 3, 4, 5, 6, 7, 8], 'v<^>^>v<^<'], 45, 24, 10, True], [[[0, 1, 2, 3, 4, 5, 6, 7, 8], '<^<^>v>^<<'], 33, 20, 10, True], [[[0, 1, 2, 3, 4, 5, 6, 7, 8], '<vv<^^'], 12, 7, 6, True], [[[0, 1, 2, 3, 4, 5, 6, 7, 8], '^<<v>^^>v<^<'], 69, 39, 12, True], [[[0, 1, 2, 3, 4, 5, 6, 7, 8], '>v<^<'], 12, 7, 5, True], [[[0, 1, 2, 3, 4, 5, 6, 7, 8], '>^<'], 8, 4, 3, True], [[[0, 1, 2, 3, 4, 5, 6, 7, 8], 'v<^'], 8, 4, 3, True], [[[0, 1, 2, 3, 4, 5, 6, 7, 8], '<^^<'], 9, 5, 4, True], [[[0, 1, 2, 3, 4, 5, 6, 7, 8], '>^<'], 8, 4, 3, True], [[[0, 1, 2, 3, 4, 5, 6, 7, 8], 'v<^'], 8, 4, 3, True], [[[0, 1, 2, 3, 4, 5, 6, 7, 8], '^<<v>^<^'], 18, 10, 8, True], [[[0, 1, 2, 3, 4, 5, 6, 7, 8], '^>vv>^^<<'], 27, 16, 9, True], [[[0, 1, 2, 3, 4, 5, 6, 7, 8], '<'], 3, 2, 1, True], [[[0, 1, 2, 3, 4, 5, 6, 7, 8], '>^^<<v>^<'], 17, 10, 9, True], [[[0, 1, 2, 3, 4, 5, 6, 7, 8], '^^'], 4, 3, 2, True], [[[0, 1, 2, 3, 4, 5, 6, 7, 8], '^>^<v<^'], 19, 10, 7, True], [[[0, 1, 2, 3, 4, 5, 6, 7, 8], '^<'], 6, 3, 2, True], [[[0, 1, 2, 3, 4, 5, 6, 7, 8], '<<^'], 8, 4, 3, True], [[[0, 1, 2, 3, 4, 5, 6, 7, 8], 'vv<^>^<'], 20, 11, 7, True], [[[0, 1, 2, 3, 4, 5, 6, 7, 8], '<^'], 6, 3, 2, True], [[[0, 1, 2, 3, 4, 5, 6, 7, 8], '>^<<'], 9, 5, 4, True], [[[0, 1, 2, 3, 4, 5, 6, 7, 8], '>^<'], 8, 4, 3, True], [[[0, 1, 2, 3, 4, 5, 6, 7, 8], 'v<^<'], 9, 5, 4, True], [[[0, 1, 2, 3, 4, 5, 6, 7, 8], '>^<v<^^'], 18, 11, 7, True], [[[0, 1, 2, 3, 4, 5, 6, 7, 8], '^<v<^>^>v<v>^^<<'], 123, 73, 16, True], [[[0, 1, 2, 3, 4, 5, 6, 7, 8], '<^^'], 6, 4, 3, True], [[[0, 1, 2, 3, 4, 5, 6, 7, 8], '^<'], 6, 3, 2, True], [[[0, 1, 2, 3, 4, 5, 6, 7, 8], '<v>>^<^<'], 17, 9, 8, True], [[[0, 1, 2, 3, 4, 5, 6, 7, 8], '^>vv<^<^'], 17, 9, 8, True], [[[0, 1, 2, 3, 4, 5, 6, 7, 8], '<<'], 4, 3, 2, True], [[[0, 1, 2, 3, 4, 5, 6, 7, 8], '<^>v<^<^'], 33, 18, 8, True], [[[0, 1, 2, 3, 4, 5, 6, 7, 8], '^^>vv<^>^<v<^'], 62, 36, 13, True], [[[0, 1, 2, 3, 4, 5, 6, 7, 8], '^^'], 4, 3, 2, True], [[[0, 1, 2, 3, 4, 5, 6, 7, 8], '^>>v<<^>v<^'], 48, 26, 11, True], [[[0, 1, 2, 3, 4, 5, 6, 7, 8], '>^<v>^>^<<'], 38, 21, 10, True], [[[0, 1, 2, 3, 4, 5, 6, 7, 8], '>>vv<^<^'], 15, 9, 8, True], [[[0, 1, 2, 3, 4, 5, 6, 7, 8], '^'], 3, 2, 1, True], [[[0, 1, 2, 3, 4, 5, 6, 7, 8], '>^<^<v>>^<<'], 52, 29, 11, True], [[[0, 1, 2, 3, 4, 5, 6, 7, 8], '<<^>>^<<'], 15, 9, 8, True], [[[0, 1, 2, 3, 4, 5, 6, 7, 8], 'v>^<v<^'], 19, 10, 7, True], [[[0, 1, 2, 3, 4, 5, 6, 7, 8], '^<<'], 6, 4, 3, True], [[[0, 1, 2, 3, 4, 5, 6, 7, 8], '<^>v<^^'], 24, 14, 7, True], [[[0, 1, 2, 3, 4, 5, 6, 7, 8], '<<^^'], 7, 5, 4, True], [[[0, 1, 2, 3, 4, 5, 6, 7, 8], '<v>^<<'], 13, 8, 6, True], [[[0, 1, 2, 3, 4, 5, 6, 7, 8], '<v>^^<<'], 18, 11, 7, True], [[[0, 1, 2, 3, 4, 5, 6, 7, 8], '^^<<'], 7, 5, 4, True], [[[0, 1, 2, 3, 4, 5, 6, 7, 8], '>^<^'], 9, 5, 4, True], [[[0, 1, 2, 3, 4, 5, 6, 7, 8], '^<'], 6, 3, 2, True], [[[0, 1, 2, 3, 4, 5, 6, 7, 8], '^^'], 4, 3, 2, True], [[[0, 1, 2, 3, 4, 5, 6, 7, 8], '<v>v<^>^<<'], 25, 15, 10, True], [[[0, 1, 2, 3, 4, 5, 6, 7, 8], '<^<v>v<^^'], 30, 18, 9, True], [[[0, 1, 2, 3, 4, 5, 6, 7, 8], '>v<^>^<'], 19, 10, 7, True], [[[0, 1, 2, 3, 4, 5, 6, 7, 8], '^<v>v<^^<'], 32, 17, 9, True], [[[0, 1, 2, 3, 4, 5, 6, 7, 8], '^>^<<'], 11, 6, 5, True], [[[0, 1, 2, 3, 4, 5, 6, 7, 8], '>^<<^'], 11, 6, 5, True], [[[0, 1, 2, 3, 4, 5, 6, 7, 8], '^<vv<^>^<'], 34, 18, 9, True], [[[0, 1, 2, 3, 4, 5, 6, 7, 8], '^<v>>v<<^^'], 41, 24, 10, True], [[[0, 1, 2, 3, 4, 5, 6, 7, 8], '<v>^<vv>^<<^'], 53, 28, 12, True], [[[0, 1, 2, 3, 4, 5, 6, 7, 8], '^^<<'], 7, 5, 4, True], [[[0, 1, 2, 3, 4, 5, 6, 7, 8], 'v>^>^<<'], 14, 8, 7, True], [[[0, 1, 2, 3, 4, 5, 6, 7, 8], 'v>^<'], 9, 5, 4, True], [[[0, 1, 2, 3, 4, 5, 6, 7, 8], '<<v>^^>v<^<'], 68, 38, 11, True], [[[0, 1, 2, 3, 4, 5, 6, 7, 8], 'v<v>^<^'], 17, 9, 7, True], [[[0, 1, 2, 3, 4, 5, 6, 7, 8], '>>vv<^^<'], 17, 10, 8, True], [[[0, 1, 2, 3, 4, 5, 6, 7, 8], '>v<^<^>>v<^<'], 43, 25, 12, True], [[[0, 1, 2, 3, 4, 5, 6, 7, 8], '^<v<v>^<^'], 20, 11, 9, True], [[[0, 1, 2, 3, 4, 5, 6, 7, 8], '>v>^<vv<^^'], 26, 15, 10, True], [[[0, 1, 2, 3, 4, 5, 6, 7, 8], '<^>vv<<^>^<'], 30, 18, 11, True], [[[0, 1, 2, 3, 4, 5, 6, 7, 8], '^<^'], 8, 4, 3, True], [[[0, 1, 2, 3, 4, 5, 6, 7, 8], '^^'], 4, 3, 2, True], [[[0, 1, 2, 3, 4, 5, 6, 7, 8], '^<<'], 6, 4, 3, True], [[[0, 1, 2, 3, 4, 5, 6, 7, 8], '>>vv<^^>v<<^'], 26, 15, 12, True], [[[0, 1, 2, 3, 4, 5, 6, 7, 8], '^^>>vv<^<v>^^<'], 38, 21, 14, True], [[[0, 1, 2, 3, 4, 5, 6, 7, 8], '<v>^>v<<^^'], 53, 32, 10, True], [[[0, 1, 2, 3, 4, 5, 6, 7, 8], '^^<<'], 7, 5, 4, True], [[[0, 1, 2, 3, 4, 5, 6, 7, 8], '>v<^<^'], 17, 9, 6, True], [[[0, 1, 2, 3, 4, 5, 6, 7, 8], '<<'], 4, 3, 2, True], [[[0, 1, 2, 3, 4, 5, 6, 7, 8], 'v<<^'], 9, 5, 4, True], [[[0, 1, 2, 3, 4, 5, 6, 7, 8], '<v<^>v<v>>^^<<'], 80, 47, 14, True], [[[0, 1, 2, 3, 4, 5, 6, 7, 8], '^>v<^^'], 13, 8, 6, True], [[[0, 1, 2, 3, 4, 5, 6, 7, 8], '^<<'], 6, 4, 3, True], [[[0, 1, 2, 3, 4, 5, 6, 7, 8], '>vv>^<^<'], 29, 16, 8, True], [[[0, 1, 2, 3, 4, 5, 6, 7, 8], '^^<<'], 7, 5, 4, True], [[[0, 1, 2, 3, 4, 5, 6, 7, 8], '^<vv<^>^<'], 34, 18, 9, True], [[[0, 1, 2, 3, 4, 5, 6, 7, 8], 'v>v>^<^<'], 20, 11, 8, True], [[[0, 1, 2, 3, 4, 5, 6, 7, 8], '^<vv>^<<^'], 22, 12, 9, True], [[[0, 1, 2, 3, 4, 5, 6, 7, 8], '^>v<^^'], 13, 8, 6, True], [[[0, 1, 2, 3, 4, 5, 6, 7, 8], '<^^>vv<<^^'], 22, 14, 10, True], [[[0, 1, 2, 3, 4, 5, 6, 7, 8], '>v<^^>>v<^<'], 38, 22, 11, True], [[[0, 1, 2, 3, 4, 5, 6, 7, 8], '<<^>>^<<'], 15, 9, 8, True], [[[0, 1, 2, 3, 4, 5, 6, 7, 8], '^^<<v>^<'], 15, 9, 8, True], [[[0, 1, 2, 3, 4, 5, 6, 7, 8], '>v<<^'], 11, 6, 5, True], [[[0, 1, 2, 3, 4, 5, 6, 7, 8], 'vv<^^'], 11, 6, 5, True], [[[0, 1, 2, 3, 4, 5, 6, 7, 8], '>v<^^'], 12, 7, 5, True], [[[0, 1, 2, 3, 4, 5, 6, 7, 8], '>^<'], 8, 4, 3, True], [[[0, 1, 2, 3, 4, 5, 6, 7, 8], 'vv>>^^<<'], 13, 9, 8, True], [[[0, 1, 2, 3, 4, 5, 6, 7, 8], '^<<^'], 9, 5, 4, True], [[[0, 1, 2, 3, 4, 5, 6, 7, 8], '<^>^<'], 11, 6, 5, True], [[[0, 1, 2, 3, 4, 5, 6, 7, 8], 'v<<^'], 9, 5, 4, True], [[[0, 1, 2, 3, 4, 5, 6, 7, 8], '>^<<^'], 11, 6, 5, True], [[[0, 1, 2, 3, 4, 5, 6, 7, 8], 'v<v>^^<'], 23, 13, 7, True], [[[0, 1, 2, 3, 4, 5, 6, 7, 8], '>^^<'], 9, 5, 4, True], [[[0, 1, 2, 3, 4, 5, 6, 7, 8], 'vv>^<^'], 14, 8, 6, True], [[[0, 1, 2, 3, 4, 5, 6, 7, 8], '^<^>>vv<<^^'], 21, 13, 11, True], [[[0, 1, 2, 3, 4, 5, 6, 7, 8], '<<^>v>^^<<'], 32, 18, 10, True], [[[0, 1, 2, 3, 4, 5, 6, 7, 8], '^>vv<^>>^<<'], 38, 22, 11, True], [[[0, 1, 2, 3, 4, 5, 6, 7, 8], '>^<<'], 9, 5, 4, True], [[[0, 1, 2, 3, 4, 5, 6, 7, 8], '^<<'], 6, 4, 3, True], [[[0, 1, 2, 3, 4, 5, 6, 7, 8], 'vv>^<^'], 14, 8, 6, True], [[[0, 1, 2, 3, 4, 5, 6, 7, 8], '^>>^<<'], 12, 7, 6, True], [[[0, 1, 2, 3, 4, 5, 6, 7, 8], '<v>^>v<<^'], 45, 24, 9, True], [[[0, 1, 2, 3, 4, 5, 6, 7, 8], '^<'], 6, 3, 2, True], [[[0, 1, 2, 3, 4, 5, 6, 7, 8], '^^<'], 8, 4, 3, True], [[[0, 1, 2, 3, 4, 5, 6, 7, 8], '^>^<<v>>^<<'], 24, 13, 11, True], [[[0, 1, 2, 3, 4, 5, 6, 7, 8], '<^>v<^'], 24, 12, 6, True], [[[0, 1, 2, 3, 4, 5, 6, 7, 8], '<v>^<'], 11, 6, 5, True], [[[0, 1, 2, 3, 4, 5, 6, 7, 8], 'v>>^<^<'], 14, 8, 7, True], [[[0, 1, 2, 3, 4, 5, 6, 7, 8], '<<v>v>^^<<'], 18, 11, 10, True], [[[0, 1, 2, 3, 4, 5, 6, 7, 8], '^<'], 6, 3, 2, True], [[[0, 1, 2, 3, 4, 5, 6, 7, 8], '<^^'], 6, 4, 3, True], [[[0, 1, 2, 3, 4, 5, 6, 7, 8], 'v>^<<vv>^<^'], 38, 22, 11, True], [[[0, 1, 2, 3, 4, 5, 6, 7, 8], '<^^<'], 9, 5, 4, True], [[[0, 1, 2, 3, 4, 5, 6, 7, 8], '<'], 3, 2, 1, True], [[[0, 1, 2, 3, 4, 5, 6, 7, 8], '<v>v<^>^<'], 22, 12, 9, True], [[[0, 1, 2, 3, 4, 5, 6, 7, 8], '^<^>v<<^'], 20, 11, 8, True], [[[0, 1, 2, 3, 4, 5, 6, 7, 8], '<^^<'], 9, 5, 4, True], [[[0, 1, 2, 3, 4, 5, 6, 7, 8], 'v>>^<<'], 12, 7, 6, True], [[[0, 1, 2, 3, 4, 5, 6, 7, 8], '<^>^<<'], 12, 7, 6, True], [[[0, 1, 2, 3, 4, 5, 6, 7, 8], '<<^^'], 7, 5, 4, True], [[[0, 1, 2, 3, 4, 5, 6, 7, 8], '>^<^'], 9, 5, 4, True], [[[0, 1, 2, 3, 4, 5, 6, 7, 8], '^<v<^^'], 12, 7, 6, True], [[[0, 1, 2, 3, 4, 5, 6, 7, 8], '^<v>v<<^^'], 24, 15, 9, True], [[[0, 1, 2, 3, 4, 5, 6, 7, 8], '<v<^'], 9, 5, 4, True], [[[0, 1, 2, 3, 4, 5, 6, 7, 8], '>v>^<<^'], 20, 11, 7, True], [[[0, 1, 2, 3, 4, 5, 6, 7, 8], '>v<^^<'], 17, 9, 6, True], [[[0, 1, 2, 3, 4, 5, 6, 7, 8], 'v<^<^'], 11, 6, 5, True], [[[0, 1, 2, 3, 4, 5, 6, 7, 8], '>v>v<<^^'], 15, 9, 8, True], [[[0, 1, 2, 3, 4, 5, 6, 7, 8], '<^>>^<v<^'], 37, 20, 9, True], [[[0, 1, 2, 3, 4, 5, 6, 7, 8], '>v>^<<'], 14, 8, 6, True], [[[0, 1, 2, 3, 4, 5, 6, 7, 8], '<^<v>^^<'], 20, 11, 8, True], [[[0, 1, 2, 3, 4, 5, 6, 7, 8], '<<vv>>^<<^'], 23, 13, 10, True], [[[0, 1, 2, 3, 4, 5, 6, 7, 8], 'v>^<<^'], 17, 9, 6, True], [[[0, 1, 2, 3, 4, 5, 6, 7, 8], 'v<<^>>^<<'], 21, 13, 9, True], [[[0, 1, 2, 3, 4, 5, 6, 7, 8], '<v>^<^'], 15, 8, 6, True], [[[0, 1, 2, 3, 4, 5, 6, 7, 8], '>vv<^^'], 12, 7, 6, True], [[[0, 1, 2, 3, 4, 5, 6, 7, 8], '<^<v>^^<'], 20, 11, 8, True], [[[0, 1, 2, 3, 4, 5, 6, 7, 8], '<^>v<<^'], 19, 10, 7, True], [[[0, 1, 2, 3, 4, 5, 6, 7, 8], '^<v>v<^^'], 28, 16, 8, True], [[[0, 1, 2, 3, 4, 5, 6, 7, 8], '<<^^>v<^'], 15, 9, 8, True], [[[0, 1, 2, 3, 4, 5, 6, 7, 8], '<<vv>^^<'], 15, 9, 8, True], [[[0, 1, 2, 3, 4, 5, 6, 7, 8], '>>vv<<^^'], 13, 9, 8, True], [[[0, 1, 2, 3, 4, 5, 6, 7, 8], '>^<'], 8, 4, 3, True], [[[0, 1, 2, 3, 4, 5, 6, 7, 8], '>^<vv>^<^<'], 34, 19, 10, True], [[[0, 1, 2, 3, 4, 5, 6, 7, 8], '>vv>^<v<^^'], 24, 14, 10, True], [[[0, 1, 2, 3, 4, 5, 6, 7, 8], '^>^<<'], 11, 6, 5, True], [[[0, 1, 2, 3, 4, 5, 6, 7, 8], 'v>^<'], 9, 5, 4, True], [[[0, 1, 2, 3, 4, 5, 6, 7, 8], '<v>>v<<^^'], 27, 16, 9, True], [[[0, 1, 2, 3, 4, 5, 6, 7, 8], '<<^'], 8, 4, 3, True], [[[0, 1, 2, 3, 4, 5, 6, 7, 8], '^^>v>v<^>^<v<^'], 37, 21, 14, True], [[[0, 1, 2, 3, 4, 5, 6, 7, 8], '^<'], 6, 3, 2, True], [[[0, 1, 2, 3, 4, 5, 6, 7, 8], '^^<vv<^^'], 15, 9, 8, True], [[[0, 1, 2, 3, 4, 5, 6, 7, 8], '^<v>^>v<<^^'], 58, 35, 11, True], [[[0, 1, 2, 3, 4, 5, 6, 7, 8], '<^<^'], 9, 5, 4, True], [[[0, 1, 2, 3, 4, 5, 6, 7, 8], '^^<<v>^<'], 15, 9, 8, True], [[[0, 1, 2, 3, 4, 5, 6, 7, 8], '>^<'], 8, 4, 3, True], [[[0, 1, 2, 3, 4, 5, 6, 7, 8], '>^<^<'], 11, 6, 5, True], [[[0, 1, 2, 3, 4, 5, 6, 7, 8], '>^^<'], 9, 5, 4, True], [[[0, 1, 2, 3, 4, 5, 6, 7, 8], '<<vv>^^<'], 15, 9, 8, True], [[[0, 1, 2, 3, 4, 5, 6, 7, 8], 'vv>^<^'], 14, 8, 6, True], [[[0, 1, 2, 3, 4, 5, 6, 7, 8], '>^>v<^<^'], 20, 11, 8, True], [[[0, 1, 2, 3, 4, 5, 6, 7, 8], '<<vv>^>v<^^<'], 26, 15, 12, True], [[[0, 1, 2, 3, 4, 5, 6, 7, 8], '<^'], 6, 3, 2, True], [[[0, 1, 2, 3, 4, 5, 6, 7, 8], ''], 0, 1, 0, True], [[[0, 1, 2, 3, 4, 5, 6, 7, 8], '^^<v>^<<'], 30, 17, 8, True], [[[0, 1, 2, 3, 4, 5, 6, 7, 8], '>^>vv<<^>>v<^^<'], 41, 24, 15, True], [[[0, 1, 2, 3, 4, 5, 6, 7, 8], 'v<<^^>v<^'], 17, 10, 9, True], [[[0, 1, 2, 3, 4, 5, 6, 7, 8], '^^<v>v<<^>^<'], 58, 33, 12, True], [[[0, 1, 2, 3, 4, 5, 6, 7, 8], '^<<'], 6, 4, 3, True], [[[0, 1, 2, 3, 4, 5, 6, 7, 8], 'v<^^'], 9, 5, 4, True], [[[0, 1, 2, 3, 4, 5, 6, 7, 8], '<'], 3, 2, 1, True], [[[0, 1, 2, 3, 4, 5, 6, 7, 8], ''], 0, 1, 0, True], [[[0, 1, 2, 3, 4, 5, 6, 7, 8], '^^'], 4, 3, 2, True], [[[0, 1, 2, 3, 4, 5, 6, 7, 8], 'v>^<^<'], 17, 9, 6, True], [[[0, 1, 2, 3, 4, 5, 6, 7, 8], '>>^<<'], 11, 6, 5, True], [[[0, 1, 2, 3, 4, 5, 6, 7, 8], 'v>v<^>^<'], 20, 11, 8, True], [[[0, 1, 2, 3, 4, 5, 6, 7, 8], '>vv<^>>^<<'], 28, 16, 10, True], [[[0, 1, 2, 3, 4, 5, 6, 7, 8], '<v>^>^<v<^'], 45, 24, 10, True], [[[0, 1, 2, 3, 4, 5, 6, 7, 8], '<^>v<v<^^'], 25, 14, 9, True], [[[0, 1, 2, 3, 4, 5, 6, 7, 8], '^^'], 4, 3, 2, True], [[[0, 1, 2, 3, 4, 5, 6, 7, 8], '<^>^<'], 11, 6, 5, True], [[[0, 1, 2, 3, 4, 5, 6, 7, 8], '>v<<^'], 11, 6, 5, True], [[[0, 1, 2, 3, 4, 5, 6, 7, 8], '<^>>^<<'], 14, 8, 7, True], [[[0, 1, 2, 3, 4, 5, 6, 7, 8], '<v>^^<'], 17, 9, 6, True], [[[0, 1, 2, 3, 4, 5, 6, 7, 8], '^>^>v<^<'], 18, 10, 8, True], [[[0, 1, 2, 3, 4, 5, 6, 7, 8], '<v<^'], 9, 5, 4, True], [[[0, 1, 2, 3, 4, 5, 6, 7, 8], '<<^^'], 7, 5, 4, True], [[[0, 1, 2, 3, 4, 5, 6, 7, 8], '^^>>v<^<'], 20, 11, 8, True], [[[0, 1, 2, 3, 4, 5, 6, 7, 8], 'vv<<^^'], 10, 7, 6, True], [[[0, 1, 2, 3, 4, 5, 6, 7, 8], 'v<^^'], 9, 5, 4, True], [[[0, 1, 2, 3, 4, 5, 6, 7, 8], '<^<^'], 9, 5, 4, True], [[[0, 1, 2, 3, 4, 5, 6, 7, 8], 'v<^>v>^^<<'], 27, 16, 10, True], [[[0, 1, 2, 3, 4, 5, 6, 7, 8], '^>vv<<^^'], 15, 9, 8, True], [[[0, 1, 2, 3, 4, 5, 6, 7, 8], 'v<^>^<'], 17, 9, 6, True], [[[0, 1, 2, 3, 4, 5, 6, 7, 8], '>>^<<^'], 12, 7, 6, True], [[[0, 1, 2, 3, 4, 5, 6, 7, 8], '>v<^^'], 12, 7, 5, True], [[[0, 1, 2, 3, 4, 5, 6, 7, 8], '^^<<v>^<'], 15, 9, 8, True], [[[0, 1, 2, 3, 4, 5, 6, 7, 8], '<<^^>v<^'], 15, 9, 8, True], [[[0, 1, 2, 3, 4, 5, 6, 7, 8], '>v>^^<<'], 14, 8, 7, True], [[[0, 1, 2, 3, 4, 5, 6, 7, 8], '<^^'], 6, 4, 3, True], [[[0, 1, 2, 3, 4, 5, 6, 7, 8], '>>v<^>^<<'], 23, 13, 9, True], [[[0, 1, 2, 3, 4, 5, 6, 7, 8], '<'], 3, 2, 1, True], [[[0, 1, 2, 3, 4, 5, 6, 7, 8], '^<'], 6, 3, 2, True], [[[0, 1, 2, 3, 4, 5, 6, 7, 8], '<v>v>^^<<'], 17, 10, 9, True], [[[0, 1, 2, 3, 4, 5, 6, 7, 8], '^>v>^<^<'], 20, 11, 8, True], [[[0, 1, 2, 3, 4, 5, 6, 7, 8], '<^'], 6, 3, 2, True], [[[0, 1, 2, 3, 4, 5, 6, 7, 8], '<v<^'], 9, 5, 4, True], [[[0, 1, 2, 3, 4, 5, 6, 7, 8], '>^<'], 8, 4, 3, True], [[[0, 1, 2, 3, 4, 5, 6, 7, 8], '>v>v<<^^'], 15, 9, 8, True], [[[0, 1, 2, 3, 4, 5, 6, 7, 8], '^'], 3, 2, 1, True], [[[0, 1, 2, 3, 4, 5, 6, 7, 8], '^<<^'], 9, 5, 4, True], [[[0, 1, 2, 3, 4, 5, 6, 7, 8], 'v>^^<'], 11, 6, 5, True], [[[0, 1, 2, 3, 4, 5, 6, 7, 8], '^>>^<<'], 12, 7, 6, True], [[[0, 1, 2, 3, 4, 5, 6, 7, 8], '>vv>^^<<'], 17, 10, 8, True], [[[0, 1, 2, 3, 4, 5, 6, 7, 8], 'v<^<vv>^<^'], 29, 17, 10, True], [[[0, 1, 2, 3, 4, 5, 6, 7, 8], 'v<v>^<<^'], 20, 11, 8, True], [[[0, 1, 2, 3, 4, 5, 6, 7, 8], 'vv<^>^<<v>^<'], 40, 22, 12, True], [[[0, 1, 2, 3, 4, 5, 6, 7, 8], '^<^<'], 9, 5, 4, True], [[[0, 1, 2, 3, 4, 5, 6, 7, 8], '>^<^'], 9, 5, 4, True], [[[0, 1, 2, 3, 4, 5, 6, 7, 8], '>^<v<^'], 17, 9, 6, True], [[[0, 1, 2, 3, 4, 5, 6, 7, 8], '^>>^<<'], 12, 7, 6, True], [[[0, 1, 2, 3, 4, 5, 6, 7, 8], 'vv<^<^'], 12, 7, 6, True], [[[0, 1, 2, 3, 4, 5, 6, 7, 8], 'vv>^^<v>^<<'], 43, 24, 11, True], [[[0, 1, 2, 3, 4, 5, 6, 7, 8], '^^>v<^'], 12, 7, 6, True], [[[0, 1, 2, 3, 4, 5, 6, 7, 8], '^^<<'], 7, 5, 4, True], [[[0, 1, 2, 3, 4, 5, 6, 7, 8], 'vv<^>^<<v>^<'], 40, 22, 12, True], [[[0, 1, 2, 3, 4, 5, 6, 7, 8], '>^^<'], 9, 5, 4, True], [[[0, 1, 2, 3, 4, 5, 6, 7, 8], '>^>^<<'], 12, 7, 6, True], [[[0, 1, 2, 3, 4, 5, 6, 7, 8], '^<v>v>^^<<v>^<'], 109, 64, 14, True], [[[0, 1, 2, 3, 4, 5, 6, 7, 8], 'v>>^<<vv>^<^'], 37, 21, 12, True], [[[0, 1, 2, 3, 4, 5, 6, 7, 8], '>>v<<^'], 12, 7, 6, True], [[[0, 1, 2, 3, 4, 5, 6, 7, 8], 'v<^>v>^^<v<^'], 50, 28, 12, True], [[[0, 1, 2, 3, 4, 5, 6, 7, 8], '>^>^<v<^'], 20, 11, 8, True], [[[0, 1, 2, 3, 4, 5, 6, 7, 8], 'vv>^>v<^<^'], 25, 14, 10, True], [[[0, 1, 2, 3, 4, 5, 6, 7, 8], 'vv<^<^>v<^'], 30, 16, 10, True], [[[0, 1, 2, 3, 4, 5, 6, 7, 8], '^^'], 4, 3, 2, True], [[[0, 1, 2, 3, 4, 5, 6, 7, 8], '^<v>>^<^<'], 22, 12, 9, True], [[[0, 1, 2, 3, 4, 5, 6, 7, 8], '^<<'], 6, 4, 3, True], [[[0, 1, 2, 3, 4, 5, 6, 7, 8], '<v<^^'], 11, 6, 5, True], [[[0, 1, 2, 3, 4, 5, 6, 7, 8], '<<^'], 8, 4, 3, True], [[[0, 1, 2, 3, 4, 5, 6, 7, 8], '^^>>v<v>^<v<^>^<'], 77, 44, 16, True], [[[0, 1, 2, 3, 4, 5, 6, 7, 8], '>>v<v>^<<^'], 23, 13, 10, True], [[[0, 1, 2, 3, 4, 5, 6, 7, 8], 'vv<^^<'], 12, 7, 6, True], [[[0, 1, 2, 3, 4, 5, 6, 7, 8], 'v<v<^>^<'], 20, 11, 8, True], [[[0, 1, 2, 3, 4, 5, 6, 7, 8], '^<vv>^<^'], 24, 13, 8, True], [[[0, 1, 2, 3, 4, 5, 6, 7, 8], '<<'], 4, 3, 2, True], [[[0, 1, 2, 3, 4, 5, 6, 7, 8], '>^^>v<^<'], 18, 10, 8, True], [[[0, 1, 2, 3, 4, 5, 6, 7, 8], '^'], 3, 2, 1, True], [[[0, 1, 2, 3, 4, 5, 6, 7, 8], 'v>^<'], 9, 5, 4, True], [[[0, 1, 2, 3, 4, 5, 6, 7, 8], '<'], 3, 2, 1, True], [[[0, 1, 2, 3, 4, 5, 6, 7, 8], '^<<^'], 9, 5, 4, True], [[[0, 1, 2, 3, 4, 5, 6, 7, 8], '<^^>v<v>^^<'], 77, 43, 11, True], [[[0, 1, 2, 3, 4, 5, 6, 7, 8], 'v<<^'], 9, 5, 4, True], [[[0, 1, 2, 3, 4, 5, 6, 7, 8], '^<<'], 6, 4, 3, True], [[[0, 1, 2, 3, 4, 5, 6, 7, 8], '<^>v<^^<'], 31, 17, 8, True], [[[0, 1, 2, 3, 4, 5, 6, 7, 8], '<^<^>v<^'], 27, 14, 8, True], [[[0, 1, 2, 3, 4, 5, 6, 7, 8], '<<^'], 8, 4, 3, True], [[[0, 1, 2, 3, 4, 5, 6, 7, 8], '^^>vv<^^'], 15, 9, 8, True], [[[0, 1, 2, 3, 4, 5, 6, 7, 8], '<<v>^<'], 12, 7, 6, True], [[[0, 1, 2, 3, 4, 5, 6, 7, 8], '<v>v<^^<'], 25, 14, 8, True], [[[0, 1, 2, 3, 4, 5, 6, 7, 8], '^<vv<^^'], 14, 8, 7, True], [[[0, 1, 2, 3, 4, 5, 6, 7, 8], '^^'], 4, 3, 2, True], [[[0, 1, 2, 3, 4, 5, 6, 7, 8], '>v<^'], 9, 5, 4, True], [[[0, 1, 2, 3, 4, 5, 6, 7, 8], '>v<^'], 9, 5, 4, True], [[[0, 1, 2, 3, 4, 5, 6, 7, 8], '^>vv<^^'], 14, 8, 7, True], [[[0, 1, 2, 3, 4, 5, 6, 7, 8], 'v<^<^'], 11, 6, 5, True], [[[0, 1, 2, 3, 4, 5, 6, 7, 8], '^^<'], 8, 4, 3, True], [[[0, 1, 2, 3, 4, 5, 6, 7, 8], '<v>^^<'], 17, 9, 6, True], [[[0, 1, 2, 3, 4, 5, 6, 7, 8], '>v<<^>v<^^'], 39, 22, 10, True], [[[0, 1, 2, 3, 4, 5, 6, 7, 8], '^<<^>v>^<<'], 44, 25, 10, True], [[[0, 1, 2, 3, 4, 5, 6, 7, 8], '<^>>v<^<v>^^<'], 57, 34, 13, True], [[[0, 1, 2, 3, 4, 5, 6, 7, 8], '<^>v<v>^^<'], 51, 30, 10, True], [[[0, 1, 2, 3, 4, 5, 6, 7, 8], '^<v<^^'], 12, 7, 6, True], [[[0, 1, 2, 3, 4, 5, 6, 7, 8], '^<v>^>^<<'], 25, 14, 9, True], [[[0, 1, 2, 3, 4, 5, 6, 7, 8], 'v>v<^^<'], 20, 11, 7, True], [[[0, 1, 2, 3, 4, 5, 6, 7, 8], '>^<'], 8, 4, 3, True], [[[0, 1, 2, 3, 4, 5, 6, 7, 8], 'v>^<'], 9, 5, 4, True], [[[0, 1, 2, 3, 4, 5, 6, 7, 8], '^<<v>>^<^<'], 20, 11, 10, True], [[[0, 1, 2, 3, 4, 5, 6, 7, 8], ''], 0, 1, 0, True], [[[0, 1, 2, 3, 4, 5, 6, 7, 8], '>^^<'], 9, 5, 4, True], [[[0, 1, 2, 3, 4, 5, 6, 7, 8], '<'], 3, 2, 1, True], [[[0, 1, 2, 3, 4, 5, 6, 7, 8], '<^>vv<<^^'], 24, 15, 9, True], [[[0, 1, 2, 3, 4, 5, 6, 7, 8], '^^'], 4, 3, 2, True], [[[0, 1, 2, 3, 4, 5, 6, 7, 8], 'vv>^^<<'], 15, 9, 7, True], [[[0, 1, 2, 3, 4, 5, 6, 7, 8], '>>v<^<'], 14, 8, 6, True], [[[0, 1, 2, 3, 4, 5, 6, 7, 8], '^>>^<vv<^^'], 27, 16, 10, True], [[[0, 1, 2, 3, 4, 5, 6, 7, 8], '>^^<'], 9, 5, 4, True], [[[0, 1, 2, 3, 4, 5, 6, 7, 8], '^^<'], 8, 4, 3, True], [[[0, 1, 2, 3, 4, 5, 6, 7, 8], '<^>^<'], 11, 6, 5, True], [[[0, 1, 2, 3, 4, 5, 6, 7, 8], '^^<<'], 7, 5, 4, True], [[[0, 1, 2, 3, 4, 5, 6, 7, 8], '<'], 3, 2, 1, True], [[[0, 1, 2, 3, 4, 5, 6, 7, 8], '^<^'], 8, 4, 3, True], [[[0, 1, 2, 3, 4, 5, 6, 7, 8], '>^>v<^<^'], 20, 11, 8, True], [[[0, 1, 2, 3, 4, 5, 6, 7, 8], '^>v<^<vv>^^<'], 37, 21, 12, True], [[[0, 1, 2, 3, 4, 5, 6, 7, 8], ''], 0, 1, 0, True], [[[0, 1, 2, 3, 4, 5, 6, 7, 8], '^^>v<^'], 12, 7, 6, True], [[[0, 1, 2, 3, 4, 5, 6, 7, 8], '<^'], 6, 3, 2, True], [[[0, 1, 2, 3, 4, 5, 6, 7, 8], '^^'], 4, 3, 2, True], [[[0, 1, 2, 3, 4, 5, 6, 7, 8], 'v>v<<^^>>v<^<'], 44, 26, 13, True], [[[0, 1, 2, 3, 4, 5, 6, 7, 8], 'v>^<<^'], 17, 9, 6, True], [[[0, 1, 2, 3, 4, 5, 6, 7, 8], '^'], 3, 2, 1, True], [[[0, 1, 2, 3, 4, 5, 6, 7, 8], '^^'], 4, 3, 2, True], [[[0, 1, 2, 3, 4, 5, 6, 7, 8], '^^<'], 8, 4, 3, True], [[[0, 1, 2, 3, 4, 5, 6, 7, 8], '<<v>v>^^<<'], 18, 11, 10, True], [[[0, 1, 2, 3, 4, 5, 6, 7, 8], 'vv<^^<'], 12, 7, 6, True], [[[0, 1, 2, 3, 4, 5, 6, 7, 8], '>^<'], 8, 4, 3, True], [[[0, 1, 2, 3, 4, 5, 6, 7, 8], '<vv>>^<<^'], 21, 12, 9, True], [[[0, 1, 2, 3, 4, 5, 6, 7, 8], '^<v>v<<^^'], 24, 15, 9, True], [[[0, 1, 2, 3, 4, 5, 6, 7, 8], 'v>^<vv>^<^'], 33, 18, 10, True], [[[0, 1, 2, 3, 4, 5, 6, 7, 8], '>^^<'], 9, 5, 4, True], [[[0, 1, 2, 3, 4, 5, 6, 7, 8], '>^<vv>>^<^<'], 54, 30, 11, True], [[[0, 1, 2, 3, 4, 5, 6, 7, 8], '>^<^'], 9, 5, 4, True], [[[0, 1, 2, 3, 4, 5, 6, 7, 8], '>v<^^'], 12, 7, 5, True], [[[0, 1, 2, 3, 4, 5, 6, 7, 8], '>^^<<vv>>^<^<'], 23, 14, 13, True], [[[0, 1, 2, 3, 4, 5, 6, 7, 8], 'v>^>v<<^^'], 40, 23, 9, True], [[[0, 1, 2, 3, 4, 5, 6, 7, 8], '^^<<'], 7, 5, 4, True], [[[0, 1, 2, 3, 4, 5, 6, 7, 8], '^^<<v>^<'], 15, 9, 8, True], [[[0, 1, 2, 3, 4, 5, 6, 7, 8], '>v<v>^>v<<^^'], 78, 46, 12, True], [[[0, 1, 2, 3, 4, 5, 6, 7, 8], '^<^'], 8, 4, 3, True], [[[0, 1, 2, 3, 4, 5, 6, 7, 8], '>v<<^>^<'], 17, 9, 8, True], [[[0, 1, 2, 3, 4, 5, 6, 7, 8], '^<v>>v<<^>^<'], 33, 18, 12, True], [[[0, 1, 2, 3, 4, 5, 6, 7, 8], '>^>v<^<'], 17, 9, 7, True], [[[0, 1, 2, 3, 4, 5, 6, 7, 8], '<^'], 6, 3, 2, True], [[[0, 1, 2, 3, 4, 5, 6, 7, 8], '<<v>^^>v<<^'], 40, 22, 11, True], [[[0, 1, 2, 3, 4, 5, 6, 7, 8], ''], 0, 1, 0, True], [[[0, 1, 2, 3, 4, 5, 6, 7, 8], '<v>^^<<'], 18, 11, 7, True], [[[0, 1, 2, 3, 4, 5, 6, 7, 8], '<^<'], 8, 4, 3, True], [[[0, 1, 2, 3, 4, 5, 6, 7, 8], '>>^<^<'], 12, 7, 6, True], [[[0, 1, 2, 3, 4, 5, 6, 7, 8], '^<<^'], 9, 5, 4, True], [[[0, 1, 2, 3, 4, 5, 6, 7, 8], '^>v>^<^<'], 20, 11, 8, True], [[[0, 1, 2, 3, 4, 5, 6, 7, 8], '^>^<'], 9, 5, 4, True], [[[0, 1, 2, 3, 4, 5, 6, 7, 8], '^<v<^^'], 12, 7, 6, True], [[[0, 1, 2, 3, 4, 5, 6, 7, 8], '<^'], 6, 3, 2, True], [[[0, 1, 2, 3, 4, 5, 6, 7, 8], '^<vv>^^<'], 17, 9, 8, True], [[[0, 1, 2, 3, 4, 5, 6, 7, 8], 'v<^>^<'], 17, 9, 6, True], [[[0, 1, 2, 3, 4, 5, 6, 7, 8], 'vv>^^<<'], 15, 9, 7, True], [[[0, 1, 2, 3, 4, 5, 6, 7, 8], '^<^>v<v>^^<'], 70, 40, 11, True], [[[0, 1, 2, 3, 4, 5, 6, 7, 8], 'v<^'], 8, 4, 3, True], [[[0, 1, 2, 3, 4, 5, 6, 7, 8], '>>v<^<'], 14, 8, 6, True], [[[0, 1, 2, 3, 4, 5, 6, 7, 8], '<^<'], 8, 4, 3, True], [[[0, 1, 2, 3, 4, 5, 6, 7, 8], 'vv<<^^'], 10, 7, 6, True], [[[0, 1, 2, 3, 4, 5, 6, 7, 8], '^^<v>v<^<^'], 29, 16, 10, True], [[[0, 1, 2, 3, 4, 5, 6, 7, 8], '<<^>^>v<^<'], 21, 12, 10, True], [[[0, 1, 2, 3, 4, 5, 6, 7, 8], 'v<v>>^^<<'], 18, 11, 9, True], [[[0, 1, 2, 3, 4, 5, 6, 7, 8], '^>v<^'], 11, 6, 5, True], [[[0, 1, 2, 3, 4, 5, 6, 7, 8], 'v<<^>^>vv<<^^'], 24, 15, 13, True], [[[0, 1, 2, 3, 4, 5, 6, 7, 8], 'v>v<<^^'], 14, 8, 7, True], [[[0, 1, 2, 3, 4, 5, 6, 7, 8], '^^>v<^'], 12, 7, 6, True], [[[0, 1, 2, 3, 4, 5, 6, 7, 8], '^<^'], 8, 4, 3, True], [[[0, 1, 2, 3, 4, 5, 6, 7, 8], 'v<v<^^'], 12, 7, 6, True], [[[0, 1, 2, 3, 4, 5, 6, 7, 8], '>vv<^^'], 12, 7, 6, True], [[[0, 1, 2, 3, 4, 5, 6, 7, 8], '^<'], 6, 3, 2, True], [[[0, 1, 2, 3, 4, 5, 6, 7, 8], '<^>^>vv<<^^'], 21, 13, 11, True], [[[0, 1, 2, 3, 4, 5, 6, 7, 8], '>^<<'], 9, 5, 4, True], [[[0, 1, 2, 3, 4, 5, 6, 7, 8], '<^^<v>^>v<<^'], 64, 38, 12, True], [[[0, 1, 2, 3, 4, 5, 6, 7, 8], 'v>v<<^^'], 14, 8, 7, True], [[[0, 1, 2, 3, 4, 5, 6, 7, 8], '<<v>>^<vv>^<<^'], 65, 38, 14, True], [[[0, 1, 2, 3, 4, 5, 6, 7, 8], '<^>^<vv>^<^'], 50, 29, 11, True], [[[0, 1, 2, 3, 4, 5, 6, 7, 8], 'v>^^<'], 11, 6, 5, True], [[[0, 1, 2, 3, 4, 5, 6, 7, 8], '>v<^'], 9, 5, 4, True], [[[0, 1, 2, 3, 4, 5, 6, 7, 8], '^<^>>v<^<'], 26, 15, 9, True], [[[0, 1, 2, 3, 4, 5, 6, 7, 8], '>^>v<<^'], 23, 13, 7, True], [[[0, 1, 2, 3, 4, 5, 6, 7, 8], '^>>^<<'], 12, 7, 6, True], [[[0, 1, 2, 3, 4, 5, 6, 7, 8], '^'], 3, 2, 1, True], [[[0, 1, 2, 3, 4, 5, 6, 7, 8], '>^>v<^<v>^^<'], 36, 20, 12, True], [[[0, 1, 2, 3, 4, 5, 6, 7, 8], '^^>>v<<^'], 15, 9, 8, True], [[[0, 1, 2, 3, 4, 5, 6, 7, 8], '<v<^^'], 11, 6, 5, True], [[[0, 1, 2, 3, 4, 5, 6, 7, 8], '<'], 3, 2, 1, True], [[[0, 1, 2, 3, 4, 5, 6, 7, 8], '<^>v>^<^<'], 25, 14, 9, True], [[[0, 1, 2, 3, 4, 5, 6, 7, 8], '<<'], 4, 3, 2, True], [[[0, 1, 2, 3, 4, 5, 6, 7, 8], '<v>^<<'], 13, 8, 6, True], [[[0, 1, 2, 3, 4, 5, 6, 7, 8], 'vv<^^<'], 12, 7, 6, True], [[[0, 1, 2, 3, 4, 5, 6, 7, 8], '>v<<^^'], 12, 7, 6, True], [[[0, 1, 2, 3, 4, 5, 6, 7, 8], '^>>v<^<^'], 22, 12, 8, True], [[[0, 1, 2, 3, 4, 5, 6, 7, 8], 'v<<^^'], 9, 6, 5, True], [[[0, 1, 2, 3, 4, 5, 6, 7, 8], '<<^'], 8, 4, 3, True], [[[0, 1, 2, 3, 4, 5, 6, 7, 8], '<<'], 4, 3, 2, True], [[[0, 1, 2, 3, 4, 5, 6, 7, 8], '<<^>v<^^'], 25, 15, 8, True], [[[0, 1, 2, 3, 4, 5, 6, 7, 8], '>v<^>>v<^<'], 36, 20, 10, True], [[[0, 1, 2, 3, 4, 5, 6, 7, 8], '<<'], 4, 3, 2, True], [[[0, 1, 2, 3, 4, 5, 6, 7, 8], 'vv>^^<'], 12, 7, 6, True], [[[0, 1, 2, 3, 4, 5, 6, 7, 8], '>^^<<'], 9, 6, 5, True], [[[0, 1, 2, 3, 4, 5, 6, 7, 8], '>^<'], 8, 4, 3, True], [[[0, 1, 2, 3, 4, 5, 6, 7, 8], '<vv<^^'], 12, 7, 6, True], [[[0, 1, 2, 3, 4, 5, 6, 7, 8], '>>^<<'], 11, 6, 5, True], [[[0, 1, 2, 3, 4, 5, 6, 7, 8], ''], 0, 1, 0, True], [[[0, 1, 2, 3, 4, 5, 6, 7, 8], '>^<^<'], 11, 6, 5, True], [[[0, 1, 2, 3, 4, 5, 6, 7, 8], 'vv>^<v>>^<<^'], 72, 40, 12, True], [[[0, 1, 2, 3, 4, 5, 6, 7, 8], '>v<^>vv>^^<<'], 57, 33, 12, True], [[[0, 1, 2, 3, 4, 5, 6, 7, 8], '^>v<^'], 11, 6, 5, True], [[[0, 1, 2, 3, 4, 5, 6, 7, 8], '<^>v<^<^'], 33, 18, 8, True], [[[0, 1, 2, 3, 4, 5, 6, 7, 8], '^>v<^^'], 13, 8, 6, True], [[[0, 1, 2, 3, 4, 5, 6, 7, 8], '>>v<^<'], 14, 8, 6, True], [[[0, 1, 2, 3, 4, 5, 6, 7, 8], 'v>^<^<'], 17, 9, 6, True], [[[0, 1, 2, 3, 4, 5, 6, 7, 8], '^^<'], 8, 4, 3, True], [[[0, 1, 2, 3, 4, 5, 6, 7, 8], 'v<^'], 8, 4, 3, True], [[[0, 1, 2, 3, 4, 5, 6, 7, 8], '<^<v>^>v<<^>^<'], 85, 49, 14, True], [[[0, 1, 2, 3, 4, 5, 6, 7, 8], 'v>v<<^>^<'], 20, 11, 9, True], [[[0, 1, 2, 3, 4, 5, 6, 7, 8], '>^^<<'], 9, 6, 5, True], [[[0, 1, 2, 3, 4, 5, 6, 7, 8], '<v>>^<<'], 14, 8, 7, True], [[[0, 1, 2, 3, 4, 5, 6, 7, 8], '^<<^'], 9, 5, 4, True], [[[0, 1, 2, 3, 4, 5, 6, 7, 8], ''], 0, 1, 0, True], [[[0, 1, 2, 3, 4, 5, 6, 7, 8], '<^<'], 8, 4, 3, True], [[[0, 1, 2, 3, 4, 5, 6, 7, 8], '<<^^>v>^<<'], 33, 19, 10, True], [[[0, 1, 2, 3, 4, 5, 6, 7, 8], '<^>v<<^>v<^'], 51, 27, 11, True], [[[0, 1, 2, 3, 4, 5, 6, 7, 8], '>v<<^^'], 12, 7, 6, True], [[[0, 1, 2, 3, 4, 5, 6, 7, 8], '<<^'], 8, 4, 3, True], [[[0, 1, 2, 3, 4, 5, 6, 7, 8], '^>^<'], 9, 5, 4, True], [[[0, 1, 2, 3, 4, 5, 6, 7, 8], 'v<^>^<'], 17, 9, 6, True], [[[0, 1, 2, 3, 4, 5, 6, 7, 8], '^<v<^'], 11, 6, 5, True], [[[0, 1, 2, 3, 4, 5, 6, 7, 8], '^^<<'], 7, 5, 4, True], [[[0, 1, 2, 3, 4, 5, 6, 7, 8], '>^>v<<^>v<^'], 49, 26, 11, True], [[[0, 1, 2, 3, 4, 5, 6, 7, 8], '>v<^>v>^<<'], 37, 21, 10, True], [[[0, 1, 2, 3, 4, 5, 6, 7, 8], '^>>v<<^>v>^<<'], 109, 65, 13, True], [[[0, 1, 2, 3, 4, 5, 6, 7, 8], '^<<'], 6, 4, 3, True], [[[0, 1, 2, 3, 4, 5, 6, 7, 8], 'vv>^>^<v<^'], 25, 14, 10, True], [[[0, 1, 2, 3, 4, 5, 6, 7, 8], '^^>v<^'], 12, 7, 6, True], [[[0, 1, 2, 3, 4, 5, 6, 7, 8], '<v>^<'], 11, 6, 5, True], [[[0, 1, 2, 3, 4, 5, 6, 7, 8], '^<vv<^^'], 14, 8, 7, True], [[[0, 1, 2, 3, 4, 5, 6, 7, 8], '>vv<^^'], 12, 7, 6, True], [[[0, 1, 2, 3, 4, 5, 6, 7, 8], '>^^>v<<^>v<^'], 41, 22, 12, True], [[[0, 1, 2, 3, 4, 5, 6, 7, 8], '<<'], 4, 3, 2, True], [[[0, 1, 2, 3, 4, 5, 6, 7, 8], '>v<<^>vv>^<<^'], 60, 33, 13, True], [[[0, 1, 2, 3, 4, 5, 6, 7, 8], 'vv<^^>v<^<'], 24, 14, 10, True], [[[0, 1, 2, 3, 4, 5, 6, 7, 8], '^<<^'], 9, 5, 4, True], [[[0, 1, 2, 3, 4, 5, 6, 7, 8], 'vv>^>^<<'], 15, 9, 8, True], [[[0, 1, 2, 3, 4, 5, 6, 7, 8], '<^>^<'], 11, 6, 5, True], [[[0, 1, 2, 3, 4, 5, 6, 7, 8], '<<^>v<^'], 26, 13, 7, True], [[[0, 1, 2, 3, 4, 5, 6, 7, 8], '^^>vv<^^'], 15, 9, 8, True], [[[0, 1, 2, 3, 4, 5, 6, 7, 8], '^<<^'], 9, 5, 4, True], [[[0, 1, 2, 3, 4, 5, 6, 7, 8], '<v<^'], 9, 5, 4, True], [[[0, 1, 2, 3, 4, 5, 6, 7, 8], '^<'], 6, 3, 2, True], [[[0, 1, 2, 3, 4, 5, 6, 7, 8], '<v>v<^>^<<'], 25, 15, 10, True], [[[0, 1, 2, 3, 4, 5, 6, 7, 8], '>^<^'], 9, 5, 4, True], [[[0, 1, 2, 3, 4, 5, 6, 7, 8], '<^<^'], 9, 5, 4, True], [[[0, 1, 2, 3, 4, 5, 6, 7, 8], '<vv>^^<v<^'], 20, 11, 10, True], [[[0, 1, 2, 3, 4, 5, 6, 7, 8], 'v<<^>v<v>^^<'], 70, 41, 12, True], [[[0, 1, 2, 3, 4, 5, 6, 7, 8], '<<'], 4, 3, 2, True], [[[0, 1, 2, 3, 4, 5, 6, 7, 8], 'v>^<'], 9, 5, 4, True], [[[0, 1, 2, 3, 4, 5, 6, 7, 8], '<^>>^<<'], 14, 8, 7, True], [[[0, 1, 2, 3, 4, 5, 6, 7, 8], '<^^'], 6, 4, 3, True], [[[0, 1, 2, 3, 4, 5, 6, 7, 8], '^'], 3, 2, 1, True], [[[0, 1, 2, 3, 4, 5, 6, 7, 8], '^<v>^<<'], 29, 16, 7, True], [[[0, 1, 2, 3, 4, 5, 6, 7, 8], '>^<v<^'], 17, 9, 6, True], [[[0, 1, 2, 3, 4, 5, 6, 7, 8], '<<v>^<'], 12, 7, 6, True], [[[0, 1, 2, 3, 4, 5, 6, 7, 8], '<^<^'], 9, 5, 4, True], [[[0, 1, 2, 3, 4, 5, 6, 7, 8], '>^<v>v<^^'], 32, 19, 9, True], [[[0, 1, 2, 3, 4, 5, 6, 7, 8], '>^^<<'], 9, 6, 5, True], [[[0, 1, 2, 3, 4, 5, 6, 7, 8], '<^>v>^<<'], 28, 16, 8, True], [[[0, 1, 2, 3, 4, 5, 6, 7, 8], '^^>v<^<v>v<^>^<'], 74, 41, 15, True], [[[0, 1, 2, 3, 4, 5, 6, 7, 8], '^'], 3, 2, 1, True], [[[0, 1, 2, 3, 4, 5, 6, 7, 8], 'v>^<v<^^'], 21, 12, 8, True], [[[0, 1, 2, 3, 4, 5, 6, 7, 8], '<^<^'], 9, 5, 4, True], [[[0, 1, 2, 3, 4, 5, 6, 7, 8], '^>>v<<^^'], 16, 10, 8, True], [[[0, 1, 2, 3, 4, 5, 6, 7, 8], '>v>^<v<^'], 20, 11, 8, True], [[[0, 1, 2, 3, 4, 5, 6, 7, 8], '<^^>>v<<^'], 17, 10, 9, True], [[[0, 1, 2, 3, 4, 5, 6, 7, 8], '>v<v>^<^'], 18, 10, 8, True], [[[0, 1, 2, 3, 4, 5, 6, 7, 8], 'v>^<<'], 12, 7, 5, True], [[[0, 1, 2, 3, 4, 5, 6, 7, 8], '^>>v<<^'], 14, 8, 7, True], [[[0, 1, 2, 3, 4, 5, 6, 7, 8], 'v<^>^<'], 17, 9, 6, True], [[[0, 1, 2, 3, 4, 5, 6, 7, 8], 'vv<^>>v<<^^'], 41, 24, 11, True], [[[0, 1, 2, 3, 4, 5, 6, 7, 8], 'v>v<<^^'], 14, 8, 7, True], [[[0, 1, 2, 3, 4, 5, 6, 7, 8], '<v<^^'], 11, 6, 5, True], [[[0, 1, 2, 3, 4, 5, 6, 7, 8], '<<'], 4, 3, 2, True], [[[0, 1, 2, 3, 4, 5, 6, 7, 8], '<^<^'], 9, 5, 4, True], [[[0, 1, 2, 3, 4, 5, 6, 7, 8], '>v<^'], 9, 5, 4, True], [[[0, 1, 2, 3, 4, 5, 6, 7, 8], '>>^<vv>^<v<^^'], 40, 24, 13, True], [[[0, 1, 2, 3, 4, 5, 6, 7, 8], '^^<<'], 7, 5, 4, True], [[[0, 1, 2, 3, 4, 5, 6, 7, 8], '<v>^<^'], 15, 8, 6, True], [[[0, 1, 2, 3, 4, 5, 6, 7, 8], '>v<^>>v<<^^'], 50, 30, 11, True], [[[0, 1, 2, 3, 4, 5, 6, 7, 8], '<v>^<<^'], 19, 10, 7, True], [[[0, 1, 2, 3, 4, 5, 6, 7, 8], '<<'], 4, 3, 2, True], [[[0, 1, 2, 3, 4, 5, 6, 7, 8], '<^>v<^^'], 24, 14, 7, True], [[[0, 1, 2, 3, 4, 5, 6, 7, 8], '>^<<^>v<^'], 29, 15, 9, True], [[[0, 1, 2, 3, 4, 5, 6, 7, 8], '<<^'], 8, 4, 3, True], [[[0, 1, 2, 3, 4, 5, 6, 7, 8], '>^^<'], 9, 5, 4, True], [[[0, 1, 2, 3, 4, 5, 6, 7, 8], '<^>v<^'], 24, 12, 6, True], [[[0, 1, 2, 3, 4, 5, 6, 7, 8], '<^<^>v>^<<'], 33, 20, 10, True], [[[0, 1, 2, 3, 4, 5, 6, 7, 8], '^>v>^^<<'], 15, 9, 8, True], [[[0, 1, 2, 3, 4, 5, 6, 7, 8], '<<^'], 8, 4, 3, True], [[[0, 1, 2, 3, 4, 5, 6, 7, 8], '<v>^<^'], 15, 8, 6, True], [[[0, 1, 2, 3, 4, 5, 6, 7, 8], '^<<'], 6, 4, 3, True], [[[0, 1, 2, 3, 4, 5, 6, 7, 8], 'v<^^<'], 11, 6, 5, True], [[[0, 1, 2, 3, 4, 5, 6, 7, 8], '<'], 3, 2, 1, True], [[[0, 1, 2, 3, 4, 5, 6, 7, 8], '^<<^>vv<^^'], 25, 14, 10, True], [[[0, 1, 2, 3, 4, 5, 6, 7, 8], '>v<^<'], 12, 7, 5, True], [[[0, 1, 2, 3, 4, 5, 6, 7, 8], 'v<v>^<<^'], 20, 11, 8, True], [[[0, 1, 2, 3, 4, 5, 6, 7, 8], '<v>v<^^'], 21, 12, 7, True], [[[0, 1, 2, 3, 4, 5, 6, 7, 8], '^>>v<^<'], 18, 10, 7, True], [[[0, 1, 2, 3, 4, 5, 6, 7, 8], '^<^<'], 9, 5, 4, True], [[[0, 1, 2, 3, 4, 5, 6, 7, 8], '^>v<<^>v<^'], 38, 20, 10, True], [[[0, 1, 2, 3, 4, 5, 6, 7, 8], 'v<^'], 8, 4, 3, True], [[[0, 1, 2, 3, 4, 5, 6, 7, 8], ''], 0, 1, 0, True], [[[0, 1, 2, 3, 4, 5, 6, 7, 8], '<^^'], 6, 4, 3, True], [[[0, 1, 2, 3, 4, 5, 6, 7, 8], '^>v<<^>^<'], 22, 12, 9, True], [[[0, 1, 2, 3, 4, 5, 6, 7, 8], 'vv<^^'], 11, 6, 5, True], [[[0, 1, 2, 3, 4, 5, 6, 7, 8], '^<'], 6, 3, 2, True], [[[0, 1, 2, 3, 4, 5, 6, 7, 8], 'v<<^'], 9, 5, 4, True], [[[0, 1, 2, 3, 4, 5, 6, 7, 8], '<v<^'], 9, 5, 4, True], [[[0, 1, 2, 3, 4, 5, 6, 7, 8], '<^'], 6, 3, 2, True], [[[0, 1, 2, 3, 4, 5, 6, 7, 8], '<^<^'], 9, 5, 4, True], [[[0, 1, 2, 3, 4, 5, 6, 7, 8], '>^<'], 8, 4, 3, True], [[[0, 1, 2, 3, 4, 5, 6, 7, 8], '>v>v<<^^'], 15, 9, 8, True], [[[0, 1, 2, 3, 4, 5, 6, 7, 8], '>>v<v<^^>v<^'], 25, 14, 12, True], [[[0, 1, 2, 3, 4, 5, 6, 7, 8], '^<^'], 8, 4, 3, True], [[[0, 1, 2, 3, 4, 5, 6, 7, 8], 'v<v>^>^<v<^'], 40, 22, 11, True], [[[0, 1, 2, 3, 4, 5, 6, 7, 8], '>^<^'], 9, 5, 4, True], [[[0, 1, 2, 3, 4, 5, 6, 7, 8], '^<^'], 8, 4, 3, True], [[[0, 1, 2, 3, 4, 5, 6, 7, 8], 'v>>^<<'], 12, 7, 6, True], [[[0, 1, 2, 3, 4, 5, 6, 7, 8], '>^<^>v<^<'], 30, 17, 9, True], [[[0, 1, 2, 3, 4, 5, 6, 7, 8], '<'], 3, 2, 1, True], [[[0, 1, 2, 3, 4, 5, 6, 7, 8], '^>^<'], 9, 5, 4, True], [[[0, 1, 2, 3, 4, 5, 6, 7, 8], '<v<^'], 9, 5, 4, True], [[[0, 1, 2, 3, 4, 5, 6, 7, 8], 'v<<^^'], 9, 6, 5, True], [[[0, 1, 2, 3, 4, 5, 6, 7, 8], 'v>^<'], 9, 5, 4, True], [[[0, 1, 2, 3, 4, 5, 6, 7, 8], 'v<<^^'], 9, 6, 5, True], [[[0, 1, 2, 3, 4, 5, 6, 7, 8], '^^<'], 8, 4, 3, True], [[[0, 1, 2, 3, 4, 5, 6, 7, 8], '>^<'], 8, 4, 3, True], [[[0, 1, 2, 3, 4, 5, 6, 7, 8], '^<<^'], 9, 5, 4, True], [[[0, 1, 2, 3, 4, 5, 6, 7, 8], '>^<v<^^'], 18, 11, 7, True], [[[0, 1, 2, 3, 4, 5, 6, 7, 8], 'v>v<<^^'], 14, 8, 7, True], [[[0, 1, 2, 3, 4, 5, 6, 7, 8], '>^<'], 8, 4, 3, True], [[[0, 1, 2, 3, 4, 5, 6, 7, 8], '^>^<'], 9, 5, 4, True], [[[0, 1, 2, 3, 4, 5, 6, 7, 8], '<^<'], 8, 4, 3, True], [[[0, 1, 2, 3, 4, 5, 6, 7, 8], '<v>>^<<'], 14, 8, 7, True], [[[0, 1, 2, 3, 4, 5, 6, 7, 8], 'vv<^<^'], 12, 7, 6, True], [[[0, 1, 2, 3, 4, 5, 6, 7, 8], '>^^<<'], 9, 6, 5, True], [[[0, 1, 2, 3, 4, 5, 6, 7, 8], 'v<^<'], 9, 5, 4, True], [[[0, 1, 2, 3, 4, 5, 6, 7, 8], 'v>^^<<'], 12, 7, 6, True], [[[0, 1, 2, 3, 4, 5, 6, 7, 8], '<^>vv<^<^'], 22, 12, 9, True], [[[0, 1, 2, 3, 4, 5, 6, 7, 8], '<<'], 4, 3, 2, True], [[[0, 1, 2, 3, 4, 5, 6, 7, 8], '<<^>v>v<<^>^<'], 102, 59, 13, True], [[[0, 1, 2, 3, 4, 5, 6, 7, 8], '^<^'], 8, 4, 3, True], [[[0, 1, 2, 3, 4, 5, 6, 7, 8], '^<<^'], 9, 5, 4, True], [[[0, 1, 2, 3, 4, 5, 6, 7, 8], 'v>>v<<^^'], 17, 10, 8, True], [[[0, 1, 2, 3, 4, 5, 6, 7, 8], '^'], 3, 2, 1, True], [[[0, 1, 2, 3, 4, 5, 6, 7, 8], '^^'], 4, 3, 2, True], [[[0, 1, 2, 3, 4, 5, 6, 7, 8], 'v<<^^'], 9, 6, 5, True], [[[0, 1, 2, 3, 4, 5, 6, 7, 8], '^>>^<<'], 12, 7, 6, True], [[[0, 1, 2, 3, 4, 5, 6, 7, 8], '^>v>^<^<'], 20, 11, 8, True], [[[0, 1, 2, 3, 4, 5, 6, 7, 8], 'v>v<<^^'], 14, 8, 7, True], [[[0, 1, 2, 3, 4, 5, 6, 7, 8], '<<^^'], 7, 5, 4, True], [[[0, 1, 2, 3, 4, 5, 6, 7, 8], 'v>^<^<'], 17, 9, 6, True], [[[0, 1, 2, 3, 4, 5, 6, 7, 8], '^<<^'], 9, 5, 4, True], [[[0, 1, 2, 3, 4, 5, 6, 7, 8], '^^<<'], 7, 5, 4, True], [[[0, 1, 2, 3, 4, 5, 6, 7, 8], '^<'], 6, 3, 2, True], [[[0, 1, 2, 3, 4, 5, 6, 7, 8], '<^^<'], 9, 5, 4, True], [[[0, 1, 2, 3, 4, 5, 6, 7, 8], '<^>v>^<<'], 28, 16, 8, True], [[[0, 1, 2, 3, 4, 5, 6, 7, 8], '<'], 3, 2, 1, True], [[[0, 1, 2, 3, 4, 5, 6, 7, 8], '>>v<^<'], 14, 8, 6, True], [[[0, 1, 2, 3, 4, 5, 6, 7, 8], '^<<^'], 9, 5, 4, True], [[[0, 1, 2, 3, 4, 5, 6, 7, 8], '^<^>v<^'], 26, 13, 7, True], [[[0, 1, 2, 3, 4, 5, 6, 7, 8], '<v>v<^^>v<^'], 42, 24, 11, True], [[[0, 1, 2, 3, 4, 5, 6, 7, 8], '<^>v<^^'], 24, 14, 7, True], [[[0, 1, 2, 3, 4, 5, 6, 7, 8], 'vv>^<^'], 14, 8, 6, True], [[[0, 1, 2, 3, 4, 5, 6, 7, 8], '^<^>vv>^^<<'], 52, 30, 11, True], [[[0, 1, 2, 3, 4, 5, 6, 7, 8], '^>vv<^^>v<^'], 35, 20, 11, True], [[[0, 1, 2, 3, 4, 5, 6, 7, 8], '>^<^<v>v<^^'], 41, 24, 11, True], [[[0, 1, 2, 3, 4, 5, 6, 7, 8], 'v>^>v<^<'], 18, 10, 8, True], [[[0, 1, 2, 3, 4, 5, 6, 7, 8], '^^<v<^'], 12, 7, 6, True], [[[0, 1, 2, 3, 4, 5, 6, 7, 8], 'v<<^'], 9, 5, 4, True], [[[0, 1, 2, 3, 4, 5, 6, 7, 8], '<v<^'], 9, 5, 4, True], [[[0, 1, 2, 3, 4, 5, 6, 7, 8], '<v>v<^^'], 21, 12, 7, True], [[[0, 1, 2, 3, 4, 5, 6, 7, 8], '>vv<^>^<<'], 33, 18, 9, True], [[[0, 1, 2, 3, 4, 5, 6, 7, 8], '>>^<<^'], 12, 7, 6, True], [[[0, 1, 2, 3, 4, 5, 6, 7, 8], 'v>^^<'], 11, 6, 5, True], [[[0, 1, 2, 3, 4, 5, 6, 7, 8], 'vv>^<<^'], 19, 10, 7, True], [[[0, 1, 2, 3, 4, 5, 6, 7, 8], '>vv<^<^'], 14, 8, 7, True], [[[0, 1, 2, 3, 4, 5, 6, 7, 8], '>^^<v<^'], 14, 8, 7, True], [[[0, 1, 2, 3, 4, 5, 6, 7, 8], '>>^<<'], 11, 6, 5, True], [[[0, 1, 2, 3, 4, 5, 6, 7, 8], '>^<'], 8, 4, 3, True], [[[0, 1, 2, 3, 4, 5, 6, 7, 8], '^>v<<^'], 17, 9, 6, True], [[[0, 1, 2, 3, 4, 5, 6, 7, 8], 'v<v>^<^>v<<^'], 36, 20, 12, True], [[[0, 1, 2, 3, 4, 5, 6, 7, 8], '^>>^<<'], 12, 7, 6, True], [[[0, 1, 2, 3, 4, 5, 6, 7, 8], '^>^<<'], 11, 6, 5, True], [[[0, 1, 2, 3, 4, 5, 6, 7, 8], '>^^<<v>^>v<<^'], 118, 66, 13, True], [[[0, 1, 2, 3, 4, 5, 6, 7, 8], ''], 0, 1, 0, True], [[[0, 1, 2, 3, 4, 5, 6, 7, 8], '>^<^<'], 11, 6, 5, True], [[[0, 1, 2, 3, 4, 5, 6, 7, 8], '^'], 3, 2, 1, True], [[[0, 1, 2, 3, 4, 5, 6, 7, 8], '^<vv>^<^'], 24, 13, 8, True], [[[0, 1, 2, 3, 4, 5, 6, 7, 8], 'v<v<^>^<'], 20, 11, 8, True], [[[0, 1, 2, 3, 4, 5, 6, 7, 8], '<'], 3, 2, 1, True], [[[0, 1, 2, 3, 4, 5, 6, 7, 8], '>>v<<^'], 12, 7, 6, True], [[[0, 1, 2, 3, 4, 5, 6, 7, 8], 'v<^<^>>vv<^^<'], 57, 33, 13, True], [[[0, 1, 2, 3, 4, 5, 6, 7, 8], '<<vv>^>^<<'], 18, 11, 10, True], [[[0, 1, 2, 3, 4, 5, 6, 7, 8], '^^>v>v<^<^'], 23, 13, 10, True], [[[0, 1, 2, 3, 4, 5, 6, 7, 8], '<'], 3, 2, 1, True], [[[0, 1, 2, 3, 4, 5, 6, 7, 8], '<^<'], 8, 4, 3, True], [[[0, 1, 2, 3, 4, 5, 6, 7, 8], '<v>>^<<^'], 18, 10, 8, True], [[[0, 1, 2, 3, 4, 5, 6, 7, 8], '<<v>^^<'], 19, 10, 7, True], [[[0, 1, 2, 3, 4, 5, 6, 7, 8], '^'], 3, 2, 1, True], [[[0, 1, 2, 3, 4, 5, 6, 7, 8], '<<^^'], 7, 5, 4, True], [[[0, 1, 2, 3, 4, 5, 6, 7, 8], 'v>^<<^'], 17, 9, 6, True], [[[0, 1, 2, 3, 4, 5, 6, 7, 8], '^^'], 4, 3, 2, True], [[[0, 1, 2, 3, 4, 5, 6, 7, 8], '^>v<^<'], 15, 8, 6, True], [[[0, 1, 2, 3, 4, 5, 6, 7, 8], '>^<^>v<^<'], 30, 17, 9, True], [[[0, 1, 2, 3, 4, 5, 6, 7, 8], 'v<^^'], 9, 5, 4, True], [[[0, 1, 2, 3, 4, 5, 6, 7, 8], '>vv<^^'], 12, 7, 6, True], [[[0, 1, 2, 3, 4, 5, 6, 7, 8], '<^^'], 6, 4, 3, True], [[[0, 1, 2, 3, 4, 5, 6, 7, 8], 'v>^^<<'], 12, 7, 6, True], [[[0, 1, 2, 3, 4, 5, 6, 7, 8], '<v>^<^<'], 19, 10, 7, True], [[[0, 1, 2, 3, 4, 5, 6, 7, 8], '<v>^<'], 11, 6, 5, True], [[[0, 1, 2, 3, 4, 5, 6, 7, 8], '>v<^'], 9, 5, 4, True], [[[0, 1, 2, 3, 4, 5, 6, 7, 8], 'v<^'], 8, 4, 3, True], [[[0, 1, 2, 3, 4, 5, 6, 7, 8], '^>>v<<^'], 14, 8, 7, True], [[[0, 1, 2, 3, 4, 5, 6, 7, 8], '<vv>^<<^'], 20, 11, 8, True], [[[0, 1, 2, 3, 4, 5, 6, 7, 8], 'v<<v>^<^'], 18, 10, 8, True], [[[0, 1, 2, 3, 4, 5, 6, 7, 8], '^>>^<<'], 12, 7, 6, True], [[[0, 1, 2, 3, 4, 5, 6, 7, 8], '^^<<'], 7, 5, 4, True], [[[0, 1, 2, 3, 4, 5, 6, 7, 8], '<v>^<^'], 15, 8, 6, True], [[[0, 1, 2, 3, 4, 5, 6, 7, 8], '<v>v<^>^<'], 22, 12, 9, True], [[[0, 1, 2, 3, 4, 5, 6, 7, 8], '>^>v<^<'], 17, 9, 7, True], [[[0, 1, 2, 3, 4, 5, 6, 7, 8], 'v<^^'], 9, 5, 4, True], [[[0, 1, 2, 3, 4, 5, 6, 7, 8], '<<^^'], 7, 5, 4, True], [[[0, 1, 2, 3, 4, 5, 6, 7, 8], 'v>>^<<^'], 15, 9, 7, True], [[[0, 1, 2, 3, 4, 5, 6, 7, 8], '<<^>v<^'], 26, 13, 7, True], [[[0, 1, 2, 3, 4, 5, 6, 7, 8], 'vv<^^<'], 12, 7, 6, True], [[[0, 1, 2, 3, 4, 5, 6, 7, 8], '>vv>^<<^'], 20, 11, 8, True], [[[0, 1, 2, 3, 4, 5, 6, 7, 8], 'v>>^<^>v<<^'], 26, 15, 11, True], [[[0, 1, 2, 3, 4, 5, 6, 7, 8], 'v>>^<<'], 12, 7, 6, True], [[[0, 1, 2, 3, 4, 5, 6, 7, 8], ''], 0, 1, 0, True], [[[0, 1, 2, 3, 4, 5, 6, 7, 8], '>v<^^'], 12, 7, 5, True], [[[0, 1, 2, 3, 4, 5, 6, 7, 8], '^^>vv<<^>^<'], 26, 15, 11, True], [[[0, 1, 2, 3, 4, 5, 6, 7, 8], '>>vv<<^^'], 13, 9, 8, True], [[[0, 1, 2, 3, 4, 5, 6, 7, 8], '<v>>^<^<'], 17, 9, 8, True], [[[0, 1, 2, 3, 4, 5, 6, 7, 8], 'v<^^'], 9, 5, 4, True], [[[0, 1, 2, 3, 4, 5, 6, 7, 8], '>^<'], 8, 4, 3, True], [[[0, 1, 2, 3, 4, 5, 6, 7, 8], 'v>^^<<'], 12, 7, 6, True], [[[0, 1, 2, 3, 4, 5, 6, 7, 8], '>>v<<^^>v<^'], 28, 16, 11, True], [[[0, 1, 2, 3, 4, 5, 6, 7, 8], '<'], 3, 2, 1, True], [[[0, 1, 2, 3, 4, 5, 6, 7, 8], '>^<v>>^<<'], 35, 20, 9, True], [[[0, 1, 2, 3, 4, 5, 6, 7, 8], '^^<vv<^^'], 15, 9, 8, True], [[[0, 1, 2, 3, 4, 5, 6, 7, 8], ''], 0, 1, 0, True], [[[0, 1, 2, 3, 4, 5, 6, 7, 8], '>>v<<^^'], 15, 9, 7, True], [[[0, 1, 2, 3, 4, 5, 6, 7, 8], '<^<^'], 9, 5, 4, True], [[[0, 1, 2, 3, 4, 5, 6, 7, 8], 'v<^^<'], 11, 6, 5, True], [[[0, 1, 2, 3, 4, 5, 6, 7, 8], 'v<^<'], 9, 5, 4, True], [[[0, 1, 2, 3, 4, 5, 6, 7, 8], '^<<v>^<^'], 18, 10, 8, True], [[[0, 1, 2, 3, 4, 5, 6, 7, 8], '^^<'], 8, 4, 3, True], [[[0, 1, 2, 3, 4, 5, 6, 7, 8], '^^'], 4, 3, 2, True], [[[0, 1, 2, 3, 4, 5, 6, 7, 8], 'v>v>^^<<'], 15, 9, 8, True], [[[0, 1, 2, 3, 4, 5, 6, 7, 8], '<v<^>^<'], 19, 10, 7, True], [[[0, 1, 2, 3, 4, 5, 6, 7, 8], '^<<^>v<^'], 27, 14, 8, True], [[[0, 1, 2, 3, 4, 5, 6, 7, 8], '>v<^>v>^<<^'], 62, 34, 11, True], [[[0, 1, 2, 3, 4, 5, 6, 7, 8], '^<v<^'], 11, 6, 5, True], [[[0, 1, 2, 3, 4, 5, 6, 7, 8], 'v>v<^^<'], 20, 11, 7, True], [[[0, 1, 2, 3, 4, 5, 6, 7, 8], 'vv>^<^<'], 20, 11, 7, True], [[[0, 1, 2, 3, 4, 5, 6, 7, 8], '<^^>>v<^<'], 24, 13, 9, True], [[[0, 1, 2, 3, 4, 5, 6, 7, 8], '>^<'], 8, 4, 3, True], [[[0, 1, 2, 3, 4, 5, 6, 7, 8], '>v<^^>vv>^<<^'], 39, 22, 13, True], [[[0, 1, 2, 3, 4, 5, 6, 7, 8], '>^<'], 8, 4, 3, True], [[[0, 1, 2, 3, 4, 5, 6, 7, 8], '<<'], 4, 3, 2, True], [[[0, 1, 2, 3, 4, 5, 6, 7, 8], 'v<<^>vv>^^<<'], 52, 30, 12, True], [[[0, 1, 2, 3, 4, 5, 6, 7, 8], 'v>>^<<'], 12, 7, 6, True], [[[0, 1, 2, 3, 4, 5, 6, 7, 8], '>^^>v<^<'], 18, 10, 8, True], [[[0, 1, 2, 3, 4, 5, 6, 7, 8], '>^<^'], 9, 5, 4, True], [[[0, 1, 2, 3, 4, 5, 6, 7, 8], 'v<^>v>v<^>^<<'], 81, 47, 13, True], [[[0, 1, 2, 3, 4, 5, 6, 7, 8], '>^^>v<^<'], 18, 10, 8, True], [[[0, 1, 2, 3, 4, 5, 6, 7, 8], '^^'], 4, 3, 2, True], [[[0, 1, 2, 3, 4, 5, 6, 7, 8], '<^<^'], 9, 5, 4, True], [[[0, 1, 2, 3, 4, 5, 6, 7, 8], '>^<<'], 9, 5, 4, True], [[[0, 1, 2, 3, 4, 5, 6, 7, 8], 'vv<<^^'], 10, 7, 6, True], [[[0, 1, 2, 3, 4, 5, 6, 7, 8], '>^^<<'], 9, 6, 5, True], [[[0, 1, 2, 3, 4, 5, 6, 7, 8], 'vv>^<^<'], 20, 11, 7, True], [[[0, 1, 2, 3, 4, 5, 6, 7, 8], 'v<^^<'], 11, 6, 5, True], [[[0, 1, 2, 3, 4, 5, 6, 7, 8], '<^<^>>v<^<'], 28, 16, 10, True], [[[0, 1, 2, 3, 4, 5, 6, 7, 8], '<vv>>^<<^'], 21, 12, 9, True], [[[0, 1, 2, 3, 4, 5, 6, 7, 8], '>^<'], 8, 4, 3, True], [[[0, 1, 2, 3, 4, 5, 6, 7, 8], '^<v>^^<'], 19, 10, 7, True], [[[0, 1, 2, 3, 4, 5, 6, 7, 8], 'v<^'], 8, 4, 3, True], [[[0, 1, 2, 3, 4, 5, 6, 7, 8], '^<vv>>^^<<'], 18, 11, 10, True], [[[0, 1, 2, 3, 4, 5, 6, 7, 8], '^>>v<^<'], 18, 10, 7, True], [[[0, 1, 2, 3, 4, 5, 6, 7, 8], '^>v<^^>v<^<'], 30, 17, 11, True], [[[0, 1, 2, 3, 4, 5, 6, 7, 8], '>v<^'], 9, 5, 4, True], [[[0, 1, 2, 3, 4, 5, 6, 7, 8], 'vv<<^^'], 10, 7, 6, True], [[[0, 1, 2, 3, 4, 5, 6, 7, 8], 'vv<^<v>>^<^<'], 52, 30, 12, True], [[[0, 1, 2, 3, 4, 5, 6, 7, 8], '>v>v<^^<'], 32, 17, 8, True], [[[0, 1, 2, 3, 4, 5, 6, 7, 8], '<vv>^<^'], 18, 10, 7, True], [[[0, 1, 2, 3, 4, 5, 6, 7, 8], '^<v<^'], 11, 6, 5, True], [[[0, 1, 2, 3, 4, 5, 6, 7, 8], '>v<^<^'], 17, 9, 6, True], [[[0, 1, 2, 3, 4, 5, 6, 7, 8], 'v<^^>>v<^<'], 32, 18, 10, True], [[[0, 1, 2, 3, 4, 5, 6, 7, 8], '<<'], 4, 3, 2, True], [[[0, 1, 2, 3, 4, 5, 6, 7, 8], '>^^<v<v>^^<'], 40, 22, 11, True], [[[0, 1, 2, 3, 4, 5, 6, 7, 8], '<'], 3, 2, 1, True], [[[0, 1, 2, 3, 4, 5, 6, 7, 8], '<<^>v<^'], 26, 13, 7, True], [[[0, 1, 2, 3, 4, 5, 6, 7, 8], 'vv<^>>v<<^^'], 41, 24, 11, True], [[[0, 1, 2, 3, 4, 5, 6, 7, 8], '^'], 3, 2, 1, True], [[[0, 1, 2, 3, 4, 5, 6, 7, 8], 'v>^<<'], 12, 7, 5, True], [[[0, 1, 2, 3, 4, 5, 6, 7, 8], 'v<^'], 8, 4, 3, True], [[[0, 1, 2, 3, 4, 5, 6, 7, 8], '^<'], 6, 3, 2, True], [[[0, 1, 2, 3, 4, 5, 6, 7, 8], '<<v>^^<'], 19, 10, 7, True], [[[0, 1, 2, 3, 4, 5, 6, 7, 8], ''], 0, 1, 0, True], [[[0, 1, 2, 3, 4, 5, 6, 7, 8], 'v>^<'], 9, 5, 4, True], [[[0, 1, 2, 3, 4, 5, 6, 7, 8], 'vv>^<^'], 14, 8, 6, True], [[[0, 1, 2, 3, 4, 5, 6, 7, 8], '^^<<v>>^<<'], 18, 11, 10, True], [[[0, 1, 2, 3, 4, 5, 6, 7, 8], '>^>v<<^'], 23, 13, 7, True], [[[0, 1, 2, 3, 4, 5, 6, 7, 8], '<vv>>^^<<'], 15, 10, 9, True], [[[0, 1, 2, 3, 4, 5, 6, 7, 8], '<v>v>^<^<'], 22, 12, 9, True], [[[0, 1, 2, 3, 4, 5, 6, 7, 8], '<v>^<<^'], 19, 10, 7, True], [[[0, 1, 2, 3, 4, 5, 6, 7, 8], '^<<'], 6, 4, 3, True], [[[0, 1, 2, 3, 4, 5, 6, 7, 8], '^^'], 4, 3, 2, True], [[[0, 1, 2, 3, 4, 5, 6, 7, 8], 'v>^<<'], 12, 7, 5, True], [[[0, 1, 2, 3, 4, 5, 6, 7, 8], '^<'], 6, 3, 2, True], [[[0, 1, 2, 3, 4, 5, 6, 7, 8], '>^>v<^<'], 17, 9, 7, True], [[[0, 1, 2, 3, 4, 5, 6, 7, 8], '<^'], 6, 3, 2, True], [[[0, 1, 2, 3, 4, 5, 6, 7, 8], '>>v<^<'], 14, 8, 6, True], [[[0, 1, 2, 3, 4, 5, 6, 7, 8], '>v<<^'], 11, 6, 5, True], [[[0, 1, 2, 3, 4, 5, 6, 7, 8], '<^<v>^^<'], 20, 11, 8, True], [[[0, 1, 2, 3, 4, 5, 6, 7, 8], '>^<^'], 9, 5, 4, True], [[[0, 1, 2, 3, 4, 5, 6, 7, 8], '<<v>v<^^'], 23, 13, 8, True], [[[0, 1, 2, 3, 4, 5, 6, 7, 8], '<^>vv<<^^'], 24, 15, 9, True], [[[0, 1, 2, 3, 4, 5, 6, 7, 8], '^>v<^<^'], 19, 10, 7, True], [[[0, 1, 2, 3, 4, 5, 6, 7, 8], '^>^<v<^'], 19, 10, 7, True], [[[0, 1, 2, 3, 4, 5, 6, 7, 8], '<<^^>>v<<^'], 18, 11, 10, True], [[[0, 1, 2, 3, 4, 5, 6, 7, 8], '<^<'], 8, 4, 3, True], [[[0, 1, 2, 3, 4, 5, 6, 7, 8], 'v<^<'], 9, 5, 4, True], [[[0, 1, 2, 3, 4, 5, 6, 7, 8], '<^>^<'], 11, 6, 5, True], [[[0, 1, 2, 3, 4, 5, 6, 7, 8], '^>>vv<^^<'], 21, 12, 9, True], [[[0, 1, 2, 3, 4, 5, 6, 7, 8], '^>^<<'], 11, 6, 5, True], [[[0, 1, 2, 3, 4, 5, 6, 7, 8], '>v>^^<<'], 14, 8, 7, True], [[[0, 1, 2, 3, 4, 5, 6, 7, 8], '^^<v>v<^<^'], 29, 16, 10, True], [[[0, 1, 2, 3, 4, 5, 6, 7, 8], '^<^<'], 9, 5, 4, True], [[[0, 1, 2, 3, 4, 5, 6, 7, 8], '>v<^<^'], 17, 9, 6, True], [[[0, 1, 2, 3, 4, 5, 6, 7, 8], '<^>^<<'], 12, 7, 6, True], [[[0, 1, 2, 3, 4, 5, 6, 7, 8], 'v<^'], 8, 4, 3, True], [[[0, 1, 2, 3, 4, 5, 6, 7, 8], '<v>^^<v>^<<'], 45, 26, 11, True], [[[0, 1, 2, 3, 4, 5, 6, 7, 8], '>^<<'], 9, 5, 4, True], [[[0, 1, 2, 3, 4, 5, 6, 7, 8], '>v<^'], 9, 5, 4, True], [[[0, 1, 2, 3, 4, 5, 6, 7, 8], '>^^<'], 9, 5, 4, True], [[[0, 1, 2, 3, 4, 5, 6, 7, 8], 'vv>>^<^<v>>^<<'], 74, 42, 14, True], [[[0, 1, 2, 3, 4, 5, 6, 7, 8], 'v<^<^'], 11, 6, 5, True], [[[0, 1, 2, 3, 4, 5, 6, 7, 8], '^<v<^'], 11, 6, 5, True], [[[0, 1, 2, 3, 4, 5, 6, 7, 8], '^<^'], 8, 4, 3, True], [[[0, 1, 2, 3, 4, 5, 6, 7, 8], '<v>>^^<<'], 15, 9, 8, True], [[[0, 1, 2, 3, 4, 5, 6, 7, 8], 'vv<^^<'], 12, 7, 6, True], [[[0, 1, 2, 3, 4, 5, 6, 7, 8], 'v>^>v<^^<'], 22, 12, 9, True], [[[0, 1, 2, 3, 4, 5, 6, 7, 8], '>^<<'], 9, 5, 4, True], [[[0, 1, 2, 3, 4, 5, 6, 7, 8], '>v<^<'], 12, 7, 5, True], [[[0, 1, 2, 3, 4, 5, 6, 7, 8], 'v>>^^<<'], 12, 8, 7, True], [[[0, 1, 2, 3, 4, 5, 6, 7, 8], 'v>v<<^^'], 14, 8, 7, True], [[[0, 1, 2, 3, 4, 5, 6, 7, 8], 'vv<^<^'], 12, 7, 6, True], [[[0, 1, 2, 3, 4, 5, 6, 7, 8], '>>v<<^'], 12, 7, 6, True], [[[0, 1, 2, 3, 4, 5, 6, 7, 8], '^>>v<^>^<<'], 24, 14, 10, True], [[[0, 1, 2, 3, 4, 5, 6, 7, 8], '^>>v<<^^'], 16, 10, 8, True], [[[0, 1, 2, 3, 4, 5, 6, 7, 8], '^^<v>^>v<<^'], 56, 33, 11, True], [[[0, 1, 2, 3, 4, 5, 6, 7, 8], '^'], 3, 2, 1, True], [[[0, 1, 2, 3, 4, 5, 6, 7, 8], 'v<^>^<'], 17, 9, 6, True], [[[0, 1, 2, 3, 4, 5, 6, 7, 8], 'vv>^^<'], 12, 7, 6, True], [[[0, 1, 2, 3, 4, 5, 6, 7, 8], '>>v<^^<'], 19, 10, 7, True], [[[0, 1, 2, 3, 4, 5, 6, 7, 8], '<'], 3, 2, 1, True], [[[0, 1, 2, 3, 4, 5, 6, 7, 8], '<^^'], 6, 4, 3, True], [[[0, 1, 2, 3, 4, 5, 6, 7, 8], '<vv<^^'], 12, 7, 6, True], [[[0, 1, 2, 3, 4, 5, 6, 7, 8], '>^^<vv<^^'], 21, 13, 9, True], [[[0, 1, 2, 3, 4, 5, 6, 7, 8], '^^'], 4, 3, 2, True], [[[0, 1, 2, 3, 4, 5, 6, 7, 8], 'v<^<^'], 11, 6, 5, True], [[[0, 1, 2, 3, 4, 5, 6, 7, 8], '^<<v>v<^>^<'], 25, 14, 11, True], [[[0, 1, 2, 3, 4, 5, 6, 7, 8], '>^^<'], 9, 5, 4, True], [[[0, 1, 2, 3, 4, 5, 6, 7, 8], 'v<v<^^>v<^'], 22, 12, 10, True], [[[0, 1, 2, 3, 4, 5, 6, 7, 8], '^^<vv>^<^'], 26, 15, 9, True], [[[0, 1, 2, 3, 4, 5, 6, 7, 8], '>v<^<^'], 17, 9, 6, True], [[[0, 1, 2, 3, 4, 5, 6, 7, 8], '^>v>^^<<'], 15, 9, 8, True], [[[0, 1, 2, 3, 4, 5, 6, 7, 8], '>v<^^'], 12, 7, 5, True], [[[0, 1, 2, 3, 4, 5, 6, 7, 8], 'vv>^<<^'], 19, 10, 7, True], [[[0, 1, 2, 3, 4, 5, 6, 7, 8], '>v>^<<vv>^<^'], 43, 23, 12, True], [[[0, 1, 2, 3, 4, 5, 6, 7, 8], 'v<^>^<<'], 18, 11, 7, True], [[[0, 1, 2, 3, 4, 5, 6, 7, 8], '^<^'], 8, 4, 3, True], [[[0, 1, 2, 3, 4, 5, 6, 7, 8], '^'], 3, 2, 1, True], [[[0, 1, 2, 3, 4, 5, 6, 7, 8], '<^^'], 6, 4, 3, True], [[[0, 1, 2, 3, 4, 5, 6, 7, 8], '^^<'], 8, 4, 3, True], [[[0, 1, 2, 3, 4, 5, 6, 7, 8], '^>>v<<^'], 14, 8, 7, True], [[[0, 1, 2, 3, 4, 5, 6, 7, 8], 'v>^<<v>^<'], 24, 13, 9, True], [[[0, 1, 2, 3, 4, 5, 6, 7, 8], 'v<^<'], 9, 5, 4, True], [[[0, 1, 2, 3, 4, 5, 6, 7, 8], '<^^'], 6, 4, 3, True], [[[0, 1, 2, 3, 4, 5, 6, 7, 8], '>v<^>v>^^<<'], 38, 22, 11, True], [[[0, 1, 2, 3, 4, 5, 6, 7, 8], 'v<^'], 8, 4, 3, True], [[[0, 1, 2, 3, 4, 5, 6, 7, 8], '>v<v>^<^<'], 23, 13, 9, True], [[[0, 1, 2, 3, 4, 5, 6, 7, 8], '>^^<'], 9, 5, 4, True], [[[0, 1, 2, 3, 4, 5, 6, 7, 8], 'v>v<^>^<<'], 24, 14, 9, True], [[[0, 1, 2, 3, 4, 5, 6, 7, 8], '>^>vv<^^<'], 20, 11, 9, True], [[[0, 1, 2, 3, 4, 5, 6, 7, 8], '<^<'], 8, 4, 3, True], [[[0, 1, 2, 3, 4, 5, 6, 7, 8], 'v<^^'], 9, 5, 4, True], [[[0, 1, 2, 3, 4, 5, 6, 7, 8], 'v<^>v<<^'], 38, 20, 8, True], [[[0, 1, 2, 3, 4, 5, 6, 7, 8], '^>^>v<^<'], 18, 10, 8, True], [[[0, 1, 2, 3, 4, 5, 6, 7, 8], '^>v<v>^^<'], 45, 24, 9, True], [[[0, 1, 2, 3, 4, 5, 6, 7, 8], '<<v>v<^^'], 23, 13, 8, True], [[[0, 1, 2, 3, 4, 5, 6, 7, 8], '<v<^>v>v<<^^'], 47, 28, 12, True], [[[0, 1, 2, 3, 4, 5, 6, 7, 8], 'vv>^^<'], 12, 7, 6, True], [[[0, 1, 2, 3, 4, 5, 6, 7, 8], 'v>^<v<v>>^<^<'], 54, 31, 13, True], [[[0, 1, 2, 3, 4, 5, 6, 7, 8], '^^>>v<v>^^<<'], 81, 48, 12, True], [[[0, 1, 2, 3, 4, 5, 6, 7, 8], '^<<^>vv>^<<^'], 94, 50, 12, True], [[[0, 1, 2, 3, 4, 5, 6, 7, 8], '<'], 3, 2, 1, True], [[[0, 1, 2, 3, 4, 5, 6, 7, 8], '^<^<'], 9, 5, 4, True], [[[0, 1, 2, 3, 4, 5, 6, 7, 8], 'v>^<'], 9, 5, 4, True], [[[0, 1, 2, 3, 4, 5, 6, 7, 8], '^'], 3, 2, 1, True], [[[0, 1, 2, 3, 4, 5, 6, 7, 8], '^>v<^'], 11, 6, 5, True], [[[0, 1, 2, 3, 4, 5, 6, 7, 8], '<^<'], 8, 4, 3, True], [[[0, 1, 2, 3, 4, 5, 6, 7, 8], '^^>>v<^<'], 20, 11, 8, True], [[[0, 1, 2, 3, 4, 5, 6, 7, 8], '^^'], 4, 3, 2, True], [[[0, 1, 2, 3, 4, 5, 6, 7, 8], '^<v<^>>v<^>^<<'], 77, 44, 14, True], [[[0, 1, 2, 3, 4, 5, 6, 7, 8], 'vv>^^<<'], 15, 9, 7, True], [[[0, 1, 2, 3, 4, 5, 6, 7, 8], '^<v<^'], 11, 6, 5, True], [[[0, 1, 2, 3, 4, 5, 6, 7, 8], '>v<^'], 9, 5, 4, True], [[[0, 1, 2, 3, 4, 5, 6, 7, 8], 'v<^>^<<'], 18, 11, 7, True], [[[0, 1, 2, 3, 4, 5, 6, 7, 8], '^^>vv<<^^'], 21, 13, 9, True], [[[0, 1, 2, 3, 4, 5, 6, 7, 8], '<^'], 6, 3, 2, True], [[[0, 1, 2, 3, 4, 5, 6, 7, 8], '<<^^'], 7, 5, 4, True], [[[0, 1, 2, 3, 4, 5, 6, 7, 8], 'vv<^^<'], 12, 7, 6, True], [[[0, 1, 2, 3, 4, 5, 6, 7, 8], '^>>^<<'], 12, 7, 6, True], [[[0, 1, 2, 3, 4, 5, 6, 7, 8], '<<^^'], 7, 5, 4, True], [[[0, 1, 2, 3, 4, 5, 6, 7, 8], '^>v<^^'], 13, 8, 6, True], [[[0, 1, 2, 3, 4, 5, 6, 7, 8], '<<'], 4, 3, 2, True], [[[0, 1, 2, 3, 4, 5, 6, 7, 8], '<<^>^<'], 12, 7, 6, True], [[[0, 1, 2, 3, 4, 5, 6, 7, 8], '<<'], 4, 3, 2, True], [[[0, 1, 2, 3, 4, 5, 6, 7, 8], '>^^<'], 9, 5, 4, True], [[[0, 1, 2, 3, 4, 5, 6, 7, 8], '^>v<^'], 11, 6, 5, True], [[[0, 1, 2, 3, 4, 5, 6, 7, 8], '>>^<<'], 11, 6, 5, True], [[[0, 1, 2, 3, 4, 5, 6, 7, 8], '<^>v<<^^'], 19, 12, 8, True], [[[0, 1, 2, 3, 4, 5, 6, 7, 8], ''], 0, 1, 0, True], [[[0, 1, 2, 3, 4, 5, 6, 7, 8], '<<v>v<^>^<'], 23, 13, 10, True], [[[0, 1, 2, 3, 4, 5, 6, 7, 8], '<v<^^'], 11, 6, 5, True], [[[0, 1, 2, 3, 4, 5, 6, 7, 8], 'v>^<^'], 12, 7, 5, True], [[[0, 1, 2, 3, 4, 5, 6, 7, 8], 'v>^<'], 9, 5, 4, True], [[[0, 1, 2, 3, 4, 5, 6, 7, 8], '<<^'], 8, 4, 3, True], [[[0, 1, 2, 3, 4, 5, 6, 7, 8], '<vv>>^<<^>v<^'], 75, 42, 13, True], [[[0, 1, 2, 3, 4, 5, 6, 7, 8], '^^'], 4, 3, 2, True], [[[0, 1, 2, 3, 4, 5, 6, 7, 8], '<^>>v<^<'], 24, 13, 8, True], [[[0, 1, 2, 3, 4, 5, 6, 7, 8], '>>^^<<'], 10, 7, 6, True], [[[0, 1, 2, 3, 4, 5, 6, 7, 8], '<^>v>^<<'], 28, 16, 8, True], [[[0, 1, 2, 3, 4, 5, 6, 7, 8], '^<<vv>^^<'], 17, 10, 9, True], [[[0, 1, 2, 3, 4, 5, 6, 7, 8], '^>^<v>v<^^'], 34, 20, 10, True], [[[0, 1, 2, 3, 4, 5, 6, 7, 8], '<<^>^<'], 12, 7, 6, True], [[[0, 1, 2, 3, 4, 5, 6, 7, 8], 'v>^<v<^^'], 21, 12, 8, True], [[[0, 1, 2, 3, 4, 5, 6, 7, 8], '^<v>^<<'], 29, 16, 7, True], [[[0, 1, 2, 3, 4, 5, 6, 7, 8], '<^>>^<<v>^<'], 32, 18, 11, True], [[[0, 1, 2, 3, 4, 5, 6, 7, 8], 'v>v<^^'], 14, 8, 6, True], [[[0, 1, 2, 3, 4, 5, 6, 7, 8], '^<^<'], 9, 5, 4, True], [[[0, 1, 2, 3, 4, 5, 6, 7, 8], '<v<^'], 9, 5, 4, True], [[[0, 1, 2, 3, 4, 5, 6, 7, 8], '^<v<^'], 11, 6, 5, True], [[[0, 1, 2, 3, 4, 5, 6, 7, 8], '<^>v<v>^<^<'], 44, 25, 11, True], [[[0, 1, 2, 3, 4, 5, 6, 7, 8], 'v<^<^'], 11, 6, 5, True], [[[0, 1, 2, 3, 4, 5, 6, 7, 8], '<^>>v<^^<'], 22, 12, 9, True], [[[0, 1, 2, 3, 4, 5, 6, 7, 8], 'v>^^<v>^>v<<^'], 89, 51, 13, True], [[[0, 1, 2, 3, 4, 5, 6, 7, 8], '^<^<'], 9, 5, 4, True], [[[0, 1, 2, 3, 4, 5, 6, 7, 8], '>vv<<^>>v<<^^'], 24, 15, 13, True], [[[0, 1, 2, 3, 4, 5, 6, 7, 8], '<v>^<^>>v<^<'], 56, 32, 12, True], [[[0, 1, 2, 3, 4, 5, 6, 7, 8], '<'], 3, 2, 1, True], [[[0, 1, 2, 3, 4, 5, 6, 7, 8], 'v>^<<'], 12, 7, 5, True], [[[0, 1, 2, 3, 4, 5, 6, 7, 8], '<v>v>^^<<'], 17, 10, 9, True], [[[0, 1, 2, 3, 4, 5, 6, 7, 8], '<'], 3, 2, 1, True], [[[0, 1, 2, 3, 4, 5, 6, 7, 8], '^>^<<'], 11, 6, 5, True], [[[0, 1, 2, 3, 4, 5, 6, 7, 8], '>^<v<^'], 17, 9, 6, True], [[[0, 1, 2, 3, 4, 5, 6, 7, 8], '<v>>^<^<'], 17, 9, 8, True], [[[0, 1, 2, 3, 4, 5, 6, 7, 8], '<^^'], 6, 4, 3, True], [[[0, 1, 2, 3, 4, 5, 6, 7, 8], '^>>v<^<'], 18, 10, 7, True], [[[0, 1, 2, 3, 4, 5, 6, 7, 8], 'v<<^^'], 9, 6, 5, True], [[[0, 1, 2, 3, 4, 5, 6, 7, 8], '<^'], 6, 3, 2, True], [[[0, 1, 2, 3, 4, 5, 6, 7, 8], '<'], 3, 2, 1, True], [[[0, 1, 2, 3, 4, 5, 6, 7, 8], 'v<^^'], 9, 5, 4, True], [[[0, 1, 2, 3, 4, 5, 6, 7, 8], '<<v>>v<<^^'], 33, 20, 10, True], [[[0, 1, 2, 3, 4, 5, 6, 7, 8], '>^<^>v<^'], 27, 14, 8, True], [[[0, 1, 2, 3, 4, 5, 6, 7, 8], '>^<v>v>^^<v<^'], 72, 42, 13, True], [[[0, 1, 2, 3, 4, 5, 6, 7, 8], '<vv>>^<<^'], 21, 12, 9, True], [[[0, 1, 2, 3, 4, 5, 6, 7, 8], '^'], 3, 2, 1, True], [[[0, 1, 2, 3, 4, 5, 6, 7, 8], ''], 0, 1, 0, True], [[[0, 1, 2, 3, 4, 5, 6, 7, 8], '>^^<<'], 9, 6, 5, True], [[[0, 1, 2, 3, 4, 5, 6, 7, 8], '^>^<v<v>>^<^<'], 54, 31, 13, True], [[[0, 1, 2, 3, 4, 5, 6, 7, 8], '<'], 3, 2, 1, True], [[[0, 1, 2, 3, 4, 5, 6, 7, 8], '<^'], 6, 3, 2, True], [[[0, 1, 2, 3, 4, 5, 6, 7, 8], '^'], 3, 2, 1, True], [[[0, 1, 2, 3, 4, 5, 6, 7, 8], '^>vv<^^'], 14, 8, 7, True], [[[0, 1, 2, 3, 4, 5, 6, 7, 8], '>^>^<<'], 12, 7, 6, True], [[[0, 1, 2, 3, 4, 5, 6, 7, 8], '>vv>^^<vv>^<^<'], 79, 45, 14, True], [[[0, 1, 2, 3, 4, 5, 6, 7, 8], '<'], 3, 2, 1, True], [[[0, 1, 2, 3, 4, 5, 6, 7, 8], '<v<^^'], 11, 6, 5, True], [[[0, 1, 2, 3, 4, 5, 6, 7, 8], '<v<^^'], 11, 6, 5, True], [[[0, 1, 2, 3, 4, 5, 6, 7, 8], '<^>v<^^<'], 31, 17, 8, True], [[[0, 1, 2, 3, 4, 5, 6, 7, 8], '>^>v<<^^'], 26, 15, 8, True], [[[0, 1, 2, 3, 4, 5, 6, 7, 8], 'v>^<v<^'], 19, 10, 7, True], [[[0, 1, 2, 3, 4, 5, 6, 7, 8], '<vv>^<<^'], 20, 11, 8, True], [[[0, 1, 2, 3, 4, 5, 6, 7, 8], '<<^>^<'], 12, 7, 6, True], [[[0, 1, 2, 3, 4, 5, 6, 7, 8], '>^<v>^^<<'], 36, 21, 9, True], [[[0, 1, 2, 3, 4, 5, 6, 7, 8], '^<v>v<<^^'], 24, 15, 9, True], [[[0, 1, 2, 3, 4, 5, 6, 7, 8], '^<<^'], 9, 5, 4, True], [[[0, 1, 2, 3, 4, 5, 6, 7, 8], 'v<<^>v<^'], 27, 14, 8, True], [[[0, 1, 2, 3, 4, 5, 6, 7, 8], '>^<vv<^^'], 23, 13, 8, True], [[[0, 1, 2, 3, 4, 5, 6, 7, 8], '>v<<^'], 11, 6, 5, True], [[[0, 1, 2, 3, 4, 5, 6, 7, 8], '^<v<^>^<'], 20, 11, 8, True], [[[0, 1, 2, 3, 4, 5, 6, 7, 8], 'v>>v<^>^<<'], 24, 14, 10, True], [[[0, 1, 2, 3, 4, 5, 6, 7, 8], '<<'], 4, 3, 2, True], [[[0, 1, 2, 3, 4, 5, 6, 7, 8], '<^>>v<<^'], 17, 9, 8, True], [[[0, 1, 2, 3, 4, 5, 6, 7, 8], 'v>^>^<<'], 14, 8, 7, True], [[[0, 1, 2, 3, 4, 5, 6, 7, 8], '<<^>v<^^'], 25, 15, 8, True], [[[0, 1, 2, 3, 4, 5, 6, 7, 8], '<^'], 6, 3, 2, True], [[[0, 1, 2, 3, 4, 5, 6, 7, 8], 'v<^^'], 9, 5, 4, True], [[[0, 1, 2, 3, 4, 5, 6, 7, 8], '^>v<^'], 11, 6, 5, True], [[[0, 1, 2, 3, 4, 5, 6, 7, 8], '<v>^<'], 11, 6, 5, True], [[[0, 1, 2, 3, 4, 5, 6, 7, 8], '<^>v<<^'], 19, 10, 7, True], [[[0, 1, 2, 3, 4, 5, 6, 7, 8], '>v<^'], 9, 5, 4, True], [[[0, 1, 2, 3, 4, 5, 6, 7, 8], '>v<^^'], 12, 7, 5, True], [[[0, 1, 2, 3, 4, 5, 6, 7, 8], 'v<<^'], 9, 5, 4, True], [[[0, 1, 2, 3, 4, 5, 6, 7, 8], '<<^^'], 7, 5, 4, True], [[[0, 1, 2, 3, 4, 5, 6, 7, 8], 'v<^'], 8, 4, 3, True], [[[0, 1, 2, 3, 4, 5, 6, 7, 8], '<^>v<v>^^<'], 51, 30, 10, True], [[[0, 1, 2, 3, 4, 5, 6, 7, 8], '<v>>^<<^>v<^'], 38, 20, 12, True], [[[0, 1, 2, 3, 4, 5, 6, 7, 8], '^<^<'], 9, 5, 4, True], [[[0, 1, 2, 3, 4, 5, 6, 7, 8], '>^^<'], 9, 5, 4, True], [[[0, 1, 2, 3, 4, 5, 6, 7, 8], '<<^>v>^^<v<^'], 58, 33, 12, True], [[[0, 1, 2, 3, 4, 5, 6, 7, 8], '<^>v<^^'], 24, 14, 7, True], [[[0, 1, 2, 3, 4, 5, 6, 7, 8], '^<<'], 6, 4, 3, True], [[[0, 1, 2, 3, 4, 5, 6, 7, 8], '>v<^^'], 12, 7, 5, True], [[[0, 1, 2, 3, 4, 5, 6, 7, 8], 'v<v>^<<^'], 20, 11, 8, True], [[[0, 1, 2, 3, 4, 5, 6, 7, 8], '^>v>v<^<^'], 22, 12, 9, True], [[[0, 1, 2, 3, 4, 5, 6, 7, 8], '<^<vv>^<^'], 26, 15, 9, True], [[[0, 1, 2, 3, 4, 5, 6, 7, 8], '>^>^<<'], 12, 7, 6, True], [[[0, 1, 2, 3, 4, 5, 6, 7, 8], '^<v<^'], 11, 6, 5, True], [[[0, 1, 2, 3, 4, 5, 6, 7, 8], 'v<^'], 8, 4, 3, True], [[[0, 1, 2, 3, 4, 5, 6, 7, 8], '>v<^>>^<<'], 25, 14, 9, True], [[[0, 1, 2, 3, 4, 5, 6, 7, 8], '^>v<^'], 11, 6, 5, True], [[[0, 1, 2, 3, 4, 5, 6, 7, 8], '>v<^'], 9, 5, 4, True], [[[0, 1, 2, 3, 4, 5, 6, 7, 8], '>>v<^<^'], 20, 11, 7, True], [[[0, 1, 2, 3, 4, 5, 6, 7, 8], 'v>v>^<^<'], 20, 11, 8, True], [[[0, 1, 2, 3, 4, 5, 6, 7, 8], '^'], 3, 2, 1, True], [[[0, 1, 2, 3, 4, 5, 6, 7, 8], '>>^^<<'], 10, 7, 6, True], [[[0, 1, 2, 3, 4, 5, 6, 7, 8], '>^^<<v>^>v<<^'], 118, 66, 13, True], [[[0, 1, 2, 3, 4, 5, 6, 7, 8], '>^<^>>v<<^'], 20, 11, 10, True], [[[0, 1, 2, 3, 4, 5, 6, 7, 8], '<^<^'], 9, 5, 4, True], [[[0, 1, 2, 3, 4, 5, 6, 7, 8], '>^<<'], 9, 5, 4, True], [[[0, 1, 2, 3, 4, 5, 6, 7, 8], 'v>>^<^<'], 14, 8, 7, True], [[[0, 1, 2, 3, 4, 5, 6, 7, 8], 'v<<^>v<^^'], 32, 18, 9, True], [[[0, 1, 2, 3, 4, 5, 6, 7, 8], '<^<'], 8, 4, 3, True], [[[0, 1, 2, 3, 4, 5, 6, 7, 8], 'v<^>>^<<'], 23, 13, 8, True], [[[0, 1, 2, 3, 4, 5, 6, 7, 8], '<<^>^<'], 12, 7, 6, True], [[[0, 1, 2, 3, 4, 5, 6, 7, 8], '>v<^>>^<<'], 25, 14, 9, True], [[[0, 1, 2, 3, 4, 5, 6, 7, 8], ''], 0, 1, 0, True], [[[0, 1, 2, 3, 4, 5, 6, 7, 8], 'v>^<'], 9, 5, 4, True], [[[0, 1, 2, 3, 4, 5, 6, 7, 8], '^<^'], 8, 4, 3, True], [[[0, 1, 2, 3, 4, 5, 6, 7, 8], 'v>^<<^'], 17, 9, 6, True], [[[0, 1, 2, 3, 4, 5, 6, 7, 8], '<<^'], 8, 4, 3, True], [[[0, 1, 2, 3, 4, 5, 6, 7, 8], '>^<^'], 9, 5, 4, True], [[[0, 1, 2, 3, 4, 5, 6, 7, 8], '<'], 3, 2, 1, True], [[[0, 1, 2, 3, 4, 5, 6, 7, 8], '<<^^'], 7, 5, 4, True], [[[0, 1, 2, 3, 4, 5, 6, 7, 8], '^'], 3, 2, 1, True], [[[0, 1, 2, 3, 4, 5, 6, 7, 8], '<v>^>vv<<^^'], 39, 22, 11, True], [[[0, 1, 2, 3, 4, 5, 6, 7, 8], '^^'], 4, 3, 2, True], [[[0, 1, 2, 3, 4, 5, 6, 7, 8], '^<^<'], 9, 5, 4, True], [[[0, 1, 2, 3, 4, 5, 6, 7, 8], '^<<^'], 9, 5, 4, True], [[[0, 1, 2, 3, 4, 5, 6, 7, 8], '^^<<'], 7, 5, 4, True], [[[0, 1, 2, 3, 4, 5, 6, 7, 8], '<v<^'], 9, 5, 4, True], [[[0, 1, 2, 3, 4, 5, 6, 7, 8], 'v>^<<'], 12, 7, 5, True], [[[0, 1, 2, 3, 4, 5, 6, 7, 8], '<^<^'], 9, 5, 4, True], [[[0, 1, 2, 3, 4, 5, 6, 7, 8], '^>>v<^<'], 18, 10, 7, True], [[[0, 1, 2, 3, 4, 5, 6, 7, 8], '<^>^<'], 11, 6, 5, True], [[[0, 1, 2, 3, 4, 5, 6, 7, 8], '<v>^<<'], 13, 8, 6, True], [[[0, 1, 2, 3, 4, 5, 6, 7, 8], '<<^^'], 7, 5, 4, True], [[[0, 1, 2, 3, 4, 5, 6, 7, 8], '^^<'], 8, 4, 3, True], [[[0, 1, 2, 3, 4, 5, 6, 7, 8], '>>v<^^<'], 19, 10, 7, True], [[[0, 1, 2, 3, 4, 5, 6, 7, 8], '>>^^<<'], 10, 7, 6, True], [[[0, 1, 2, 3, 4, 5, 6, 7, 8], '<<^^'], 7, 5, 4, True], [[[0, 1, 2, 3, 4, 5, 6, 7, 8], '<<'], 4, 3, 2, True], [[[0, 1, 2, 3, 4, 5, 6, 7, 8], 'v<^^<'], 11, 6, 5, True], [[[0, 1, 2, 3, 4, 5, 6, 7, 8], '^'], 3, 2, 1, True], [[[0, 1, 2, 3, 4, 5, 6, 7, 8], 'v<^>vv<<^^'], 25, 16, 10, True], [[[0, 1, 2, 3, 4, 5, 6, 7, 8], '<^>^<<'], 12, 7, 6, True], [[[0, 1, 2, 3, 4, 5, 6, 7, 8], '<^>^<'], 11, 6, 5, True], [[[0, 1, 2, 3, 4, 5, 6, 7, 8], '>v<^<v>^>^<<'], 38, 22, 12, True], [[[0, 1, 2, 3, 4, 5, 6, 7, 8], '>^^<vv>^<^'], 28, 16, 10, True], [[[0, 1, 2, 3, 4, 5, 6, 7, 8], '<^^>v>^<<'], 30, 17, 9, True], [[[0, 1, 2, 3, 4, 5, 6, 7, 8], 'v>v<^^'], 14, 8, 6, True], [[[0, 1, 2, 3, 4, 5, 6, 7, 8], '>vv<<^>^>v<<^'], 54, 29, 13, True], [[[0, 1, 2, 3, 4, 5, 6, 7, 8], '<<'], 4, 3, 2, True], [[[0, 1, 2, 3, 4, 5, 6, 7, 8], '^'], 3, 2, 1, True], [[[0, 1, 2, 3, 4, 5, 6, 7, 8], '<v>^<<'], 13, 8, 6, True], [[[0, 1, 2, 3, 4, 5, 6, 7, 8], '^>>v<^<'], 18, 10, 7, True], [[[0, 1, 2, 3, 4, 5, 6, 7, 8], 'v<v>^<<v>^<^'], 31, 18, 12, True], [[[0, 1, 2, 3, 4, 5, 6, 7, 8], '^^'], 4, 3, 2, True], [[[0, 1, 2, 3, 4, 5, 6, 7, 8], 'v>^<^<'], 17, 9, 6, True], [[[0, 1, 2, 3, 4, 5, 6, 7, 8], '>v<^>>v<^<'], 36, 20, 10, True], [[[0, 1, 2, 3, 4, 5, 6, 7, 8], '^^>v<^'], 12, 7, 6, True], [[[0, 1, 2, 3, 4, 5, 6, 7, 8], 'v<^>>v<<^^'], 39, 23, 10, True], [[[0, 1, 2, 3, 4, 5, 6, 7, 8], '<'], 3, 2, 1, True], [[[0, 1, 2, 3, 4, 5, 6, 7, 8], '<^^>v>v<<^^'], 20, 12, 11, True], [[[0, 1, 2, 3, 4, 5, 6, 7, 8], '^<<'], 6, 4, 3, True], [[[0, 1, 2, 3, 4, 5, 6, 7, 8], 'v>^<^<'], 17, 9, 6, True], [[[0, 1, 2, 3, 4, 5, 6, 7, 8], '<<vv>^>v<<^^'], 82, 49, 12, True], [[[0, 1, 2, 3, 4, 5, 6, 7, 8], 'vv>^<^'], 14, 8, 6, True], [[[0, 1, 2, 3, 4, 5, 6, 7, 8], '<^>v<^'], 24, 12, 6, True], [[[0, 1, 2, 3, 4, 5, 6, 7, 8], '^^<<'], 7, 5, 4, True], [[[0, 1, 2, 3, 4, 5, 6, 7, 8], 'vv<^>>v<^<^'], 42, 25, 11, True], [[[0, 1, 2, 3, 4, 5, 6, 7, 8], '<^^<'], 9, 5, 4, True], [[[0, 1, 2, 3, 4, 5, 6, 7, 8], '>v<^'], 9, 5, 4, True], [[[0, 1, 2, 3, 4, 5, 6, 7, 8], '<v<^'], 9, 5, 4, True], [[[0, 1, 2, 3, 4, 5, 6, 7, 8], '^<v<^'], 11, 6, 5, True], [[[0, 1, 2, 3, 4, 5, 6, 7, 8], ''], 0, 1, 0, True], [[[0, 1, 2, 3, 4, 5, 6, 7, 8], '<^>vv<<^^'], 24, 15, 9, True], [[[0, 1, 2, 3, 4, 5, 6, 7, 8], ''], 0, 1, 0, True], [[[0, 1, 2, 3, 4, 5, 6, 7, 8], '^>>^<<'], 12, 7, 6, True], [[[0, 1, 2, 3, 4, 5, 6, 7, 8], '>^>^<<'], 12, 7, 6, True], [[[0, 1, 2, 3, 4, 5, 6, 7, 8], 'v<<^'], 9, 5, 4, True], [[[0, 1, 2, 3, 4, 5, 6, 7, 8], '<^'], 6, 3, 2, True], [[[0, 1, 2, 3, 4, 5, 6, 7, 8], '^<<'], 6, 4, 3, True], [[[0, 1, 2, 3, 4, 5, 6, 7, 8], '<<^>>v<^<^'], 28, 15, 10, True], [[[0, 1, 2, 3, 4, 5, 6, 7, 8], 'v>^^<'], 11, 6, 5, True], [[[0, 1, 2, 3, 4, 5, 6, 7, 8], '<^>v<^'], 24, 12, 6, True], [[[0, 1, 2, 3, 4, 5, 6, 7, 8], 'v>^>v<^<'], 18, 10, 8, True], [[[0, 1, 2, 3, 4, 5, 6, 7, 8], '<^>v<^^<'], 31, 17, 8, True], [[[0, 1, 2, 3, 4, 5, 6, 7, 8], '>v>^<<^'], 20, 11, 7, True], [[[0, 1, 2, 3, 4, 5, 6, 7, 8], 'v>^<<'], 12, 7, 5, True], [[[0, 1, 2, 3, 4, 5, 6, 7, 8], '>v<<^^'], 12, 7, 6, True], [[[0, 1, 2, 3, 4, 5, 6, 7, 8], '<^^'], 6, 4, 3, True], [[[0, 1, 2, 3, 4, 5, 6, 7, 8], '>vv<^^<'], 15, 9, 7, True], [[[0, 1, 2, 3, 4, 5, 6, 7, 8], '^<v>^<<'], 29, 16, 7, True], [[[0, 1, 2, 3, 4, 5, 6, 7, 8], '^^<v<^'], 12, 7, 6, True], [[[0, 1, 2, 3, 4, 5, 6, 7, 8], '>v>^<<'], 14, 8, 6, True], [[[0, 1, 2, 3, 4, 5, 6, 7, 8], 'v>>^<<^'], 15, 9, 7, True], [[[0, 1, 2, 3, 4, 5, 6, 7, 8], 'v>v<^^<'], 20, 11, 7, True], [[[0, 1, 2, 3, 4, 5, 6, 7, 8], '<^<'], 8, 4, 3, True], [[[0, 1, 2, 3, 4, 5, 6, 7, 8], '<<v>^<^'], 17, 9, 7, True], [[[0, 1, 2, 3, 4, 5, 6, 7, 8], 'v<^<^'], 11, 6, 5, True], [[[0, 1, 2, 3, 4, 5, 6, 7, 8], 'v<v>^<^'], 17, 9, 7, True], [[[0, 1, 2, 3, 4, 5, 6, 7, 8], '<^'], 6, 3, 2, True], [[[0, 1, 2, 3, 4, 5, 6, 7, 8], '^>vv>^^<vv>^<^<'], 112, 65, 15, True], [[[0, 1, 2, 3, 4, 5, 6, 7, 8], '<<^'], 8, 4, 3, True], [[[0, 1, 2, 3, 4, 5, 6, 7, 8], '^^<'], 8, 4, 3, True], [[[0, 1, 2, 3, 4, 5, 6, 7, 8], '^>v<^<'], 15, 8, 6, True], [[[0, 1, 2, 3, 4, 5, 6, 7, 8], '^>vv<<^^'], 15, 9, 8, True], [[[0, 1, 2, 3, 4, 5, 6, 7, 8], '<^<'], 8, 4, 3, True], [[[0, 1, 2, 3, 4, 5, 6, 7, 8], '<<^^>vv>^^<<'], 46, 26, 12, True], [[[0, 1, 2, 3, 4, 5, 6, 7, 8], '<^>^<v>v<^^'], 41, 24, 11, True], [[[0, 1, 2, 3, 4, 5, 6, 7, 8], 'v<^'], 8, 4, 3, True], [[[0, 1, 2, 3, 4, 5, 6, 7, 8], '<^>^<'], 11, 6, 5, True], [[[0, 1, 2, 3, 4, 5, 6, 7, 8], '^<^<v>>^<<'], 30, 17, 10, True], [[[0, 1, 2, 3, 4, 5, 6, 7, 8], '<'], 3, 2, 1, True], [[[0, 1, 2, 3, 4, 5, 6, 7, 8], '^^<<vv>^>^<<'], 21, 13, 12, True], [[[0, 1, 2, 3, 4, 5, 6, 7, 8], '>>^<<^'], 12, 7, 6, True], [[[0, 1, 2, 3, 4, 5, 6, 7, 8], '<^^>v<^'], 14, 8, 7, True], [[[0, 1, 2, 3, 4, 5, 6, 7, 8], '^^<<'], 7, 5, 4, True], [[[0, 1, 2, 3, 4, 5, 6, 7, 8], '<^<^'], 9, 5, 4, True], [[[0, 1, 2, 3, 4, 5, 6, 7, 8], '^<<v>^<'], 14, 8, 7, True], [[[0, 1, 2, 3, 4, 5, 6, 7, 8], '<^>^<<'], 12, 7, 6, True], [[[0, 1, 2, 3, 4, 5, 6, 7, 8], '^^<<'], 7, 5, 4, True], [[[0, 1, 2, 3, 4, 5, 6, 7, 8], 'v>>^<v<^'], 24, 13, 8, True], [[[0, 1, 2, 3, 4, 5, 6, 7, 8], '<^<'], 8, 4, 3, True], [[[0, 1, 2, 3, 4, 5, 6, 7, 8], '^^'], 4, 3, 2, True], [[[0, 1, 2, 3, 4, 5, 6, 7, 8], '^>v<^'], 11, 6, 5, True], [[[0, 1, 2, 3, 4, 5, 6, 7, 8], 'v<<^'], 9, 5, 4, True], [[[0, 1, 2, 3, 4, 5, 6, 7, 8], '>vv>^<<^'], 20, 11, 8, True], [[[0, 1, 2, 3, 4, 5, 6, 7, 8], 'v<^<^'], 11, 6, 5, True], [[[0, 1, 2, 3, 4, 5, 6, 7, 8], '>^<^'], 9, 5, 4, True], [[[0, 1, 2, 3, 4, 5, 6, 7, 8], ''], 0, 1, 0, True], [[[0, 1, 2, 3, 4, 5, 6, 7, 8], '<'], 3, 2, 1, True], [[[0, 1, 2, 3, 4, 5, 6, 7, 8], '>v<v>^<^>v<^'], 61, 33, 12, True], [[[0, 1, 2, 3, 4, 5, 6, 7, 8], '<v>^<<'], 13, 8, 6, True], [[[0, 1, 2, 3, 4, 5, 6, 7, 8], '>vv<^<v>>^<^<'], 64, 36, 13, True], [[[0, 1, 2, 3, 4, 5, 6, 7, 8], '<vv>^^<'], 14, 8, 7, True], [[[0, 1, 2, 3, 4, 5, 6, 7, 8], '<<^^>v<^'], 15, 9, 8, True], [[[0, 1, 2, 3, 4, 5, 6, 7, 8], '<v>^^<<'], 18, 11, 7, True], [[[0, 1, 2, 3, 4, 5, 6, 7, 8], '^^<<v>v<^^'], 33, 19, 10, True], [[[0, 1, 2, 3, 4, 5, 6, 7, 8], '^>v<^'], 11, 6, 5, True], [[[0, 1, 2, 3, 4, 5, 6, 7, 8], '>>vv<^<^'], 15, 9, 8, True], [[[0, 1, 2, 3, 4, 5, 6, 7, 8], '<<^^'], 7, 5, 4, True], [[[0, 1, 2, 3, 4, 5, 6, 7, 8], '<v>>v<^^>v<<^'], 80, 44, 13, True], [[[0, 1, 2, 3, 4, 5, 6, 7, 8], '^<<^'], 9, 5, 4, True], [[[0, 1, 2, 3, 4, 5, 6, 7, 8], '<^>v<v<^^'], 25, 14, 9, True], [[[0, 1, 2, 3, 4, 5, 6, 7, 8], '>v<^<^'], 17, 9, 6, True], [[[0, 1, 2, 3, 4, 5, 6, 7, 8], 'v>v<^^'], 14, 8, 6, True], [[[0, 1, 2, 3, 4, 5, 6, 7, 8], '^<v<^'], 11, 6, 5, True], [[[0, 1, 2, 3, 4, 5, 6, 7, 8], 'v>>^<<^'], 15, 9, 7, True], [[[0, 1, 2, 3, 4, 5, 6, 7, 8], '^'], 3, 2, 1, True], [[[0, 1, 2, 3, 4, 5, 6, 7, 8], '<v<^^'], 11, 6, 5, True], [[[0, 1, 2, 3, 4, 5, 6, 7, 8], '^^<<vv>^<^'], 26, 14, 10, True], [[[0, 1, 2, 3, 4, 5, 6, 7, 8], '<^>v<v>^<<^'], 33, 18, 11, True], [[[0, 1, 2, 3, 4, 5, 6, 7, 8], '^>^<<'], 11, 6, 5, True], [[[0, 1, 2, 3, 4, 5, 6, 7, 8], 'vv>^^<v>v<^^'], 82, 48, 12, True], [[[0, 1, 2, 3, 4, 5, 6, 7, 8], '^'], 3, 2, 1, True], [[[0, 1, 2, 3, 4, 5, 6, 7, 8], '>>^<^<'], 12, 7, 6, True], [[[0, 1, 2, 3, 4, 5, 6, 7, 8], 'vv>^^<<'], 15, 9, 7, True], [[[0, 1, 2, 3, 4, 5, 6, 7, 8], 'v<^^'], 9, 5, 4, True], [[[0, 1, 2, 3, 4, 5, 6, 7, 8], '>^^<'], 9, 5, 4, True], [[[0, 1, 2, 3, 4, 5, 6, 7, 8], ''], 0, 1, 0, True], [[[0, 1, 2, 3, 4, 5, 6, 7, 8], '<^<^'], 9, 5, 4, True], [[[0, 1, 2, 3, 4, 5, 6, 7, 8], 'v>v<<^^'], 14, 8, 7, True], [[[0, 1, 2, 3, 4, 5, 6, 7, 8], '^>v<v>^^<'], 45, 24, 9, True], [[[0, 1, 2, 3, 4, 5, 6, 7, 8], '<v>v<^>^<<'], 25, 15, 10, True], [[[0, 1, 2, 3, 4, 5, 6, 7, 8], '^<<^>v>^<<'], 44, 25, 10, True], [[[0, 1, 2, 3, 4, 5, 6, 7, 8], '<^<'], 8, 4, 3, True], [[[0, 1, 2, 3, 4, 5, 6, 7, 8], ''], 0, 1, 0, True], [[[0, 1, 2, 3, 4, 5, 6, 7, 8], '^>>^<<'], 12, 7, 6, True], [[[0, 1, 2, 3, 4, 5, 6, 7, 8], '>^>v<<^>v<^'], 49, 26, 11, True], [[[0, 1, 2, 3, 4, 5, 6, 7, 8], '^'], 3, 2, 1, True], [[[0, 1, 2, 3, 4, 5, 6, 7, 8], '^<v<^'], 11, 6, 5, True], [[[0, 1, 2, 3, 4, 5, 6, 7, 8], '<<^'], 8, 4, 3, True], [[[0, 1, 2, 3, 4, 5, 6, 7, 8], '>^<<vv>^^<'], 26, 15, 10, True], [[[0, 1, 2, 3, 4, 5, 6, 7, 8], '<^>^<'], 11, 6, 5, True], [[[0, 1, 2, 3, 4, 5, 6, 7, 8], '<<^>>^<<'], 15, 9, 8, True], [[[0, 1, 2, 3, 4, 5, 6, 7, 8], 'vv<^>v<<^^>v<^'], 59, 34, 14, True], [[[0, 1, 2, 3, 4, 5, 6, 7, 8], 'vv>^^<<'], 15, 9, 7, True], [[[0, 1, 2, 3, 4, 5, 6, 7, 8], '<v>>^<^<'], 17, 9, 8, True], [[[0, 1, 2, 3, 4, 5, 6, 7, 8], '<<^'], 8, 4, 3, True], [[[0, 1, 2, 3, 4, 5, 6, 7, 8], 'v<^<'], 9, 5, 4, True], [[[0, 1, 2, 3, 4, 5, 6, 7, 8], 'v<^'], 8, 4, 3, True], [[[0, 1, 2, 3, 4, 5, 6, 7, 8], '^<^'], 8, 4, 3, True], [[[0, 1, 2, 3, 4, 5, 6, 7, 8], '^>v<<^'], 17, 9, 6, True], [[[0, 1, 2, 3, 4, 5, 6, 7, 8], '^>v<^^<'], 19, 10, 7, True], [[[0, 1, 2, 3, 4, 5, 6, 7, 8], '<^<v>>^<v<^'], 59, 34, 11, True], [[[0, 1, 2, 3, 4, 5, 6, 7, 8], '<^>>^<<'], 14, 8, 7, True], [[[0, 1, 2, 3, 4, 5, 6, 7, 8], '>>^<<'], 11, 6, 5, True], [[[0, 1, 2, 3, 4, 5, 6, 7, 8], 'v<v>^>^<<'], 26, 15, 9, True], [[[0, 1, 2, 3, 4, 5, 6, 7, 8], '^^<'], 8, 4, 3, True], [[[0, 1, 2, 3, 4, 5, 6, 7, 8], '>>^^<v<^'], 15, 9, 8, True], [[[0, 1, 2, 3, 4, 5, 6, 7, 8], '>vv>^^<v<^'], 20, 11, 10, True], [[[0, 1, 2, 3, 4, 5, 6, 7, 8], '^<<v>>^<<'], 17, 10, 9, True], [[[0, 1, 2, 3, 4, 5, 6, 7, 8], '^<^>v<^'], 26, 13, 7, True], [[[0, 1, 2, 3, 4, 5, 6, 7, 8], '<^<^'], 9, 5, 4, True], [[[0, 1, 2, 3, 4, 5, 6, 7, 8], '>v<^<^'], 17, 9, 6, True], [[[0, 1, 2, 3, 4, 5, 6, 7, 8], 'v<v>^^<<vv>^<^'], 69, 39, 14, True], [[[0, 1, 2, 3, 4, 5, 6, 7, 8], '>>v<<^'], 12, 7, 6, True], [[[0, 1, 2, 3, 4, 5, 6, 7, 8], ''], 0, 1, 0, True], [[[0, 1, 2, 3, 4, 5, 6, 7, 8], '<^'], 6, 3, 2, True], [[[0, 1, 2, 3, 4, 5, 6, 7, 8], '^<^>>v<v>^<^<'], 47, 27, 13, True], [[[0, 1, 2, 3, 4, 5, 6, 7, 8], '^<<^'], 9, 5, 4, True], [[[0, 1, 2, 3, 4, 5, 6, 7, 8], '<<^^'], 7, 5, 4, True], [[[0, 1, 2, 3, 4, 5, 6, 7, 8], '<^>v<<^'], 19, 10, 7, True], [[[0, 1, 2, 3, 4, 5, 6, 7, 8], 'v<^^>>v<<^'], 26, 15, 10, True], [[[0, 1, 2, 3, 4, 5, 6, 7, 8], '<<'], 4, 3, 2, True], [[[0, 1, 2, 3, 4, 5, 6, 7, 8], 'v<<^^'], 9, 6, 5, True], [[[0, 1, 2, 3, 4, 5, 6, 7, 8], '<v>^<'], 11, 6, 5, True], [[[0, 1, 2, 3, 4, 5, 6, 7, 8], '>v<<^^'], 12, 7, 6, True], [[[0, 1, 2, 3, 4, 5, 6, 7, 8], '<<v>^<'], 12, 7, 6, True], [[[0, 1, 2, 3, 4, 5, 6, 7, 8], '>v<^<^>v<^'], 62, 33, 10, True], [[[0, 1, 2, 3, 4, 5, 6, 7, 8], 'v<<^'], 9, 5, 4, True], [[[0, 1, 2, 3, 4, 5, 6, 7, 8], 'v>^<'], 9, 5, 4, True], [[[0, 1, 2, 3, 4, 5, 6, 7, 8], '<^<^'], 9, 5, 4, True], [[[0, 1, 2, 3, 4, 5, 6, 7, 8], 'vv>^<^'], 14, 8, 6, True], [[[0, 1, 2, 3, 4, 5, 6, 7, 8], '^<<vv>>^<<^'], 27, 15, 11, True], [[[0, 1, 2, 3, 4, 5, 6, 7, 8], '>^<^<'], 11, 6, 5, True], [[[0, 1, 2, 3, 4, 5, 6, 7, 8], '<<'], 4, 3, 2, True], [[[0, 1, 2, 3, 4, 5, 6, 7, 8], '>^^<'], 9, 5, 4, True], [[[0, 1, 2, 3, 4, 5, 6, 7, 8], 'v>^<<^'], 17, 9, 6, True], [[[0, 1, 2, 3, 4, 5, 6, 7, 8], 'v<v<^^'], 12, 7, 6, True], [[[0, 1, 2, 3, 4, 5, 6, 7, 8], '>^<<'], 9, 5, 4, True], [[[0, 1, 2, 3, 4, 5, 6, 7, 8], '>v<^^'], 12, 7, 5, True], [[[0, 1, 2, 3, 4, 5, 6, 7, 8], '^<^>v<<^'], 20, 11, 8, True], [[[0, 1, 2, 3, 4, 5, 6, 7, 8], '<v>^>v<v<^^'], 44, 25, 11, True], [[[0, 1, 2, 3, 4, 5, 6, 7, 8], 'vv>^<^'], 14, 8, 6, True], [[[0, 1, 2, 3, 4, 5, 6, 7, 8], 'vv>^^<'], 12, 7, 6, True], [[[0, 1, 2, 3, 4, 5, 6, 7, 8], '<vv<^>v>^<<^'], 44, 25, 12, True], [[[0, 1, 2, 3, 4, 5, 6, 7, 8], '^>v<<^'], 17, 9, 6, True], [[[0, 1, 2, 3, 4, 5, 6, 7, 8], '^<^>v<<^'], 20, 11, 8, True], [[[0, 1, 2, 3, 4, 5, 6, 7, 8], '^^>v<v<^^'], 42, 23, 9, True], [[[0, 1, 2, 3, 4, 5, 6, 7, 8], '^>>v<^<^'], 22, 12, 8, True], [[[0, 1, 2, 3, 4, 5, 6, 7, 8], '<v>^<'], 11, 6, 5, True], [[[0, 1, 2, 3, 4, 5, 6, 7, 8], '<v>>v<^^<'], 22, 12, 9, True], [[[0, 1, 2, 3, 4, 5, 6, 7, 8], '^<v<^'], 11, 6, 5, True], [[[0, 1, 2, 3, 4, 5, 6, 7, 8], 'v>^^<v<^'], 17, 9, 8, True], [[[0, 1, 2, 3, 4, 5, 6, 7, 8], '<v>>^<<'], 14, 8, 7, True], [[[0, 1, 2, 3, 4, 5, 6, 7, 8], 'v>^<<'], 12, 7, 5, True], [[[0, 1, 2, 3, 4, 5, 6, 7, 8], '>^<<v>^>vv<<^^'], 115, 67, 14, True], [[[0, 1, 2, 3, 4, 5, 6, 7, 8], '^'], 3, 2, 1, True], [[[0, 1, 2, 3, 4, 5, 6, 7, 8], '<^'], 6, 3, 2, True], [[[0, 1, 2, 3, 4, 5, 6, 7, 8], 'v>^^<'], 11, 6, 5, True], [[[0, 1, 2, 3, 4, 5, 6, 7, 8], '>>^<^<'], 12, 7, 6, True], [[[0, 1, 2, 3, 4, 5, 6, 7, 8], '>^<'], 8, 4, 3, True], [[[0, 1, 2, 3, 4, 5, 6, 7, 8], '<<v>^<^'], 17, 9, 7, True], [[[0, 1, 2, 3, 4, 5, 6, 7, 8], '<<^>>^<<'], 15, 9, 8, True], [[[0, 1, 2, 3, 4, 5, 6, 7, 8], 'vv>^^<'], 12, 7, 6, True], [[[0, 1, 2, 3, 4, 5, 6, 7, 8], '<^^'], 6, 4, 3, True], [[[0, 1, 2, 3, 4, 5, 6, 7, 8], '^<<^'], 9, 5, 4, True], [[[0, 1, 2, 3, 4, 5, 6, 7, 8], 'v>v<<^^'], 14, 8, 7, True], [[[0, 1, 2, 3, 4, 5, 6, 7, 8], 'v<<^>>^<<'], 21, 13, 9, True], [[[0, 1, 2, 3, 4, 5, 6, 7, 8], '>>v<v>^^<v<^'], 48, 27, 12, True], [[[0, 1, 2, 3, 4, 5, 6, 7, 8], 'v<<v>^<^'], 18, 10, 8, True], [[[0, 1, 2, 3, 4, 5, 6, 7, 8], '>^<<'], 9, 5, 4, True], [[[0, 1, 2, 3, 4, 5, 6, 7, 8], '<^^>v<^'], 14, 8, 7, True], [[[0, 1, 2, 3, 4, 5, 6, 7, 8], '<v>^<<'], 13, 8, 6, True], [[[0, 1, 2, 3, 4, 5, 6, 7, 8], '<v<^'], 9, 5, 4, True], [[[0, 1, 2, 3, 4, 5, 6, 7, 8], '<^>v<^<^'], 33, 18, 8, True], [[[0, 1, 2, 3, 4, 5, 6, 7, 8], 'vv>^<^<'], 20, 11, 7, True], [[[0, 1, 2, 3, 4, 5, 6, 7, 8], 'v>^>^<<'], 14, 8, 7, True], [[[0, 1, 2, 3, 4, 5, 6, 7, 8], '<^<'], 8, 4, 3, True], [[[0, 1, 2, 3, 4, 5, 6, 7, 8], '>v<^'], 9, 5, 4, True], [[[0, 1, 2, 3, 4, 5, 6, 7, 8], 'v>^<^'], 12, 7, 5, True], [[[0, 1, 2, 3, 4, 5, 6, 7, 8], '^>^<'], 9, 5, 4, True], [[[0, 1, 2, 3, 4, 5, 6, 7, 8], 'v>>v<^^<'], 20, 11, 8, True], [[[0, 1, 2, 3, 4, 5, 6, 7, 8], '<^^'], 6, 4, 3, True], [[[0, 1, 2, 3, 4, 5, 6, 7, 8], '>v<^^<'], 17, 9, 6, True], [[[0, 1, 2, 3, 4, 5, 6, 7, 8], '<vv<^^'], 12, 7, 6, True], [[[0, 1, 2, 3, 4, 5, 6, 7, 8], '>v<^<'], 12, 7, 5, True], [[[0, 1, 2, 3, 4, 5, 6, 7, 8], '>>vv<^<^'], 15, 9, 8, True], [[[0, 1, 2, 3, 4, 5, 6, 7, 8], '<^^'], 6, 4, 3, True], [[[0, 1, 2, 3, 4, 5, 6, 7, 8], ''], 0, 1, 0, True], [[[0, 1, 2, 3, 4, 5, 6, 7, 8], '>>v<^^<'], 19, 10, 7, True], [[[0, 1, 2, 3, 4, 5, 6, 7, 8], '>v<^^'], 12, 7, 5, True], [[[0, 1, 2, 3, 4, 5, 6, 7, 8], '<v>^<<'], 13, 8, 6, True], [[[0, 1, 2, 3, 4, 5, 6, 7, 8], 'v>^<^'], 12, 7, 5, True], [[[0, 1, 2, 3, 4, 5, 6, 7, 8], 'v>^^<'], 11, 6, 5, True], [[[0, 1, 2, 3, 4, 5, 6, 7, 8], '^>^<<'], 11, 6, 5, True], [[[0, 1, 2, 3, 4, 5, 6, 7, 8], '<^^'], 6, 4, 3, True], [[[0, 1, 2, 3, 4, 5, 6, 7, 8], 'v<^<'], 9, 5, 4, True], [[[0, 1, 2, 3, 4, 5, 6, 7, 8], '>v<v>^<^'], 18, 10, 8, True], [[[0, 1, 2, 3, 4, 5, 6, 7, 8], '^<<'], 6, 4, 3, True], [[[0, 1, 2, 3, 4, 5, 6, 7, 8], '<^^<'], 9, 5, 4, True], [[[0, 1, 2, 3, 4, 5, 6, 7, 8], '^^'], 4, 3, 2, True], [[[0, 1, 2, 3, 4, 5, 6, 7, 8], '<^>v>v<<^>>^<<'], 60, 36, 14, True], [[[0, 1, 2, 3, 4, 5, 6, 7, 8], '<<vv>^<^'], 20, 11, 8, True], [[[0, 1, 2, 3, 4, 5, 6, 7, 8], '^^'], 4, 3, 2, True], [[[0, 1, 2, 3, 4, 5, 6, 7, 8], '>v<^<^'], 17, 9, 6, True], [[[0, 1, 2, 3, 4, 5, 6, 7, 8], '<vv>>^^<<'], 15, 10, 9, True], [[[0, 1, 2, 3, 4, 5, 6, 7, 8], '<<v>>^<<'], 15, 9, 8, True], [[[0, 1, 2, 3, 4, 5, 6, 7, 8], 'v<v<^>>v<<^^'], 45, 27, 12, True], [[[0, 1, 2, 3, 4, 5, 6, 7, 8], '>>^^<<'], 10, 7, 6, True], [[[0, 1, 2, 3, 4, 5, 6, 7, 8], '<<v>^<^>>vv<^<^'], 57, 35, 15, True], [[[0, 1, 2, 3, 4, 5, 6, 7, 8], '>^^<<v>>^<<'], 20, 12, 11, True], [[[0, 1, 2, 3, 4, 5, 6, 7, 8], '^<v>v<^^<'], 32, 17, 9, True], [[[0, 1, 2, 3, 4, 5, 6, 7, 8], 'v<^>^<'], 17, 9, 6, True], [[[0, 1, 2, 3, 4, 5, 6, 7, 8], '^<^<'], 9, 5, 4, True], [[[0, 1, 2, 3, 4, 5, 6, 7, 8], 'vv>^<^'], 14, 8, 6, True], [[[0, 1, 2, 3, 4, 5, 6, 7, 8], '^'], 3, 2, 1, True], [[[0, 1, 2, 3, 4, 5, 6, 7, 8], '>^<^'], 9, 5, 4, True], [[[0, 1, 2, 3, 4, 5, 6, 7, 8], '<<v>^>v<^<^'], 32, 18, 11, True], [[[0, 1, 2, 3, 4, 5, 6, 7, 8], '<v>v>^^<<'], 17, 10, 9, True], [[[0, 1, 2, 3, 4, 5, 6, 7, 8], '^>v<^'], 11, 6, 5, True], [[[0, 1, 2, 3, 4, 5, 6, 7, 8], '^^<v>^<<vv>^^<'], 61, 36, 14, True], [[[0, 1, 2, 3, 4, 5, 6, 7, 8], 'v<^<^'], 11, 6, 5, True], [[[0, 1, 2, 3, 4, 5, 6, 7, 8], 'v<^^'], 9, 5, 4, True], [[[0, 1, 2, 3, 4, 5, 6, 7, 8], '<v>^>^<<'], 23, 13, 8, True], [[[0, 1, 2, 3, 4, 5, 6, 7, 8], '^>v<<^'], 17, 9, 6, True], [[[0, 1, 2, 3, 4, 5, 6, 7, 8], '^<v>^^<v<^'], 23, 13, 10, True], [[[0, 1, 2, 3, 4, 5, 6, 7, 8], '<<'], 4, 3, 2, True], [[[0, 1, 2, 3, 4, 5, 6, 7, 8], ''], 0, 1, 0, True], [[[0, 1, 2, 3, 4, 5, 6, 7, 8], '<v<v>^<^'], 18, 10, 8, True], [[[0, 1, 2, 3, 4, 5, 6, 7, 8], '<^>v<<^'], 19, 10, 7, True], [[[0, 1, 2, 3, 4, 5, 6, 7, 8], '>v<<^^'], 12, 7, 6, True], [[[0, 1, 2, 3, 4, 5, 6, 7, 8], '<<^'], 8, 4, 3, True], [[[0, 1, 2, 3, 4, 5, 6, 7, 8], '^^>v>^<<'], 23, 13, 8, True], [[[0, 1, 2, 3, 4, 5, 6, 7, 8], 'v>^<vv>^^<<'], 50, 30, 11, True], [[[0, 1, 2, 3, 4, 5, 6, 7, 8], '^>v<v>^>^<<'], 44, 25, 11, True], [[[0, 1, 2, 3, 4, 5, 6, 7, 8], 'v<^'], 8, 4, 3, True], [[[0, 1, 2, 3, 4, 5, 6, 7, 8], '<vv>^^<<'], 16, 10, 8, True], [[[0, 1, 2, 3, 4, 5, 6, 7, 8], '>>^<<'], 11, 6, 5, True], [[[0, 1, 2, 3, 4, 5, 6, 7, 8], '<^>>^<v<^'], 37, 20, 9, True], [[[0, 1, 2, 3, 4, 5, 6, 7, 8], '^>>vv<<^^'], 15, 10, 9, True], [[[0, 1, 2, 3, 4, 5, 6, 7, 8], 'v>^<v>v<^^<'], 62, 34, 11, True], [[[0, 1, 2, 3, 4, 5, 6, 7, 8], '<<v>>^<<'], 15, 9, 8, True], [[[0, 1, 2, 3, 4, 5, 6, 7, 8], '<^^<vv>>^^<<'], 39, 24, 12, True], [[[0, 1, 2, 3, 4, 5, 6, 7, 8], '>^<<v>>v<^>^<<'], 37, 21, 14, True], [[[0, 1, 2, 3, 4, 5, 6, 7, 8], 'vv<^^<'], 12, 7, 6, True], [[[0, 1, 2, 3, 4, 5, 6, 7, 8], '>>^<<^>v<^'], 30, 16, 10, True], [[[0, 1, 2, 3, 4, 5, 6, 7, 8], '>v<v<^^'], 14, 8, 7, True], [[[0, 1, 2, 3, 4, 5, 6, 7, 8], '<<'], 4, 3, 2, True], [[[0, 1, 2, 3, 4, 5, 6, 7, 8], '^'], 3, 2, 1, True], [[[0, 1, 2, 3, 4, 5, 6, 7, 8], '^<v>^^<<'], 19, 12, 8, True], [[[0, 1, 2, 3, 4, 5, 6, 7, 8], 'v<<^>>v<<^^'], 21, 13, 11, True], [[[0, 1, 2, 3, 4, 5, 6, 7, 8], '>v<^'], 9, 5, 4, True], [[[0, 1, 2, 3, 4, 5, 6, 7, 8], '^>v<^<'], 15, 8, 6, True], [[[0, 1, 2, 3, 4, 5, 6, 7, 8], 'v<<^'], 9, 5, 4, True], [[[0, 1, 2, 3, 4, 5, 6, 7, 8], '>^<<v>>^<<'], 22, 12, 10, True], [[[0, 1, 2, 3, 4, 5, 6, 7, 8], '>v<^'], 9, 5, 4, True], [[[0, 1, 2, 3, 4, 5, 6, 7, 8], 'v<<^^'], 9, 6, 5, True], [[[0, 1, 2, 3, 4, 5, 6, 7, 8], '^'], 3, 2, 1, True], [[[0, 1, 2, 3, 4, 5, 6, 7, 8], '<^<^'], 9, 5, 4, True], [[[0, 1, 2, 3, 4, 5, 6, 7, 8], '>v<^>>^<<'], 25, 14, 9, True], [[[0, 1, 2, 3, 4, 5, 6, 7, 8], 'vv<^>v<<^>v>^^<<'], 180, 105, 16, True], [[[0, 1, 2, 3, 4, 5, 6, 7, 8], '^<v<^'], 11, 6, 5, True], [[[0, 1, 2, 3, 4, 5, 6, 7, 8], '<vv<^^'], 12, 7, 6, True], [[[0, 1, 2, 3, 4, 5, 6, 7, 8], 'v>>v<<^^'], 17, 10, 8, True], [[[0, 1, 2, 3, 4, 5, 6, 7, 8], 'vv>>^<<^>v<^'], 48, 27, 12, True], [[[0, 1, 2, 3, 4, 5, 6, 7, 8], '>v<v>^^<<'], 40, 23, 9, True], [[[0, 1, 2, 3, 4, 5, 6, 7, 8], '^>v<^^<'], 19, 10, 7, True], [[[0, 1, 2, 3, 4, 5, 6, 7, 8], '<^'], 6, 3, 2, True], [[[0, 1, 2, 3, 4, 5, 6, 7, 8], 'v<<^>>v<<^^'], 21, 13, 11, True], [[[0, 1, 2, 3, 4, 5, 6, 7, 8], ''], 0, 1, 0, True], [[[0, 1, 2, 3, 4, 5, 6, 7, 8], '^^<<'], 7, 5, 4, True], [[[0, 1, 2, 3, 4, 5, 6, 7, 8], '>v<^^<vv>^^<'], 31, 17, 12, True], [[[0, 1, 2, 3, 4, 5, 6, 7, 8], '<<v>v<^^'], 23, 13, 8, True], [[[0, 1, 2, 3, 4, 5, 6, 7, 8], 'v<^^'], 9, 5, 4, True], [[[0, 1, 2, 3, 4, 5, 6, 7, 8], '>^<^'], 9, 5, 4, True], [[[0, 1, 2, 3, 4, 5, 6, 7, 8], '^<^>v>v<<^^'], 31, 18, 11, True], [[[0, 1, 2, 3, 4, 5, 6, 7, 8], '^<^'], 8, 4, 3, True], [[[0, 1, 2, 3, 4, 5, 6, 7, 8], '>v<^>^<'], 19, 10, 7, True], [[[0, 1, 2, 3, 4, 5, 6, 7, 8], 'v<^<v>^^<'], 22, 12, 9, True], [[[0, 1, 2, 3, 4, 5, 6, 7, 8], 'v<^'], 8, 4, 3, True], [[[0, 1, 2, 3, 4, 5, 6, 7, 8], '^^>>v<<^'], 15, 9, 8, True], [[[0, 1, 2, 3, 4, 5, 6, 7, 8], '>v<<^'], 11, 6, 5, True], [[[0, 1, 2, 3, 4, 5, 6, 7, 8], '<v<^'], 9, 5, 4, True], [[[0, 1, 2, 3, 4, 5, 6, 7, 8], '<^>^<'], 11, 6, 5, True], [[[0, 1, 2, 3, 4, 5, 6, 7, 8], 'v<v>^^<<'], 26, 15, 8, True], [[[0, 1, 2, 3, 4, 5, 6, 7, 8], '>^<<'], 9, 5, 4, True], [[[0, 1, 2, 3, 4, 5, 6, 7, 8], '<<^>v<^'], 26, 13, 7, True], [[[0, 1, 2, 3, 4, 5, 6, 7, 8], '<^'], 6, 3, 2, True], [[[0, 1, 2, 3, 4, 5, 6, 7, 8], '^<^<'], 9, 5, 4, True], [[[0, 1, 2, 3, 4, 5, 6, 7, 8], '>^>^<v<^'], 20, 11, 8, True], [[[0, 1, 2, 3, 4, 5, 6, 7, 8], '^<v>>v<<^>^<'], 33, 18, 12, True], [[[0, 1, 2, 3, 4, 5, 6, 7, 8], '^>^<v<^'], 19, 10, 7, True], [[[0, 1, 2, 3, 4, 5, 6, 7, 8], '^<v<^^'], 12, 7, 6, True], [[[0, 1, 2, 3, 4, 5, 6, 7, 8], 'v<^<^>v<^'], 29, 15, 9, True], [[[0, 1, 2, 3, 4, 5, 6, 7, 8], '>^^<'], 9, 5, 4, True], [[[0, 1, 2, 3, 4, 5, 6, 7, 8], '<<'], 4, 3, 2, True], [[[0, 1, 2, 3, 4, 5, 6, 7, 8], '<^<'], 8, 4, 3, True], [[[0, 1, 2, 3, 4, 5, 6, 7, 8], '>vv<<^^'], 12, 8, 7, True], [[[0, 1, 2, 3, 4, 5, 6, 7, 8], 'vv<<^^'], 10, 7, 6, True], [[[0, 1, 2, 3, 4, 5, 6, 7, 8], '>v<^<^'], 17, 9, 6, True], [[[0, 1, 2, 3, 4, 5, 6, 7, 8], '^^>v<v>>^<v>^^<<'], 119, 72, 16, True], [[[0, 1, 2, 3, 4, 5, 6, 7, 8], 'v>^<<'], 12, 7, 5, True], [[[0, 1, 2, 3, 4, 5, 6, 7, 8], '^^<<'], 7, 5, 4, True], [[[0, 1, 2, 3, 4, 5, 6, 7, 8], '^<v<^'], 11, 6, 5, True], [[[0, 1, 2, 3, 4, 5, 6, 7, 8], 'vv<^>^<'], 20, 11, 7, True], [[[0, 1, 2, 3, 4, 5, 6, 7, 8], 'v>^<^'], 12, 7, 5, True], [[[0, 1, 2, 3, 4, 5, 6, 7, 8], '>v<^'], 9, 5, 4, True], [[[0, 1, 2, 3, 4, 5, 6, 7, 8], 'v<<^^'], 9, 6, 5, True], [[[0, 1, 2, 3, 4, 5, 6, 7, 8], '^<vv>^<^<'], 26, 14, 9, True], [[[0, 1, 2, 3, 4, 5, 6, 7, 8], '^<'], 6, 3, 2, True], [[[0, 1, 2, 3, 4, 5, 6, 7, 8], 'v>^<vv>^>^<<'], 40, 23, 12, True], [[[0, 1, 2, 3, 4, 5, 6, 7, 8], '<^<^'], 9, 5, 4, True], [[[0, 1, 2, 3, 4, 5, 6, 7, 8], ''], 0, 1, 0, True], [[[0, 1, 2, 3, 4, 5, 6, 7, 8], '^<^>v>^<<'], 30, 18, 9, True], [[[0, 1, 2, 3, 4, 5, 6, 7, 8], 'v>^>v<^<^'], 23, 13, 9, True], [[[0, 1, 2, 3, 4, 5, 6, 7, 8], 'v<^<'], 9, 5, 4, True], [[[0, 1, 2, 3, 4, 5, 6, 7, 8], '^<v>^>^<<'], 25, 14, 9, True], [[[0, 1, 2, 3, 4, 5, 6, 7, 8], '<^<v>>^<<^'], 32, 19, 10, True], [[[0, 1, 2, 3, 4, 5, 6, 7, 8], 'vv<^^'], 11, 6, 5, True], [[[0, 1, 2, 3, 4, 5, 6, 7, 8], '^>^<'], 9, 5, 4, True], [[[0, 1, 2, 3, 4, 5, 6, 7, 8], 'v<^<^'], 11, 6, 5, True], [[[0, 1, 2, 3, 4, 5, 6, 7, 8], '<v>>v<^^<'], 22, 12, 9, True], [[[0, 1, 2, 3, 4, 5, 6, 7, 8], '^'], 3, 2, 1, True], [[[0, 1, 2, 3, 4, 5, 6, 7, 8], '^>>v<^<'], 18, 10, 7, True], [[[0, 1, 2, 3, 4, 5, 6, 7, 8], '<vv>^>v<<^^'], 66, 39, 11, True], [[[0, 1, 2, 3, 4, 5, 6, 7, 8], '<^^'], 6, 4, 3, True], [[[0, 1, 2, 3, 4, 5, 6, 7, 8], 'vv>^<^'], 14, 8, 6, True], [[[0, 1, 2, 3, 4, 5, 6, 7, 8], 'v>^<v<^'], 19, 10, 7, True], [[[0, 1, 2, 3, 4, 5, 6, 7, 8], '>^<^<'], 11, 6, 5, True], [[[0, 1, 2, 3, 4, 5, 6, 7, 8], '<v<^>^<'], 19, 10, 7, True], [[[0, 1, 2, 3, 4, 5, 6, 7, 8], '<^^'], 6, 4, 3, True], [[[0, 1, 2, 3, 4, 5, 6, 7, 8], '^<v>^<<'], 29, 16, 7, True], [[[0, 1, 2, 3, 4, 5, 6, 7, 8], '^^>v<<^'], 19, 10, 7, True], [[[0, 1, 2, 3, 4, 5, 6, 7, 8], '<'], 3, 2, 1, True], [[[0, 1, 2, 3, 4, 5, 6, 7, 8], '>>v<<^'], 12, 7, 6, True], [[[0, 1, 2, 3, 4, 5, 6, 7, 8], '^>v>^<^<'], 20, 11, 8, True], [[[0, 1, 2, 3, 4, 5, 6, 7, 8], '>^<^'], 9, 5, 4, True], [[[0, 1, 2, 3, 4, 5, 6, 7, 8], 'v<^^'], 9, 5, 4, True], [[[0, 1, 2, 3, 4, 5, 6, 7, 8], '^>v<^'], 11, 6, 5, True], [[[0, 1, 2, 3, 4, 5, 6, 7, 8], '>v<<^^'], 12, 7, 6, True], [[[0, 1, 2, 3, 4, 5, 6, 7, 8], '^>vv>^<^>v<<^'], 50, 27, 13, True], [[[0, 1, 2, 3, 4, 5, 6, 7, 8], '^^'], 4, 3, 2, True], [[[0, 1, 2, 3, 4, 5, 6, 7, 8], '^>^<'], 9, 5, 4, True], [[[0, 1, 2, 3, 4, 5, 6, 7, 8], '^<v<^^'], 12, 7, 6, True], [[[0, 1, 2, 3, 4, 5, 6, 7, 8], 'vv>^^<<v>^<'], 28, 16, 11, True], [[[0, 1, 2, 3, 4, 5, 6, 7, 8], '>>^^<<'], 10, 7, 6, True], [[[0, 1, 2, 3, 4, 5, 6, 7, 8], 'v>^<v<^^'], 21, 12, 8, True], [[[0, 1, 2, 3, 4, 5, 6, 7, 8], '^^'], 4, 3, 2, True], [[[0, 1, 2, 3, 4, 5, 6, 7, 8], '<<^'], 8, 4, 3, True], [[[0, 1, 2, 3, 4, 5, 6, 7, 8], '<^>>v<^<^'], 26, 14, 9, True], [[[0, 1, 2, 3, 4, 5, 6, 7, 8], 'vv>^>v<^<^'], 25, 14, 10, True], [[[0, 1, 2, 3, 4, 5, 6, 7, 8], '>>v<<^^'], 15, 9, 7, True], [[[0, 1, 2, 3, 4, 5, 6, 7, 8], 'v>^^<v<^'], 17, 9, 8, True], [[[0, 1, 2, 3, 4, 5, 6, 7, 8], '>^<^<'], 11, 6, 5, True], [[[0, 1, 2, 3, 4, 5, 6, 7, 8], '>^<<'], 9, 5, 4, True], [[[0, 1, 2, 3, 4, 5, 6, 7, 8], '>>v<^<'], 14, 8, 6, True], [[[0, 1, 2, 3, 4, 5, 6, 7, 8], '<v<^^'], 11, 6, 5, True], [[[0, 1, 2, 3, 4, 5, 6, 7, 8], '>>^<<'], 11, 6, 5, True], [[[0, 1, 2, 3, 4, 5, 6, 7, 8], '<^>>v<^^<'], 22, 12, 9, True], [[[0, 1, 2, 3, 4, 5, 6, 7, 8], 'v>^<<'], 12, 7, 5, True], [[[0, 1, 2, 3, 4, 5, 6, 7, 8], 'v>^^<<'], 12, 7, 6, True], [[[0, 1, 2, 3, 4, 5, 6, 7, 8], '>v<^^'], 12, 7, 5, True], [[[0, 1, 2, 3, 4, 5, 6, 7, 8], '>v<<^^'], 12, 7, 6, True], [[[0, 1, 2, 3, 4, 5, 6, 7, 8], '<v<^^'], 11, 6, 5, True], [[[0, 1, 2, 3, 4, 5, 6, 7, 8], '>v<^<'], 12, 7, 5, True], [[[0, 1, 2, 3, 4, 5, 6, 7, 8], '<<^'], 8, 4, 3, True], [[[0, 1, 2, 3, 4, 5, 6, 7, 8], 'vv<^<^'], 12, 7, 6, True], [[[0, 1, 2, 3, 4, 5, 6, 7, 8], 'v>^<'], 9, 5, 4, True], [[[0, 1, 2, 3, 4, 5, 6, 7, 8], '^>>v<v<^^'], 17, 10, 9, True], [[[0, 1, 2, 3, 4, 5, 6, 7, 8], '>>^<<^'], 12, 7, 6, True], [[[0, 1, 2, 3, 4, 5, 6, 7, 8], '^<'], 6, 3, 2, True], [[[0, 1, 2, 3, 4, 5, 6, 7, 8], 'v<<^'], 9, 5, 4, True], [[[0, 1, 2, 3, 4, 5, 6, 7, 8], '<v<^'], 9, 5, 4, True], [[[0, 1, 2, 3, 4, 5, 6, 7, 8], '<^^<'], 9, 5, 4, True], [[[0, 1, 2, 3, 4, 5, 6, 7, 8], 'v>^^<'], 11, 6, 5, True], [[[0, 1, 2, 3, 4, 5, 6, 7, 8], '>^<<'], 9, 5, 4, True], [[[0, 1, 2, 3, 4, 5, 6, 7, 8], '^>v<^'], 11, 6, 5, True], [[[0, 1, 2, 3, 4, 5, 6, 7, 8], ''], 0, 1, 0, True], [[[0, 1, 2, 3, 4, 5, 6, 7, 8], '<^>v<^'], 24, 12, 6, True], [[[0, 1, 2, 3, 4, 5, 6, 7, 8], '^>^<'], 9, 5, 4, True], [[[0, 1, 2, 3, 4, 5, 6, 7, 8], 'vv<^>>v<^>^<<'], 40, 24, 13, True], [[[0, 1, 2, 3, 4, 5, 6, 7, 8], '<^^>v<^<'], 18, 10, 8, True], [[[0, 1, 2, 3, 4, 5, 6, 7, 8], '^'], 3, 2, 1, True], [[[0, 1, 2, 3, 4, 5, 6, 7, 8], '^>v<<^'], 17, 9, 6, True], [[[0, 1, 2, 3, 4, 5, 6, 7, 8], 'v>^<<'], 12, 7, 5, True], [[[0, 1, 2, 3, 4, 5, 6, 7, 8], 'v<v>^<^'], 17, 9, 7, True], [[[0, 1, 2, 3, 4, 5, 6, 7, 8], '<<^>v<^^'], 25, 15, 8, True], [[[0, 1, 2, 3, 4, 5, 6, 7, 8], '<<^>^<'], 12, 7, 6, True], [[[0, 1, 2, 3, 4, 5, 6, 7, 8], '<^'], 6, 3, 2, True], [[[0, 1, 2, 3, 4, 5, 6, 7, 8], '<^^>v<^>>v<^<'], 64, 36, 13, True], [[[0, 1, 2, 3, 4, 5, 6, 7, 8], '^'], 3, 2, 1, True], [[[0, 1, 2, 3, 4, 5, 6, 7, 8], '>^>vv<^<^'], 28, 16, 9, True], [[[0, 1, 2, 3, 4, 5, 6, 7, 8], '<'], 3, 2, 1, True], [[[0, 1, 2, 3, 4, 5, 6, 7, 8], '^>v<^^'], 13, 8, 6, True], [[[0, 1, 2, 3, 4, 5, 6, 7, 8], '>v>^<v<^'], 20, 11, 8, True], [[[0, 1, 2, 3, 4, 5, 6, 7, 8], '<^>v<<^'], 19, 10, 7, True], [[[0, 1, 2, 3, 4, 5, 6, 7, 8], 'vv<^<^'], 12, 7, 6, True], [[[0, 1, 2, 3, 4, 5, 6, 7, 8], 'v<<^'], 9, 5, 4, True], [[[0, 1, 2, 3, 4, 5, 6, 7, 8], '<^<'], 8, 4, 3, True], [[[0, 1, 2, 3, 4, 5, 6, 7, 8], '>^^<<v>^<'], 17, 10, 9, True], [[[0, 1, 2, 3, 4, 5, 6, 7, 8], '^<^>v<<^'], 20, 11, 8, True], [[[0, 1, 2, 3, 4, 5, 6, 7, 8], '<<^>>^<<'], 15, 9, 8, True], [[[0, 1, 2, 3, 4, 5, 6, 7, 8], '<v>v<^<^'], 20, 11, 8, True], [[[0, 1, 2, 3, 4, 5, 6, 7, 8], '>^<v>>^<<'], 35, 20, 9, True], [[[0, 1, 2, 3, 4, 5, 6, 7, 8], 'v>^^<<'], 12, 7, 6, True], [[[0, 1, 2, 3, 4, 5, 6, 7, 8], '<^^'], 6, 4, 3, True], [[[0, 1, 2, 3, 4, 5, 6, 7, 8], '<<v>>^^<<'], 21, 13, 9, True], [[[0, 1, 2, 3, 4, 5, 6, 7, 8], '<v>>^<<'], 14, 8, 7, True], [[[0, 1, 2, 3, 4, 5, 6, 7, 8], '>vv<^<^'], 14, 8, 7, True], [[[0, 1, 2, 3, 4, 5, 6, 7, 8], '^<<v>^^<'], 20, 11, 8, True], [[[0, 1, 2, 3, 4, 5, 6, 7, 8], '>^^<'], 9, 5, 4, True], [[[0, 1, 2, 3, 4, 5, 6, 7, 8], '>vv<^^'], 12, 7, 6, True], [[[0, 1, 2, 3, 4, 5, 6, 7, 8], 'v<<^^'], 9, 6, 5, True], [[[0, 1, 2, 3, 4, 5, 6, 7, 8], 'v<^>v<<^^'], 35, 20, 9, True], [[[0, 1, 2, 3, 4, 5, 6, 7, 8], '^^>v<^'], 12, 7, 6, True], [[[0, 1, 2, 3, 4, 5, 6, 7, 8], 'v<<^'], 9, 5, 4, True], [[[0, 1, 2, 3, 4, 5, 6, 7, 8], '<<'], 4, 3, 2, True], [[[0, 1, 2, 3, 4, 5, 6, 7, 8], '^^>v>v<^>^<v<^'], 37, 21, 14, True], [[[0, 1, 2, 3, 4, 5, 6, 7, 8], '<v>>^<<^'], 18, 10, 8, True], [[[0, 1, 2, 3, 4, 5, 6, 7, 8], '>>v<^>^<<'], 23, 13, 9, True], [[[0, 1, 2, 3, 4, 5, 6, 7, 8], '<^^<'], 9, 5, 4, True], [[[0, 1, 2, 3, 4, 5, 6, 7, 8], '>^>v<<^'], 23, 13, 7, True], [[[0, 1, 2, 3, 4, 5, 6, 7, 8], '<^>v<<^^'], 19, 12, 8, True], [[[0, 1, 2, 3, 4, 5, 6, 7, 8], '>v<^<'], 12, 7, 5, True], [[[0, 1, 2, 3, 4, 5, 6, 7, 8], '<^>^<'], 11, 6, 5, True], [[[0, 1, 2, 3, 4, 5, 6, 7, 8], '^>vv<^<^>v<^'], 38, 20, 12, True], [[[0, 1, 2, 3, 4, 5, 6, 7, 8], '>v>^<v<^'], 20, 11, 8, True], [[[0, 1, 2, 3, 4, 5, 6, 7, 8], '<vv>^<<^'], 20, 11, 8, True], [[[0, 1, 2, 3, 4, 5, 6, 7, 8], '>v<^^'], 12, 7, 5, True], [[[0, 1, 2, 3, 4, 5, 6, 7, 8], '<^>v>v<<^^'], 28, 16, 10, True], [[[0, 1, 2, 3, 4, 5, 6, 7, 8], '^<<'], 6, 4, 3, True], [[[0, 1, 2, 3, 4, 5, 6, 7, 8], '<v<^'], 9, 5, 4, True], [[[0, 1, 2, 3, 4, 5, 6, 7, 8], '<^'], 6, 3, 2, True], [[[0, 1, 2, 3, 4, 5, 6, 7, 8], '^^<'], 8, 4, 3, True], [[[0, 1, 2, 3, 4, 5, 6, 7, 8], '<<'], 4, 3, 2, True], [[[0, 1, 2, 3, 4, 5, 6, 7, 8], '<^^'], 6, 4, 3, True], [[[0, 1, 2, 3, 4, 5, 6, 7, 8], 'vv>^>^<<'], 15, 9, 8, True], [[[0, 1, 2, 3, 4, 5, 6, 7, 8], '^<v>v<<^^'], 24, 15, 9, True], [[[0, 1, 2, 3, 4, 5, 6, 7, 8], 'vv>^^<'], 12, 7, 6, True], [[[0, 1, 2, 3, 4, 5, 6, 7, 8], '>^<'], 8, 4, 3, True], [[[0, 1, 2, 3, 4, 5, 6, 7, 8], '<^>v<^'], 24, 12, 6, True], [[[0, 1, 2, 3, 4, 5, 6, 7, 8], '>^^<vv>^<^>v<<^'], 92, 56, 15, True], [[[0, 1, 2, 3, 4, 5, 6, 7, 8], '<<^>^<'], 12, 7, 6, True], [[[0, 1, 2, 3, 4, 5, 6, 7, 8], '>v<v>^^<'], 30, 16, 8, True], [[[0, 1, 2, 3, 4, 5, 6, 7, 8], '<^>>^<<'], 14, 8, 7, True], [[[0, 1, 2, 3, 4, 5, 6, 7, 8], ''], 0, 1, 0, True], [[[0, 1, 2, 3, 4, 5, 6, 7, 8], '^'], 3, 2, 1, True], [[[0, 1, 2, 3, 4, 5, 6, 7, 8], '<^>v<v>^>^<<'], 51, 29, 12, True], [[[0, 1, 2, 3, 4, 5, 6, 7, 8], '^>>^<<'], 12, 7, 6, True], [[[0, 1, 2, 3, 4, 5, 6, 7, 8], '^^>vv<^^'], 15, 9, 8, True], [[[0, 1, 2, 3, 4, 5, 6, 7, 8], '^<v<^'], 11, 6, 5, True], [[[0, 1, 2, 3, 4, 5, 6, 7, 8], '<v<^>>v<^^<'], 37, 21, 11, True], [[[0, 1, 2, 3, 4, 5, 6, 7, 8], 'v<^>vv<^^'], 35, 20, 9, True], [[[0, 1, 2, 3, 4, 5, 6, 7, 8], '>v<^'], 9, 5, 4, True], [[[0, 1, 2, 3, 4, 5, 6, 7, 8], 'v>^<^<'], 17, 9, 6, True], [[[0, 1, 2, 3, 4, 5, 6, 7, 8], 'vv<^^'], 11, 6, 5, True], [[[0, 1, 2, 3, 4, 5, 6, 7, 8], '<<v>>^<<^'], 20, 11, 9, True], [[[0, 1, 2, 3, 4, 5, 6, 7, 8], 'vv<^^'], 11, 6, 5, True], [[[0, 1, 2, 3, 4, 5, 6, 7, 8], '<<^^>>v<^<'], 26, 14, 10, True], [[[0, 1, 2, 3, 4, 5, 6, 7, 8], '<vv<^>^<'], 22, 12, 8, True], [[[0, 1, 2, 3, 4, 5, 6, 7, 8], '>^<'], 8, 4, 3, True], [[[0, 1, 2, 3, 4, 5, 6, 7, 8], '^<<v>>v<<^^'], 41, 23, 11, True], [[[0, 1, 2, 3, 4, 5, 6, 7, 8], '^^<'], 8, 4, 3, True], [[[0, 1, 2, 3, 4, 5, 6, 7, 8], '<v>v<^^<'], 25, 14, 8, True], [[[0, 1, 2, 3, 4, 5, 6, 7, 8], '^'], 3, 2, 1, True], [[[0, 1, 2, 3, 4, 5, 6, 7, 8], '<^^<'], 9, 5, 4, True], [[[0, 1, 2, 3, 4, 5, 6, 7, 8], '^<^>>v<<^>>v<<^'], 85, 49, 15, True], [[[0, 1, 2, 3, 4, 5, 6, 7, 8], '^<<'], 6, 4, 3, True], [[[0, 1, 2, 3, 4, 5, 6, 7, 8], '<^^<'], 9, 5, 4, True], [[[0, 1, 2, 3, 4, 5, 6, 7, 8], '^>v<^'], 11, 6, 5, True], [[[0, 1, 2, 3, 4, 5, 6, 7, 8], 'v<<^^'], 9, 6, 5, True], [[[0, 1, 2, 3, 4, 5, 6, 7, 8], '>^<^>v<<v>^<^'], 51, 28, 13, True], [[[0, 1, 2, 3, 4, 5, 6, 7, 8], 'v>>^<v>v<<^^'], 33, 20, 12, True], [[[0, 1, 2, 3, 4, 5, 6, 7, 8], '<v>>^<<^'], 18, 10, 8, True], [[[0, 1, 2, 3, 4, 5, 6, 7, 8], '<^>v<^^'], 24, 14, 7, True], [[[0, 1, 2, 3, 4, 5, 6, 7, 8], '>v<^<'], 12, 7, 5, True], [[[0, 1, 2, 3, 4, 5, 6, 7, 8], '<v<v>>^^<<'], 19, 12, 10, True], [[[0, 1, 2, 3, 4, 5, 6, 7, 8], 'v<^^'], 9, 5, 4, True], [[[0, 1, 2, 3, 4, 5, 6, 7, 8], '>^<'], 8, 4, 3, True], [[[0, 1, 2, 3, 4, 5, 6, 7, 8], '>v<^<^'], 17, 9, 6, True], [[[0, 1, 2, 3, 4, 5, 6, 7, 8], '>^<<'], 9, 5, 4, True], [[[0, 1, 2, 3, 4, 5, 6, 7, 8], '<<^^'], 7, 5, 4, True], [[[0, 1, 2, 3, 4, 5, 6, 7, 8], '^<'], 6, 3, 2, True], [[[0, 1, 2, 3, 4, 5, 6, 7, 8], '>v>^<v<^^'], 24, 14, 9, True], [[[0, 1, 2, 3, 4, 5, 6, 7, 8], '<^<^'], 9, 5, 4, True], [[[0, 1, 2, 3, 4, 5, 6, 7, 8], 'vv>^<^>v<^'], 36, 19, 10, True], [[[0, 1, 2, 3, 4, 5, 6, 7, 8], 'v>^<'], 9, 5, 4, True], [[[0, 1, 2, 3, 4, 5, 6, 7, 8], '<<v>>^^<<'], 21, 13, 9, True], [[[0, 1, 2, 3, 4, 5, 6, 7, 8], 'vv<<^^'], 10, 7, 6, True], [[[0, 1, 2, 3, 4, 5, 6, 7, 8], '<^>v<^<^'], 33, 18, 8, True], [[[0, 1, 2, 3, 4, 5, 6, 7, 8], '>v<v<^^'], 14, 8, 7, True], [[[0, 1, 2, 3, 4, 5, 6, 7, 8], '^<<v>^<'], 14, 8, 7, True], [[[0, 1, 2, 3, 4, 5, 6, 7, 8], '<^>v<<^^>v<^>>v<<^'], 229, 132, 18, True], [[[0, 1, 2, 3, 4, 5, 6, 7, 8], '>>^<<^'], 12, 7, 6, True], [[[0, 1, 2, 3, 4, 5, 6, 7, 8], ''], 0, 1, 0, True], [[[0, 1, 2, 3, 4, 5, 6, 7, 8], '<^>^<<v>^<'], 22, 12, 10, True], [[[0, 1, 2, 3, 4, 5, 6, 7, 8], '>^<^'], 9, 5, 4, True], [[[0, 1, 2, 3, 4, 5, 6, 7, 8], '>^^<'], 9, 5, 4, True], [[[0, 1, 2, 3, 4, 5, 6, 7, 8], '<<'], 4, 3, 2, True], [[[0, 1, 2, 3, 4, 5, 6, 7, 8], ''], 0, 1, 0, True], [[[0, 1, 2, 3, 4, 5, 6, 7, 8], '^>v<^<'], 15, 8, 6, True], [[[0, 1, 2, 3, 4, 5, 6, 7, 8], '^^<'], 8, 4, 3, True], [[[0, 1, 2, 3, 4, 5, 6, 7, 8], 'v<^'], 8, 4, 3, True], [[[0, 1, 2, 3, 4, 5, 6, 7, 8], '^>v<^<^'], 19, 10, 7, True], [[[0, 1, 2, 3, 4, 5, 6, 7, 8], '<v>v<<^^'], 15, 9, 8, True], [[[0, 1, 2, 3, 4, 5, 6, 7, 8], 'vv>^<^'], 14, 8, 6, True], [[[0, 1, 2, 3, 4, 5, 6, 7, 8], '>^<^'], 9, 5, 4, True], [[[0, 1, 2, 3, 4, 5, 6, 7, 8], '<<'], 4, 3, 2, True], [[[0, 1, 2, 3, 4, 5, 6, 7, 8], '<<'], 4, 3, 2, True], [[[0, 1, 2, 3, 4, 5, 6, 7, 8], '^>^<<'], 11, 6, 5, True], [[[0, 1, 2, 3, 4, 5, 6, 7, 8], '>^<'], 8, 4, 3, True], [[[0, 1, 2, 3, 4, 5, 6, 7, 8], '<v>>^<<^'], 18, 10, 8, True], [[[0, 1, 2, 3, 4, 5, 6, 7, 8], '^>v<^<^'], 19, 10, 7, True], [[[0, 1, 2, 3, 4, 5, 6, 7, 8], 'v>v>^<^<'], 20, 11, 8, True], [[[0, 1, 2, 3, 4, 5, 6, 7, 8], 'v<<^>^<'], 14, 8, 7, True], [[[0, 1, 2, 3, 4, 5, 6, 7, 8], '^<<'], 6, 4, 3, True], [[[0, 1, 2, 3, 4, 5, 6, 7, 8], '>>^^<<'], 10, 7, 6, True], [[[0, 1, 2, 3, 4, 5, 6, 7, 8], '^>^<vv>^<^'], 42, 24, 10, True], [[[0, 1, 2, 3, 4, 5, 6, 7, 8], 'vv<<^>>v<^^<'], 26, 15, 12, True], [[[0, 1, 2, 3, 4, 5, 6, 7, 8], '<<^'], 8, 4, 3, True], [[[0, 1, 2, 3, 4, 5, 6, 7, 8], '^^<vv>^^<'], 19, 10, 9, True], [[[0, 1, 2, 3, 4, 5, 6, 7, 8], 'v>v<<^>>^<<'], 27, 16, 11, True], [[[0, 1, 2, 3, 4, 5, 6, 7, 8], 'vv>>^<^<'], 15, 9, 8, True], [[[0, 1, 2, 3, 4, 5, 6, 7, 8], 'vv<^>^<<'], 23, 13, 8, True], [[[0, 1, 2, 3, 4, 5, 6, 7, 8], '<^^<'], 9, 5, 4, True], [[[0, 1, 2, 3, 4, 5, 6, 7, 8], 'v>^<^<'], 17, 9, 6, True], [[[0, 1, 2, 3, 4, 5, 6, 7, 8], ''], 0, 1, 0, True], [[[0, 1, 2, 3, 4, 5, 6, 7, 8], '>>^<<^'], 12, 7, 6, True], [[[0, 1, 2, 3, 4, 5, 6, 7, 8], '>v>v<^^<'], 32, 17, 8, True], [[[0, 1, 2, 3, 4, 5, 6, 7, 8], '^'], 3, 2, 1, True], [[[0, 1, 2, 3, 4, 5, 6, 7, 8], ''], 0, 1, 0, True], [[[0, 1, 2, 3, 4, 5, 6, 7, 8], ''], 0, 1, 0, True], [[[0, 1, 2, 3, 4, 5, 6, 7, 8], '^<<^'], 9, 5, 4, True], [[[0, 1, 2, 3, 4, 5, 6, 7, 8], '^<v<^'], 11, 6, 5, True], [[[0, 1, 2, 3, 4, 5, 6, 7, 8], ''], 0, 1, 0, True], [[[0, 1, 2, 3, 4, 5, 6, 7, 8], 'v<^'], 8, 4, 3, True], [[[0, 1, 2, 3, 4, 5, 6, 7, 8], '<<^^'], 7, 5, 4, True], [[[0, 1, 2, 3, 4, 5, 6, 7, 8], '<<^>v<^'], 26, 13, 7, True], [[[0, 1, 2, 3, 4, 5, 6, 7, 8], '>v>^<v<^'], 20, 11, 8, True], [[[0, 1, 2, 3, 4, 5, 6, 7, 8], 'v>^<<'], 12, 7, 5, True], [[[0, 1, 2, 3, 4, 5, 6, 7, 8], '^<^>vv<^^'], 28, 16, 9, True], [[[0, 1, 2, 3, 4, 5, 6, 7, 8], '^>^<'], 9, 5, 4, True], [[[0, 1, 2, 3, 4, 5, 6, 7, 8], '>v<v>^<<^'], 22, 12, 9, True], [[[0, 1, 2, 3, 4, 5, 6, 7, 8], '<^'], 6, 3, 2, True], [[[0, 1, 2, 3, 4, 5, 6, 7, 8], '<<'], 4, 3, 2, True], [[[0, 1, 2, 3, 4, 5, 6, 7, 8], '>^<^'], 9, 5, 4, True], [[[0, 1, 2, 3, 4, 5, 6, 7, 8], 'vv<^^<'], 12, 7, 6, True], [[[0, 1, 2, 3, 4, 5, 6, 7, 8], 'v<v<^^'], 12, 7, 6, True], [[[0, 1, 2, 3, 4, 5, 6, 7, 8], '^^'], 4, 3, 2, True], [[[0, 1, 2, 3, 4, 5, 6, 7, 8], '^^<<'], 7, 5, 4, True], [[[0, 1, 2, 3, 4, 5, 6, 7, 8], '^^'], 4, 3, 2, True], [[[0, 1, 2, 3, 4, 5, 6, 7, 8], '<<'], 4, 3, 2, True], [[[0, 1, 2, 3, 4, 5, 6, 7, 8], '^>^<v>v<^^<'], 42, 24, 11, True], [[[0, 1, 2, 3, 4, 5, 6, 7, 8], '<^<v>v<^>^<'], 41, 22, 11, True], [[[0, 1, 2, 3, 4, 5, 6, 7, 8], 'v<^^<'], 11, 6, 5, True], [[[0, 1, 2, 3, 4, 5, 6, 7, 8], '>v<^'], 9, 5, 4, True], [[[0, 1, 2, 3, 4, 5, 6, 7, 8], '<v>^>v<<^'], 45, 24, 9, True], [[[0, 1, 2, 3, 4, 5, 6, 7, 8], '>v<^<'], 12, 7, 5, True], [[[0, 1, 2, 3, 4, 5, 6, 7, 8], ''], 0, 1, 0, True], [[[0, 1, 2, 3, 4, 5, 6, 7, 8], '>^<v<^'], 17, 9, 6, True], [[[0, 1, 2, 3, 4, 5, 6, 7, 8], '>v<^^'], 12, 7, 5, True], [[[0, 1, 2, 3, 4, 5, 6, 7, 8], 'v<^<^'], 11, 6, 5, True], [[[0, 1, 2, 3, 4, 5, 6, 7, 8], '>v<^'], 9, 5, 4, True], [[[0, 1, 2, 3, 4, 5, 6, 7, 8], 'v>v<<^^'], 14, 8, 7, True], [[[0, 1, 2, 3, 4, 5, 6, 7, 8], '<v>^<^'], 15, 8, 6, True], [[[0, 1, 2, 3, 4, 5, 6, 7, 8], '<<^>^<'], 12, 7, 6, True], [[[0, 1, 2, 3, 4, 5, 6, 7, 8], 'vv>^^<<'], 15, 9, 7, True], [[[0, 1, 2, 3, 4, 5, 6, 7, 8], '<^^'], 6, 4, 3, True], [[[0, 1, 2, 3, 4, 5, 6, 7, 8], '^<^'], 8, 4, 3, True], [[[0, 1, 2, 3, 4, 5, 6, 7, 8], '>v<^'], 9, 5, 4, True], [[[0, 1, 2, 3, 4, 5, 6, 7, 8], 'v>>^<v<^'], 24, 13, 8, True], [[[0, 1, 2, 3, 4, 5, 6, 7, 8], '<v<^>^<'], 19, 10, 7, True], [[[0, 1, 2, 3, 4, 5, 6, 7, 8], ''], 0, 1, 0, True], [[[0, 1, 2, 3, 4, 5, 6, 7, 8], '^>vv<<^>v<^^'], 42, 24, 12, True], [[[0, 1, 2, 3, 4, 5, 6, 7, 8], '<^'], 6, 3, 2, True], [[[0, 1, 2, 3, 4, 5, 6, 7, 8], '^<<v>^^<'], 20, 11, 8, True], [[[0, 1, 2, 3, 4, 5, 6, 7, 8], '<^^<'], 9, 5, 4, True], [[[0, 1, 2, 3, 4, 5, 6, 7, 8], '^^>>v<^<'], 20, 11, 8, True], [[[0, 1, 2, 3, 4, 5, 6, 7, 8], '^<v>^^<<'], 19, 12, 8, True], [[[0, 1, 2, 3, 4, 5, 6, 7, 8], '<^<'], 8, 4, 3, True], [[[0, 1, 2, 3, 4, 5, 6, 7, 8], 'v>^<^>v<^<'], 39, 22, 10, True], [[[0, 1, 2, 3, 4, 5, 6, 7, 8], '<^>v<v<^^'], 25, 14, 9, True], [[[0, 1, 2, 3, 4, 5, 6, 7, 8], '<^>v<<^^'], 19, 12, 8, True], [[[0, 1, 2, 3, 4, 5, 6, 7, 8], '^^<'], 8, 4, 3, True], [[[0, 1, 2, 3, 4, 5, 6, 7, 8], '>v<<^>^<'], 17, 9, 8, True], [[[0, 1, 2, 3, 4, 5, 6, 7, 8], '^>v<^'], 11, 6, 5, True], [[[0, 1, 2, 3, 4, 5, 6, 7, 8], '^<<^>vv>^<<^'], 94, 50, 12, True], [[[0, 1, 2, 3, 4, 5, 6, 7, 8], '<v>^>^<<'], 23, 13, 8, True], [[[0, 1, 2, 3, 4, 5, 6, 7, 8], '>^>v<^<^'], 20, 11, 8, True], [[[0, 1, 2, 3, 4, 5, 6, 7, 8], '>v<v>^^<'], 30, 16, 8, True], [[[0, 1, 2, 3, 4, 5, 6, 7, 8], '^>^<'], 9, 5, 4, True], [[[0, 1, 2, 3, 4, 5, 6, 7, 8], '^<'], 6, 3, 2, True], [[[0, 1, 2, 3, 4, 5, 6, 7, 8], '^<v>>^<vv<^^'], 47, 28, 12, True], [[[0, 1, 2, 3, 4, 5, 6, 7, 8], '^^'], 4, 3, 2, True], [[[0, 1, 2, 3, 4, 5, 6, 7, 8], '^>v<<^'], 17, 9, 6, True], [[[0, 1, 2, 3, 4, 5, 6, 7, 8], 'vv<^^'], 11, 6, 5, True], [[[0, 1, 2, 3, 4, 5, 6, 7, 8], '>v>v<^<^'], 20, 11, 8, True], [[[0, 1, 2, 3, 4, 5, 6, 7, 8], '^<'], 6, 3, 2, True], [[[0, 1, 2, 3, 4, 5, 6, 7, 8], ''], 0, 1, 0, True], [[[0, 1, 2, 3, 4, 5, 6, 7, 8], '^>v<<^'], 17, 9, 6, True], [[[0, 1, 2, 3, 4, 5, 6, 7, 8], ''], 0, 1, 0, True], [[[0, 1, 2, 3, 4, 5, 6, 7, 8], '^>vv<^^<'], 18, 10, 8, True], [[[0, 1, 2, 3, 4, 5, 6, 7, 8], '^^<<'], 7, 5, 4, True], [[[0, 1, 2, 3, 4, 5, 6, 7, 8], '^<'], 6, 3, 2, True], [[[0, 1, 2, 3, 4, 5, 6, 7, 8], '<v<^^'], 11, 6, 5, True], [[[0, 1, 2, 3, 4, 5, 6, 7, 8], '^^<vv<^^'], 15, 9, 8, True], [[[0, 1, 2, 3, 4, 5, 6, 7, 8], '>vv<^>^<'], 24, 13, 8, True], [[[0, 1, 2, 3, 4, 5, 6, 7, 8], '^^<'], 8, 4, 3, True], [[[0, 1, 2, 3, 4, 5, 6, 7, 8], 'v<^^<'], 11, 6, 5, True], [[[0, 1, 2, 3, 4, 5, 6, 7, 8], '^<<vv>^<^'], 24, 13, 9, True], [[[0, 1, 2, 3, 4, 5, 6, 7, 8], '^^'], 4, 3, 2, True], [[[0, 1, 2, 3, 4, 5, 6, 7, 8], 'v>^>v<<^>v<^'], 61, 33, 12, True], [[[0, 1, 2, 3, 4, 5, 6, 7, 8], '>>v<v<^^'], 15, 9, 8, True], [[[0, 1, 2, 3, 4, 5, 6, 7, 8], '<v>^<'], 11, 6, 5, True], [[[0, 1, 2, 3, 4, 5, 6, 7, 8], '<vv>^^<<'], 16, 10, 8, True], [[[0, 1, 2, 3, 4, 5, 6, 7, 8], 'v<<^^'], 9, 6, 5, True], [[[0, 1, 2, 3, 4, 5, 6, 7, 8], '>^<<'], 9, 5, 4, True], [[[0, 1, 2, 3, 4, 5, 6, 7, 8], '<^'], 6, 3, 2, True], [[[0, 1, 2, 3, 4, 5, 6, 7, 8], '<'], 3, 2, 1, True], [[[0, 1, 2, 3, 4, 5, 6, 7, 8], '>^>^<v<^'], 20, 11, 8, True], [[[0, 1, 2, 3, 4, 5, 6, 7, 8], '^<^>>v<<^'], 19, 10, 9, True], [[[0, 1, 2, 3, 4, 5, 6, 7, 8], 'v<^'], 8, 4, 3, True], [[[0, 1, 2, 3, 4, 5, 6, 7, 8], ''], 0, 1, 0, True], [[[0, 1, 2, 3, 4, 5, 6, 7, 8], '>^^<v<^'], 14, 8, 7, True], [[[0, 1, 2, 3, 4, 5, 6, 7, 8], '<'], 3, 2, 1, True], [[[0, 1, 2, 3, 4, 5, 6, 7, 8], '>v<^'], 9, 5, 4, True], [[[0, 1, 2, 3, 4, 5, 6, 7, 8], '<v>^<^<'], 19, 10, 7, True], [[[0, 1, 2, 3, 4, 5, 6, 7, 8], '^'], 3, 2, 1, True], [[[0, 1, 2, 3, 4, 5, 6, 7, 8], '^^<v>^>v<^<'], 39, 21, 11, True], [[[0, 1, 2, 3, 4, 5, 6, 7, 8], '^^'], 4, 3, 2, True], [[[0, 1, 2, 3, 4, 5, 6, 7, 8], '>v<^>v>^^<<'], 38, 22, 11, True], [[[0, 1, 2, 3, 4, 5, 6, 7, 8], 'vv>^<<^'], 19, 10, 7, True], [[[0, 1, 2, 3, 4, 5, 6, 7, 8], '^>v<^'], 11, 6, 5, True], [[[0, 1, 2, 3, 4, 5, 6, 7, 8], '^^'], 4, 3, 2, True], [[[0, 1, 2, 3, 4, 5, 6, 7, 8], 'v<^<'], 9, 5, 4, True], [[[0, 1, 2, 3, 4, 5, 6, 7, 8], 'vv<^>^<'], 20, 11, 7, True], [[[0, 1, 2, 3, 4, 5, 6, 7, 8], '>v<<^>v<^'], 32, 17, 9, True], [[[0, 1, 2, 3, 4, 5, 6, 7, 8], 'vv<^>^<<'], 23, 13, 8, True], [[[0, 1, 2, 3, 4, 5, 6, 7, 8], '<v>^<'], 11, 6, 5, True], [[[0, 1, 2, 3, 4, 5, 6, 7, 8], '>^^<v>^>v<<^'], 70, 41, 12, True], [[[0, 1, 2, 3, 4, 5, 6, 7, 8], '<^>v<^^<'], 31, 17, 8, True], [[[0, 1, 2, 3, 4, 5, 6, 7, 8], '<v>^<^<'], 19, 10, 7, True], [[[0, 1, 2, 3, 4, 5, 6, 7, 8], '>>v<<^>vv<^^'], 30, 17, 12, True], [[[0, 1, 2, 3, 4, 5, 6, 7, 8], 'vv<^>>v<^<^'], 42, 25, 11, True], [[[0, 1, 2, 3, 4, 5, 6, 7, 8], '^<<v>>^^<<'], 22, 14, 10, True], [[[0, 1, 2, 3, 4, 5, 6, 7, 8], '>v<^'], 9, 5, 4, True], [[[0, 1, 2, 3, 4, 5, 6, 7, 8], '>v<^<^'], 17, 9, 6, True], [[[0, 1, 2, 3, 4, 5, 6, 7, 8], 'v<^'], 8, 4, 3, True], [[[0, 1, 2, 3, 4, 5, 6, 7, 8], 'v>^^<<'], 12, 7, 6, True], [[[0, 1, 2, 3, 4, 5, 6, 7, 8], '<^'], 6, 3, 2, True], [[[0, 1, 2, 3, 4, 5, 6, 7, 8], '^<v<^^'], 12, 7, 6, True], [[[0, 1, 2, 3, 4, 5, 6, 7, 8], '>>^<^>v<<^'], 23, 13, 10, True], [[[0, 1, 2, 3, 4, 5, 6, 7, 8], '<vv<^^'], 12, 7, 6, True], [[[0, 1, 2, 3, 4, 5, 6, 7, 8], 'v>^>v<v>^^<<'], 69, 40, 12, True], [[[0, 1, 2, 3, 4, 5, 6, 7, 8], '^<vv<^>^<'], 34, 18, 9, True], [[[0, 1, 2, 3, 4, 5, 6, 7, 8], 'v<^'], 8, 4, 3, True], [[[0, 1, 2, 3, 4, 5, 6, 7, 8], '<<vv>^^<'], 15, 9, 8, True], [[[0, 1, 2, 3, 4, 5, 6, 7, 8], '<^<v>^>^<<'], 26, 15, 10, True], [[[0, 1, 2, 3, 4, 5, 6, 7, 8], 'v>>^<<'], 12, 7, 6, True], [[[0, 1, 2, 3, 4, 5, 6, 7, 8], 'v<^<^'], 11, 6, 5, True], [[[0, 1, 2, 3, 4, 5, 6, 7, 8], '<^>vv<^<^'], 22, 12, 9, True], [[[0, 1, 2, 3, 4, 5, 6, 7, 8], 'v>^<^>>v<^<v>v<^^'], 186, 111, 17, True], [[[0, 1, 2, 3, 4, 5, 6, 7, 8], 'v<^>^<<'], 18, 11, 7, True], [[[0, 1, 2, 3, 4, 5, 6, 7, 8], '<v>>^<v<^'], 36, 20, 9, True], [[[0, 1, 2, 3, 4, 5, 6, 7, 8], '^<v>^<<'], 29, 16, 7, True], [[[0, 1, 2, 3, 4, 5, 6, 7, 8], '^'], 3, 2, 1, True], [[[0, 1, 2, 3, 4, 5, 6, 7, 8], '^<'], 6, 3, 2, True], [[[0, 1, 2, 3, 4, 5, 6, 7, 8], '>^<v<^>^<'], 25, 14, 9, True], [[[0, 1, 2, 3, 4, 5, 6, 7, 8], 'v<^<^>v>^<v<^'], 45, 25, 13, True], [[[0, 1, 2, 3, 4, 5, 6, 7, 8], 'vv<^<^'], 12, 7, 6, True], [[[0, 1, 2, 3, 4, 5, 6, 7, 8], 'v<^<'], 9, 5, 4, True], [[[0, 1, 2, 3, 4, 5, 6, 7, 8], '^^<'], 8, 4, 3, True], [[[0, 1, 2, 3, 4, 5, 6, 7, 8], '^^<v<^'], 12, 7, 6, True], [[[0, 1, 2, 3, 4, 5, 6, 7, 8], '<vv<^^'], 12, 7, 6, True], [[[0, 1, 2, 3, 4, 5, 6, 7, 8], 'v<^^<'], 11, 6, 5, True], [[[0, 1, 2, 3, 4, 5, 6, 7, 8], '<v<^>>v<^<'], 42, 24, 10, True], [[[0, 1, 2, 3, 4, 5, 6, 7, 8], '<v<v>^>v<<^^'], 66, 39, 12, True], [[[0, 1, 2, 3, 4, 5, 6, 7, 8], '>v<^'], 9, 5, 4, True], [[[0, 1, 2, 3, 4, 5, 6, 7, 8], '^>v<<^>vv<^^'], 36, 20, 12, True], [[[0, 1, 2, 3, 4, 5, 6, 7, 8], '<^<v>^^<'], 20, 11, 8, True], [[[0, 1, 2, 3, 4, 5, 6, 7, 8], '^>>^<<'], 12, 7, 6, True], [[[0, 1, 2, 3, 4, 5, 6, 7, 8], 'v>^>v<^<^'], 23, 13, 9, True], [[[0, 1, 2, 3, 4, 5, 6, 7, 8], 'v<^^'], 9, 5, 4, True], [[[0, 1, 2, 3, 4, 5, 6, 7, 8], '<^^<'], 9, 5, 4, True], [[[0, 1, 2, 3, 4, 5, 6, 7, 8], '<^>v<^<^'], 33, 18, 8, True], [[[0, 1, 2, 3, 4, 5, 6, 7, 8], '>vv<^<^'], 14, 8, 7, True], [[[0, 1, 2, 3, 4, 5, 6, 7, 8], 'vv>>^<^<'], 15, 9, 8, True], [[[0, 1, 2, 3, 4, 5, 6, 7, 8], '>v<<^'], 11, 6, 5, True], [[[0, 1, 2, 3, 4, 5, 6, 7, 8], '<<'], 4, 3, 2, True], [[[0, 1, 2, 3, 4, 5, 6, 7, 8], '<^>v<^^<'], 31, 17, 8, True], [[[0, 1, 2, 3, 4, 5, 6, 7, 8], '^>>^<<v>^<'], 23, 13, 10, True], [[[0, 1, 2, 3, 4, 5, 6, 7, 8], '<v>^^<v<^'], 22, 12, 9, True], [[[0, 1, 2, 3, 4, 5, 6, 7, 8], '>^>v<v<^^'], 26, 15, 9, True], [[[0, 1, 2, 3, 4, 5, 6, 7, 8], '^<<^'], 9, 5, 4, True], [[[0, 1, 2, 3, 4, 5, 6, 7, 8], '^>>^<<'], 12, 7, 6, True], [[[0, 1, 2, 3, 4, 5, 6, 7, 8], 'v>^^<v>v<^>^<<'], 117, 70, 14, True], [[[0, 1, 2, 3, 4, 5, 6, 7, 8], '^<v<v>^^<'], 37, 20, 9, True], [[[0, 1, 2, 3, 4, 5, 6, 7, 8], '>^<^'], 9, 5, 4, True], [[[0, 1, 2, 3, 4, 5, 6, 7, 8], '<<^^'], 7, 5, 4, True], [[[0, 1, 2, 3, 4, 5, 6, 7, 8], '>v<^'], 9, 5, 4, True], [[[0, 1, 2, 3, 4, 5, 6, 7, 8], '>v<^'], 9, 5, 4, True], [[[0, 1, 2, 3, 4, 5, 6, 7, 8], '^^<'], 8, 4, 3, True], [[[0, 1, 2, 3, 4, 5, 6, 7, 8], '>^<^<'], 11, 6, 5, True], [[[0, 1, 2, 3, 4, 5, 6, 7, 8], '^>vv>^^<<'], 27, 16, 9, True], [[[0, 1, 2, 3, 4, 5, 6, 7, 8], '^^<v<^'], 12, 7, 6, True], [[[0, 1, 2, 3, 4, 5, 6, 7, 8], 'vv<^<^'], 12, 7, 6, True], [[[0, 1, 2, 3, 4, 5, 6, 7, 8], '>vv>^<^<'], 29, 16, 8, True], [[[0, 1, 2, 3, 4, 5, 6, 7, 8], '^^'], 4, 3, 2, True], [[[0, 1, 2, 3, 4, 5, 6, 7, 8], 'v>^<'], 9, 5, 4, True], [[[0, 1, 2, 3, 4, 5, 6, 7, 8], '^<'], 6, 3, 2, True], [[[0, 1, 2, 3, 4, 5, 6, 7, 8], '<<^>v<^^'], 25, 15, 8, True], [[[0, 1, 2, 3, 4, 5, 6, 7, 8], '^<v<^'], 11, 6, 5, True], [[[0, 1, 2, 3, 4, 5, 6, 7, 8], '<v>^<'], 11, 6, 5, True], [[[0, 1, 2, 3, 4, 5, 6, 7, 8], '^>vv>^^<<'], 27, 16, 9, True], [[[0, 1, 2, 3, 4, 5, 6, 7, 8], '^<^<'], 9, 5, 4, True], [[[0, 1, 2, 3, 4, 5, 6, 7, 8], '^'], 3, 2, 1, True], [[[0, 1, 2, 3, 4, 5, 6, 7, 8], '<<'], 4, 3, 2, True], [[[0, 1, 2, 3, 4, 5, 6, 7, 8], '>^<^<'], 11, 6, 5, True], [[[0, 1, 2, 3, 4, 5, 6, 7, 8], '<'], 3, 2, 1, True], [[[0, 1, 2, 3, 4, 5, 6, 7, 8], '^^'], 4, 3, 2, True], [[[0, 1, 2, 3, 4, 5, 6, 7, 8], '<<^^'], 7, 5, 4, True], [[[0, 1, 2, 3, 4, 5, 6, 7, 8], '>v>^<v<^'], 20, 11, 8, True], [[[0, 1, 2, 3, 4, 5, 6, 7, 8], '^>>v<v<^^'], 17, 10, 9, True], [[[0, 1, 2, 3, 4, 5, 6, 7, 8], '^'], 3, 2, 1, True], [[[0, 1, 2, 3, 4, 5, 6, 7, 8], '>v>^<<'], 14, 8, 6, True], [[[0, 1, 2, 3, 4, 5, 6, 7, 8], 'vv<^^'], 11, 6, 5, True], [[[0, 1, 2, 3, 4, 5, 6, 7, 8], '<^^>vv<^<^'], 20, 11, 10, True], [[[0, 1, 2, 3, 4, 5, 6, 7, 8], '^<'], 6, 3, 2, True], [[[0, 1, 2, 3, 4, 5, 6, 7, 8], '>^^<'], 9, 5, 4, True], [[[0, 1, 2, 3, 4, 5, 6, 7, 8], '^>^<'], 9, 5, 4, True], [[[0, 1, 2, 3, 4, 5, 6, 7, 8], '<v<^'], 9, 5, 4, True], [[[0, 1, 2, 3, 4, 5, 6, 7, 8], '<^<'], 8, 4, 3, True], [[[0, 1, 2, 3, 4, 5, 6, 7, 8], '>v<v>^<^'], 18, 10, 8, True], [[[0, 1, 2, 3, 4, 5, 6, 7, 8], '>^<^<'], 11, 6, 5, True], [[[0, 1, 2, 3, 4, 5, 6, 7, 8], '>>v<<^'], 12, 7, 6, True], [[[0, 1, 2, 3, 4, 5, 6, 7, 8], '^>v<v>^<^'], 23, 13, 9, True], [[[0, 1, 2, 3, 4, 5, 6, 7, 8], '^>^<<vv>^^<'], 28, 16, 11, True], [[[0, 1, 2, 3, 4, 5, 6, 7, 8], '^<v>>^<v<^'], 46, 27, 10, True], [[[0, 1, 2, 3, 4, 5, 6, 7, 8], '<<'], 4, 3, 2, True], [[[0, 1, 2, 3, 4, 5, 6, 7, 8], '^^<<'], 7, 5, 4, True], [[[0, 1, 2, 3, 4, 5, 6, 7, 8], '^'], 3, 2, 1, True], [[[0, 1, 2, 3, 4, 5, 6, 7, 8], '^'], 3, 2, 1, True], [[[0, 1, 2, 3, 4, 5, 6, 7, 8], '<'], 3, 2, 1, True], [[[0, 1, 2, 3, 4, 5, 6, 7, 8], 'vv>^>v<<^^'], 50, 29, 10, True], [[[0, 1, 2, 3, 4, 5, 6, 7, 8], '>v<^^'], 12, 7, 5, True], [[[0, 1, 2, 3, 4, 5, 6, 7, 8], '<<v>>^<<'], 15, 9, 8, True], [[[0, 1, 2, 3, 4, 5, 6, 7, 8], '^>>vv<<^^'], 15, 10, 9, True], [[[0, 1, 2, 3, 4, 5, 6, 7, 8], '<^<^'], 9, 5, 4, True], [[[0, 1, 2, 3, 4, 5, 6, 7, 8], '<v>>^<v<^'], 36, 20, 9, True], [[[0, 1, 2, 3, 4, 5, 6, 7, 8], 'v>v<^^'], 14, 8, 6, True], [[[0, 1, 2, 3, 4, 5, 6, 7, 8], 'v<<^>vv<^^>v<^'], 89, 52, 14, True], [[[0, 1, 2, 3, 4, 5, 6, 7, 8], '<'], 3, 2, 1, True], [[[0, 1, 2, 3, 4, 5, 6, 7, 8], '>>^<<v>^<'], 21, 12, 9, True], [[[0, 1, 2, 3, 4, 5, 6, 7, 8], '^^<<'], 7, 5, 4, True], [[[0, 1, 2, 3, 4, 5, 6, 7, 8], '<<^>^<'], 12, 7, 6, True], [[[0, 1, 2, 3, 4, 5, 6, 7, 8], '^>^>v<<^'], 25, 14, 8, True], [[[0, 1, 2, 3, 4, 5, 6, 7, 8], '<v<^>vv<^^'], 37, 21, 10, True], [[[0, 1, 2, 3, 4, 5, 6, 7, 8], '<^^'], 6, 4, 3, True], [[[0, 1, 2, 3, 4, 5, 6, 7, 8], '<^^'], 6, 4, 3, True], [[[0, 1, 2, 3, 4, 5, 6, 7, 8], '<^>v>^<v>v<^<^'], 58, 33, 14, True], [[[0, 1, 2, 3, 4, 5, 6, 7, 8], '<<^^'], 7, 5, 4, True], [[[0, 1, 2, 3, 4, 5, 6, 7, 8], '<v>^<'], 11, 6, 5, True], [[[0, 1, 2, 3, 4, 5, 6, 7, 8], '>^^>v<<^'], 20, 11, 8, True], [[[0, 1, 2, 3, 4, 5, 6, 7, 8], '>>^^<<'], 10, 7, 6, True], [[[0, 1, 2, 3, 4, 5, 6, 7, 8], '^<'], 6, 3, 2, True], [[[0, 1, 2, 3, 4, 5, 6, 7, 8], '^<v<^'], 11, 6, 5, True], [[[0, 1, 2, 3, 4, 5, 6, 7, 8], '>v<v>^^<<'], 40, 23, 9, True], [[[0, 1, 2, 3, 4, 5, 6, 7, 8], '<^>v<^^'], 24, 14, 7, True], [[[0, 1, 2, 3, 4, 5, 6, 7, 8], '>>^<^>v<^<'], 31, 18, 10, True], [[[0, 1, 2, 3, 4, 5, 6, 7, 8], 'vv>^>^<<'], 15, 9, 8, True], [[[0, 1, 2, 3, 4, 5, 6, 7, 8], '^<^<vv>>^^<<'], 22, 14, 12, True], [[[0, 1, 2, 3, 4, 5, 6, 7, 8], '^>>v<<^^'], 16, 10, 8, True], [[[0, 1, 2, 3, 4, 5, 6, 7, 8], '<^<'], 8, 4, 3, True], [[[0, 1, 2, 3, 4, 5, 6, 7, 8], '^<^<'], 9, 5, 4, True], [[[0, 1, 2, 3, 4, 5, 6, 7, 8], '<v<^^'], 11, 6, 5, True], [[[0, 1, 2, 3, 4, 5, 6, 7, 8], '^^>v<^<'], 17, 9, 7, True], [[[0, 1, 2, 3, 4, 5, 6, 7, 8], '<<^'], 8, 4, 3, True], [[[0, 1, 2, 3, 4, 5, 6, 7, 8], '>^<^'], 9, 5, 4, True], [[[0, 1, 2, 3, 4, 5, 6, 7, 8], '>v<^'], 9, 5, 4, True], [[[0, 1, 2, 3, 4, 5, 6, 7, 8], '^<'], 6, 3, 2, True], [[[0, 1, 2, 3, 4, 5, 6, 7, 8], '<<^'], 8, 4, 3, True], [[[0, 1, 2, 3, 4, 5, 6, 7, 8], '^'], 3, 2, 1, True], [[[0, 1, 2, 3, 4, 5, 6, 7, 8], '^<^'], 8, 4, 3, True], [[[0, 1, 2, 3, 4, 5, 6, 7, 8], 'vv<^^<vv>^^<'], 23, 13, 12, True], [[[0, 1, 2, 3, 4, 5, 6, 7, 8], '^^<<v>^<'], 15, 9, 8, True], [[[0, 1, 2, 3, 4, 5, 6, 7, 8], 'v>^<<'], 12, 7, 5, True], [[[0, 1, 2, 3, 4, 5, 6, 7, 8], '<^<vv>^<^'], 26, 15, 9, True], [[[0, 1, 2, 3, 4, 5, 6, 7, 8], '>^^<vv>>^<<^'], 46, 26, 12, True], [[[0, 1, 2, 3, 4, 5, 6, 7, 8], '<vv<^^>v<^'], 23, 13, 10, True], [[[0, 1, 2, 3, 4, 5, 6, 7, 8], '<v>^<^<'], 19, 10, 7, True], [[[0, 1, 2, 3, 4, 5, 6, 7, 8], '^>>v<^<^'], 22, 12, 8, True], [[[0, 1, 2, 3, 4, 5, 6, 7, 8], '<v>^<<'], 13, 8, 6, True], [[[0, 1, 2, 3, 4, 5, 6, 7, 8], '<'], 3, 2, 1, True], [[[0, 1, 2, 3, 4, 5, 6, 7, 8], '^'], 3, 2, 1, True], [[[0, 1, 2, 3, 4, 5, 6, 7, 8], 'v<^<^>v<^'], 29, 15, 9, True], [[[0, 1, 2, 3, 4, 5, 6, 7, 8], 'vv>^<^'], 14, 8, 6, True], [[[0, 1, 2, 3, 4, 5, 6, 7, 8], '^>v<v<^^'], 23, 13, 8, True], [[[0, 1, 2, 3, 4, 5, 6, 7, 8], '^<v>^^<<'], 19, 12, 8, True], [[[0, 1, 2, 3, 4, 5, 6, 7, 8], '^<v<^^'], 12, 7, 6, True], [[[0, 1, 2, 3, 4, 5, 6, 7, 8], '<vv>^^>v<^<'], 26, 15, 11, True], [[[0, 1, 2, 3, 4, 5, 6, 7, 8], '>>v<^<^'], 20, 11, 7, True], [[[0, 1, 2, 3, 4, 5, 6, 7, 8], '>>^^<<'], 10, 7, 6, True], [[[0, 1, 2, 3, 4, 5, 6, 7, 8], 'v>v>^^<<'], 15, 9, 8, True], [[[0, 1, 2, 3, 4, 5, 6, 7, 8], '>^^<'], 9, 5, 4, True], [[[0, 1, 2, 3, 4, 5, 6, 7, 8], '<v>^<'], 11, 6, 5, True], [[[0, 1, 2, 3, 4, 5, 6, 7, 8], 'vv>^>^<<'], 15, 9, 8, True], [[[0, 1, 2, 3, 4, 5, 6, 7, 8], '>^<'], 8, 4, 3, True], [[[0, 1, 2, 3, 4, 5, 6, 7, 8], '^<<^>v<^'], 27, 14, 8, True], [[[0, 1, 2, 3, 4, 5, 6, 7, 8], '^>>v<^<'], 18, 10, 7, True], [[[0, 1, 2, 3, 4, 5, 6, 7, 8], '^^<v>^<<'], 30, 17, 8, True], [[[0, 1, 2, 3, 4, 5, 6, 7, 8], '^>v<^<'], 15, 8, 6, True], [[[0, 1, 2, 3, 4, 5, 6, 7, 8], '^<v<^'], 11, 6, 5, True], [[[0, 1, 2, 3, 4, 5, 6, 7, 8], 'v>v<^^<'], 20, 11, 7, True], [[[0, 1, 2, 3, 4, 5, 6, 7, 8], '^<v<^>>v<^^<'], 50, 28, 12, True], [[[0, 1, 2, 3, 4, 5, 6, 7, 8], ''], 0, 1, 0, True], [[[0, 1, 2, 3, 4, 5, 6, 7, 8], '<^^<'], 9, 5, 4, True], [[[0, 1, 2, 3, 4, 5, 6, 7, 8], '<v<^'], 9, 5, 4, True], [[[0, 1, 2, 3, 4, 5, 6, 7, 8], 'vv<^<v>^^<'], 23, 13, 10, True], [[[0, 1, 2, 3, 4, 5, 6, 7, 8], '^^>>v<^<'], 20, 11, 8, True], [[[0, 1, 2, 3, 4, 5, 6, 7, 8], '>^<^'], 9, 5, 4, True], [[[0, 1, 2, 3, 4, 5, 6, 7, 8], '<v>v<^<^'], 20, 11, 8, True], [[[0, 1, 2, 3, 4, 5, 6, 7, 8], '<'], 3, 2, 1, True], [[[0, 1, 2, 3, 4, 5, 6, 7, 8], '>^^<<'], 9, 6, 5, True], [[[0, 1, 2, 3, 4, 5, 6, 7, 8], '>^<^'], 9, 5, 4, True], [[[0, 1, 2, 3, 4, 5, 6, 7, 8], '^>>vv<<^>>^<<'], 81, 48, 13, True], [[[0, 1, 2, 3, 4, 5, 6, 7, 8], '>>^<<'], 11, 6, 5, True], [[[0, 1, 2, 3, 4, 5, 6, 7, 8], 'vv>^<^'], 14, 8, 6, True], [[[0, 1, 2, 3, 4, 5, 6, 7, 8], 'v>^<'], 9, 5, 4, True], [[[0, 1, 2, 3, 4, 5, 6, 7, 8], '^<v<^'], 11, 6, 5, True], [[[0, 1, 2, 3, 4, 5, 6, 7, 8], '<^<^'], 9, 5, 4, True], [[[0, 1, 2, 3, 4, 5, 6, 7, 8], '^<^>v<^'], 26, 13, 7, True], [[[0, 1, 2, 3, 4, 5, 6, 7, 8], 'v>>^<^<'], 14, 8, 7, True], [[[0, 1, 2, 3, 4, 5, 6, 7, 8], '<^^<'], 9, 5, 4, True], [[[0, 1, 2, 3, 4, 5, 6, 7, 8], 'v>^>v<<^'], 30, 16, 8, True], [[[0, 1, 2, 3, 4, 5, 6, 7, 8], 'v<^<^'], 11, 6, 5, True], [[[0, 1, 2, 3, 4, 5, 6, 7, 8], '<vv>^^<<'], 16, 10, 8, True], [[[0, 1, 2, 3, 4, 5, 6, 7, 8], '>^^<'], 9, 5, 4, True], [[[0, 1, 2, 3, 4, 5, 6, 7, 8], '^^>v<^'], 12, 7, 6, True], [[[0, 1, 2, 3, 4, 5, 6, 7, 8], '<^^<'], 9, 5, 4, True], [[[0, 1, 2, 3, 4, 5, 6, 7, 8], '^>^>v<<^'], 25, 14, 8, True], [[[0, 1, 2, 3, 4, 5, 6, 7, 8], '>>v<<^'], 12, 7, 6, True], [[[0, 1, 2, 3, 4, 5, 6, 7, 8], '>v<^^>vv<<^^'], 48, 29, 12, True], [[[0, 1, 2, 3, 4, 5, 6, 7, 8], 'v>>^^<v>v<^^<'], 96, 56, 13, True], [[[0, 1, 2, 3, 4, 5, 6, 7, 8], '^'], 3, 2, 1, True], [[[0, 1, 2, 3, 4, 5, 6, 7, 8], '<^>v<^'], 24, 12, 6, True], [[[0, 1, 2, 3, 4, 5, 6, 7, 8], '<<^>v<^'], 26, 13, 7, True], [[[0, 1, 2, 3, 4, 5, 6, 7, 8], ''], 0, 1, 0, True], [[[0, 1, 2, 3, 4, 5, 6, 7, 8], '<<vv>^>v<<^^'], 82, 49, 12, True], [[[0, 1, 2, 3, 4, 5, 6, 7, 8], 'v>^>^<<'], 14, 8, 7, True], [[[0, 1, 2, 3, 4, 5, 6, 7, 8], '<<'], 4, 3, 2, True], [[[0, 1, 2, 3, 4, 5, 6, 7, 8], '^^<v>^<<'], 30, 17, 8, True], [[[0, 1, 2, 3, 4, 5, 6, 7, 8], '^>v<^<'], 15, 8, 6, True], [[[0, 1, 2, 3, 4, 5, 6, 7, 8], '^>vv>^^<<'], 27, 16, 9, True], [[[0, 1, 2, 3, 4, 5, 6, 7, 8], '>>^<<'], 11, 6, 5, True], [[[0, 1, 2, 3, 4, 5, 6, 7, 8], '<v<v>^<^'], 18, 10, 8, True], [[[0, 1, 2, 3, 4, 5, 6, 7, 8], '>vv>^<^<'], 29, 16, 8, True], [[[0, 1, 2, 3, 4, 5, 6, 7, 8], 'v>^^>v<<^'], 23, 13, 9, True], [[[0, 1, 2, 3, 4, 5, 6, 7, 8], '>>^<<^'], 12, 7, 6, True], [[[0, 1, 2, 3, 4, 5, 6, 7, 8], '<v<^>^<'], 19, 10, 7, True], [[[0, 1, 2, 3, 4, 5, 6, 7, 8], 'vv<^^<vv>>^^<<'], 89, 52, 14, True], [[[0, 1, 2, 3, 4, 5, 6, 7, 8], '>>v<v>^^<<'], 50, 29, 10, True], [[[0, 1, 2, 3, 4, 5, 6, 7, 8], 'vv<^^<'], 12, 7, 6, True], [[[0, 1, 2, 3, 4, 5, 6, 7, 8], '<<v>^<'], 12, 7, 6, True], [[[0, 1, 2, 3, 4, 5, 6, 7, 8], '^'], 3, 2, 1, True], [[[0, 1, 2, 3, 4, 5, 6, 7, 8], '<<'], 4, 3, 2, True], [[[0, 1, 2, 3, 4, 5, 6, 7, 8], '<v>^^>v<<^'], 45, 24, 10, True], [[[0, 1, 2, 3, 4, 5, 6, 7, 8], 'v<<^^'], 9, 6, 5, True], [[[0, 1, 2, 3, 4, 5, 6, 7, 8], 'v<^^<'], 11, 6, 5, True], [[[0, 1, 2, 3, 4, 5, 6, 7, 8], '^<<^'], 9, 5, 4, True], [[[0, 1, 2, 3, 4, 5, 6, 7, 8], 'v<<^'], 9, 5, 4, True], [[[0, 1, 2, 3, 4, 5, 6, 7, 8], '<^>>v<^^<'], 22, 12, 9, True], [[[0, 1, 2, 3, 4, 5, 6, 7, 8], '<<^'], 8, 4, 3, True], [[[0, 1, 2, 3, 4, 5, 6, 7, 8], '<v<^^'], 11, 6, 5, True], [[[0, 1, 2, 3, 4, 5, 6, 7, 8], '<^^<'], 9, 5, 4, True], [[[0, 1, 2, 3, 4, 5, 6, 7, 8], '^<^'], 8, 4, 3, True], [[[0, 1, 2, 3, 4, 5, 6, 7, 8], '<v>^<^<'], 19, 10, 7, True], [[[0, 1, 2, 3, 4, 5, 6, 7, 8], '>v>v<^<^'], 20, 11, 8, True], [[[0, 1, 2, 3, 4, 5, 6, 7, 8], '^<<vv>^^<'], 17, 10, 9, True], [[[0, 1, 2, 3, 4, 5, 6, 7, 8], '>v>^<v<^^'], 24, 14, 9, True], [[[0, 1, 2, 3, 4, 5, 6, 7, 8], '>^<<^'], 11, 6, 5, True], [[[0, 1, 2, 3, 4, 5, 6, 7, 8], 'v<<^'], 9, 5, 4, True], [[[0, 1, 2, 3, 4, 5, 6, 7, 8], '>>v<<^'], 12, 7, 6, True], [[[0, 1, 2, 3, 4, 5, 6, 7, 8], '^>^<v>v<<^^'], 33, 20, 11, True], [[[0, 1, 2, 3, 4, 5, 6, 7, 8], 'v>>^^<v<^'], 18, 11, 9, True], [[[0, 1, 2, 3, 4, 5, 6, 7, 8], '<^>^<'], 11, 6, 5, True], [[[0, 1, 2, 3, 4, 5, 6, 7, 8], '<<'], 4, 3, 2, True], [[[0, 1, 2, 3, 4, 5, 6, 7, 8], '<^<^'], 9, 5, 4, True], [[[0, 1, 2, 3, 4, 5, 6, 7, 8], 'v<<^'], 9, 5, 4, True], [[[0, 1, 2, 3, 4, 5, 6, 7, 8], '<^<'], 8, 4, 3, True], [[[0, 1, 2, 3, 4, 5, 6, 7, 8], '^<v>^<<'], 29, 16, 7, True], [[[0, 1, 2, 3, 4, 5, 6, 7, 8], 'vv>^^<<v>>v<<^^'], 174, 102, 15, True], [[[0, 1, 2, 3, 4, 5, 6, 7, 8], 'v<^<^'], 11, 6, 5, True], [[[0, 1, 2, 3, 4, 5, 6, 7, 8], '<<^^'], 7, 5, 4, True], [[[0, 1, 2, 3, 4, 5, 6, 7, 8], 'v<<^>v<^'], 27, 14, 8, True], [[[0, 1, 2, 3, 4, 5, 6, 7, 8], '>v<<v>^<^'], 20, 11, 9, True], [[[0, 1, 2, 3, 4, 5, 6, 7, 8], '>^<^>>v<^<'], 29, 17, 10, True], [[[0, 1, 2, 3, 4, 5, 6, 7, 8], 'vv>^^<'], 12, 7, 6, True], [[[0, 1, 2, 3, 4, 5, 6, 7, 8], '<<^>vv<^^>v<^'], 78, 46, 13, True], [[[0, 1, 2, 3, 4, 5, 6, 7, 8], '<^<'], 8, 4, 3, True], [[[0, 1, 2, 3, 4, 5, 6, 7, 8], '<^^'], 6, 4, 3, True], [[[0, 1, 2, 3, 4, 5, 6, 7, 8], '>^<'], 8, 4, 3, True], [[[0, 1, 2, 3, 4, 5, 6, 7, 8], '>vv>^^<<'], 17, 10, 8, True], [[[0, 1, 2, 3, 4, 5, 6, 7, 8], '>v>v<<^>^<'], 22, 12, 10, True], [[[0, 1, 2, 3, 4, 5, 6, 7, 8], '>^<vv>>^^<<'], 36, 22, 11, True], [[[0, 1, 2, 3, 4, 5, 6, 7, 8], '<<'], 4, 3, 2, True], [[[0, 1, 2, 3, 4, 5, 6, 7, 8], 'v<<^>v>^<<'], 47, 27, 10, True], [[[0, 1, 2, 3, 4, 5, 6, 7, 8], '^>v>^^<<'], 15, 9, 8, True], [[[0, 1, 2, 3, 4, 5, 6, 7, 8], '>^<'], 8, 4, 3, True], [[[0, 1, 2, 3, 4, 5, 6, 7, 8], 'vv<^<v>^^<'], 23, 13, 10, True], [[[0, 1, 2, 3, 4, 5, 6, 7, 8], '^<<^'], 9, 5, 4, True], [[[0, 1, 2, 3, 4, 5, 6, 7, 8], '>>^^<<'], 10, 7, 6, True], [[[0, 1, 2, 3, 4, 5, 6, 7, 8], '^<v<^^'], 12, 7, 6, True], [[[0, 1, 2, 3, 4, 5, 6, 7, 8], '^'], 3, 2, 1, True], [[[0, 1, 2, 3, 4, 5, 6, 7, 8], '<<^^'], 7, 5, 4, True], [[[0, 1, 2, 3, 4, 5, 6, 7, 8], '>v<^'], 9, 5, 4, True], [[[0, 1, 2, 3, 4, 5, 6, 7, 8], '^<v>^<<'], 29, 16, 7, True], [[[0, 1, 2, 3, 4, 5, 6, 7, 8], '>^<<'], 9, 5, 4, True], [[[0, 1, 2, 3, 4, 5, 6, 7, 8], '>v<^'], 9, 5, 4, True], [[[0, 1, 2, 3, 4, 5, 6, 7, 8], '<v<v>^^<'], 25, 14, 8, True], [[[0, 1, 2, 3, 4, 5, 6, 7, 8], '<'], 3, 2, 1, True], [[[0, 1, 2, 3, 4, 5, 6, 7, 8], '>vv<^<^>v<^'], 35, 19, 11, True], [[[0, 1, 2, 3, 4, 5, 6, 7, 8], '>v<<^^'], 12, 7, 6, True], [[[0, 1, 2, 3, 4, 5, 6, 7, 8], '<^^>v<^<'], 18, 10, 8, True], [[[0, 1, 2, 3, 4, 5, 6, 7, 8], '<^>v<^'], 24, 12, 6, True], [[[0, 1, 2, 3, 4, 5, 6, 7, 8], '<<^^'], 7, 5, 4, True], [[[0, 1, 2, 3, 4, 5, 6, 7, 8], '<'], 3, 2, 1, True], [[[0, 1, 2, 3, 4, 5, 6, 7, 8], '<v>v<^^'], 21, 12, 7, True], [[[0, 1, 2, 3, 4, 5, 6, 7, 8], '^>v<<^^'], 18, 11, 7, True], [[[0, 1, 2, 3, 4, 5, 6, 7, 8], '<^<'], 8, 4, 3, True], [[[0, 1, 2, 3, 4, 5, 6, 7, 8], '^<<'], 6, 4, 3, True], [[[0, 1, 2, 3, 4, 5, 6, 7, 8], '<<vv>>^^<<'], 16, 11, 10, True], [[[0, 1, 2, 3, 4, 5, 6, 7, 8], '^>vv>^<v<^^'], 26, 15, 11, True], [[[0, 1, 2, 3, 4, 5, 6, 7, 8], '<^^'], 6, 4, 3, True], [[[0, 1, 2, 3, 4, 5, 6, 7, 8], '^<<'], 6, 4, 3, True], [[[0, 1, 2, 3, 4, 5, 6, 7, 8], '^^>v<^<'], 17, 9, 7, True], [[[0, 1, 2, 3, 4, 5, 6, 7, 8], '<<v>>^<<'], 15, 9, 8, True], [[[0, 1, 2, 3, 4, 5, 6, 7, 8], '>^^<<'], 9, 6, 5, True], [[[0, 1, 2, 3, 4, 5, 6, 7, 8], ''], 0, 1, 0, True], [[[0, 1, 2, 3, 4, 5, 6, 7, 8], '>v<^'], 9, 5, 4, True], [[[0, 1, 2, 3, 4, 5, 6, 7, 8], '<v>^<<'], 13, 8, 6, True], [[[0, 1, 2, 3, 4, 5, 6, 7, 8], '<v>^^<'], 17, 9, 6, True], [[[0, 1, 2, 3, 4, 5, 6, 7, 8], '>vv>^<v<^^'], 24, 14, 10, True], [[[0, 1, 2, 3, 4, 5, 6, 7, 8], '>^<v<^^'], 18, 11, 7, True], [[[0, 1, 2, 3, 4, 5, 6, 7, 8], 'v<^<'], 9, 5, 4, True], [[[0, 1, 2, 3, 4, 5, 6, 7, 8], '<v>^^<v<^'], 22, 12, 9, True], [[[0, 1, 2, 3, 4, 5, 6, 7, 8], 'vv<<^^'], 10, 7, 6, True], [[[0, 1, 2, 3, 4, 5, 6, 7, 8], 'v>v<<^^'], 14, 8, 7, True], [[[0, 1, 2, 3, 4, 5, 6, 7, 8], 'v<^<'], 9, 5, 4, True], [[[0, 1, 2, 3, 4, 5, 6, 7, 8], 'v>^>vv<^<^'], 38, 20, 10, True], [[[0, 1, 2, 3, 4, 5, 6, 7, 8], 'vv<^^'], 11, 6, 5, True], [[[0, 1, 2, 3, 4, 5, 6, 7, 8], '>>^^<v<^'], 15, 9, 8, True], [[[0, 1, 2, 3, 4, 5, 6, 7, 8], 'v<^<'], 9, 5, 4, True], [[[0, 1, 2, 3, 4, 5, 6, 7, 8], '>^^<v<^'], 14, 8, 7, True], [[[0, 1, 2, 3, 4, 5, 6, 7, 8], '^>v<<v>>^^<<'], 79, 46, 12, True], [[[0, 1, 2, 3, 4, 5, 6, 7, 8], '<^>^<v<^'], 20, 11, 8, True], [[[0, 1, 2, 3, 4, 5, 6, 7, 8], '^<<v>^<'], 14, 8, 7, True], [[[0, 1, 2, 3, 4, 5, 6, 7, 8], '<<'], 4, 3, 2, True], [[[0, 1, 2, 3, 4, 5, 6, 7, 8], '^^>v<^'], 12, 7, 6, True], [[[0, 1, 2, 3, 4, 5, 6, 7, 8], '<^>v<v>^^<'], 51, 30, 10, True], [[[0, 1, 2, 3, 4, 5, 6, 7, 8], 'v>^<<'], 12, 7, 5, True], [[[0, 1, 2, 3, 4, 5, 6, 7, 8], '<^<^'], 9, 5, 4, True], [[[0, 1, 2, 3, 4, 5, 6, 7, 8], 'v<<^^'], 9, 6, 5, True], [[[0, 1, 2, 3, 4, 5, 6, 7, 8], 'v<v<^^'], 12, 7, 6, True], [[[0, 1, 2, 3, 4, 5, 6, 7, 8], 'vv<<^^'], 10, 7, 6, True], [[[0, 1, 2, 3, 4, 5, 6, 7, 8], '^^<v<v>^<^'], 21, 12, 10, True], [[[0, 1, 2, 3, 4, 5, 6, 7, 8], '<^^'], 6, 4, 3, True], [[[0, 1, 2, 3, 4, 5, 6, 7, 8], '<^<^>v>^<v<^'], 42, 23, 12, True], [[[0, 1, 2, 3, 4, 5, 6, 7, 8], '<<'], 4, 3, 2, True], [[[0, 1, 2, 3, 4, 5, 6, 7, 8], ''], 0, 1, 0, True], [[[0, 1, 2, 3, 4, 5, 6, 7, 8], '^^>>v<^<'], 20, 11, 8, True], [[[0, 1, 2, 3, 4, 5, 6, 7, 8], '<<v>v<^^'], 23, 13, 8, True], [[[0, 1, 2, 3, 4, 5, 6, 7, 8], '<<'], 4, 3, 2, True], [[[0, 1, 2, 3, 4, 5, 6, 7, 8], '^<^<'], 9, 5, 4, True], [[[0, 1, 2, 3, 4, 5, 6, 7, 8], '^<v<^'], 11, 6, 5, True], [[[0, 1, 2, 3, 4, 5, 6, 7, 8], '^^<'], 8, 4, 3, True], [[[0, 1, 2, 3, 4, 5, 6, 7, 8], '^>>v<^^<'], 20, 11, 8, True], [[[0, 1, 2, 3, 4, 5, 6, 7, 8], 'v>>v<^>^<<'], 24, 14, 10, True], [[[0, 1, 2, 3, 4, 5, 6, 7, 8], '>^^<<'], 9, 6, 5, True], [[[0, 1, 2, 3, 4, 5, 6, 7, 8], '^<<^'], 9, 5, 4, True], [[[0, 1, 2, 3, 4, 5, 6, 7, 8], '>v>^^<v<^'], 20, 11, 9, True], [[[0, 1, 2, 3, 4, 5, 6, 7, 8], '<^<'], 8, 4, 3, True], [[[0, 1, 2, 3, 4, 5, 6, 7, 8], '^^>>v<<^>v<^'], 60, 33, 12, True], [[[0, 1, 2, 3, 4, 5, 6, 7, 8], '>^>v<^<'], 17, 9, 7, True], [[[0, 1, 2, 3, 4, 5, 6, 7, 8], 'v>>^<<'], 12, 7, 6, True], [[[0, 1, 2, 3, 4, 5, 6, 7, 8], '>v>^^<<v>>^<<'], 33, 20, 13, True], [[[0, 1, 2, 3, 4, 5, 6, 7, 8], '>v>^<^>v<<^'], 35, 20, 11, True], [[[0, 1, 2, 3, 4, 5, 6, 7, 8], '>v>v<^<^'], 20, 11, 8, True], [[[0, 1, 2, 3, 4, 5, 6, 7, 8], 'vv>^<^'], 14, 8, 6, True], [[[0, 1, 2, 3, 4, 5, 6, 7, 8], '^>^<<'], 11, 6, 5, True], [[[0, 1, 2, 3, 4, 5, 6, 7, 8], '^<<^'], 9, 5, 4, True], [[[0, 1, 2, 3, 4, 5, 6, 7, 8], '^<^'], 8, 4, 3, True], [[[0, 1, 2, 3, 4, 5, 6, 7, 8], '<v>v<^^<'], 25, 14, 8, True], [[[0, 1, 2, 3, 4, 5, 6, 7, 8], '^^>>vv<^>v<<^^'], 48, 29, 14, True], [[[0, 1, 2, 3, 4, 5, 6, 7, 8], '<<'], 4, 3, 2, True], [[[0, 1, 2, 3, 4, 5, 6, 7, 8], 'vv<<^^'], 10, 7, 6, True], [[[0, 1, 2, 3, 4, 5, 6, 7, 8], 'v<^'], 8, 4, 3, True], [[[0, 1, 2, 3, 4, 5, 6, 7, 8], '>^^<<'], 9, 6, 5, True], [[[0, 1, 2, 3, 4, 5, 6, 7, 8], '<v>^<<'], 13, 8, 6, True], [[[0, 1, 2, 3, 4, 5, 6, 7, 8], 'v<^>^>v<^<'], 45, 24, 10, True], [[[0, 1, 2, 3, 4, 5, 6, 7, 8], '^<<vv>^>^<<'], 20, 12, 11, True], [[[0, 1, 2, 3, 4, 5, 6, 7, 8], '>^^>v<^<'], 18, 10, 8, True], [[[0, 1, 2, 3, 4, 5, 6, 7, 8], '<^'], 6, 3, 2, True], [[[0, 1, 2, 3, 4, 5, 6, 7, 8], '>^<^<v>>^<<'], 52, 29, 11, True], [[[0, 1, 2, 3, 4, 5, 6, 7, 8], '<'], 3, 2, 1, True], [[[0, 1, 2, 3, 4, 5, 6, 7, 8], '>>^^<vv<^^'], 26, 15, 10, True], [[[0, 1, 2, 3, 4, 5, 6, 7, 8], '^^'], 4, 3, 2, True], [[[0, 1, 2, 3, 4, 5, 6, 7, 8], '>^^<v<^'], 14, 8, 7, True], [[[0, 1, 2, 3, 4, 5, 6, 7, 8], 'v>^^<vv<^>^<'], 46, 25, 12, True], [[[0, 1, 2, 3, 4, 5, 6, 7, 8], 'v>>^^<<v>^<'], 23, 13, 11, True], [[[0, 1, 2, 3, 4, 5, 6, 7, 8], '<^^>v<^<'], 18, 10, 8, True], [[[0, 1, 2, 3, 4, 5, 6, 7, 8], '^>^<v>v<^^'], 34, 20, 10, True], [[[0, 1, 2, 3, 4, 5, 6, 7, 8], '<^<v>^>v<^<'], 40, 22, 11, True], [[[0, 1, 2, 3, 4, 5, 6, 7, 8], '<<vv>^<^'], 20, 11, 8, True], [[[0, 1, 2, 3, 4, 5, 6, 7, 8], 'v<^>^<'], 17, 9, 6, True], [[[0, 1, 2, 3, 4, 5, 6, 7, 8], '<^^'], 6, 4, 3, True], [[[0, 1, 2, 3, 4, 5, 6, 7, 8], 'v<<^'], 9, 5, 4, True], [[[0, 1, 2, 3, 4, 5, 6, 7, 8], '<^^<'], 9, 5, 4, True], [[[0, 1, 2, 3, 4, 5, 6, 7, 8], '>vv<^^'], 12, 7, 6, True], [[[0, 1, 2, 3, 4, 5, 6, 7, 8], 'v<v>^<<^'], 20, 11, 8, True], [[[0, 1, 2, 3, 4, 5, 6, 7, 8], 'v>>^<<^'], 15, 9, 7, True], [[[0, 1, 2, 3, 4, 5, 6, 7, 8], 'v<^>^>v<^<'], 45, 24, 10, True], [[[0, 1, 2, 3, 4, 5, 6, 7, 8], '^>v<^^'], 13, 8, 6, True], [[[0, 1, 2, 3, 4, 5, 6, 7, 8], '>>^<vv<^^'], 26, 15, 9, True], [[[0, 1, 2, 3, 4, 5, 6, 7, 8], '<<^'], 8, 4, 3, True], [[[0, 1, 2, 3, 4, 5, 6, 7, 8], '^<v>v>^<^<'], 60, 32, 10, True], [[[0, 1, 2, 3, 4, 5, 6, 7, 8], '^^<<'], 7, 5, 4, True], [[[0, 1, 2, 3, 4, 5, 6, 7, 8], '^>vv<^^'], 14, 8, 7, True], [[[0, 1, 2, 3, 4, 5, 6, 7, 8], '<^<'], 8, 4, 3, True], [[[0, 1, 2, 3, 4, 5, 6, 7, 8], '>^^<'], 9, 5, 4, True], [[[0, 1, 2, 3, 4, 5, 6, 7, 8], '>>^<<^'], 12, 7, 6, True], [[[0, 1, 2, 3, 4, 5, 6, 7, 8], '>v<v>>^<^<'], 38, 20, 10, True], [[[0, 1, 2, 3, 4, 5, 6, 7, 8], '^<^'], 8, 4, 3, True], [[[0, 1, 2, 3, 4, 5, 6, 7, 8], '>vv<<^^'], 12, 8, 7, True], [[[0, 1, 2, 3, 4, 5, 6, 7, 8], '^>v>^^<<'], 15, 9, 8, True], [[[0, 1, 2, 3, 4, 5, 6, 7, 8], '<^<^>v<^'], 27, 14, 8, True], [[[0, 1, 2, 3, 4, 5, 6, 7, 8], '>v<^'], 9, 5, 4, True], [[[0, 1, 2, 3, 4, 5, 6, 7, 8], 'v<<^>v<^'], 27, 14, 8, True], [[[0, 1, 2, 3, 4, 5, 6, 7, 8], 'v>^<<^'], 17, 9, 6, True], [[[0, 1, 2, 3, 4, 5, 6, 7, 8], 'v<<^'], 9, 5, 4, True], [[[0, 1, 2, 3, 4, 5, 6, 7, 8], '<^^'], 6, 4, 3, True], [[[0, 1, 2, 3, 4, 5, 6, 7, 8], '>^<v>^^<'], 31, 17, 8, True], [[[0, 1, 2, 3, 4, 5, 6, 7, 8], 'v>>^^<<'], 12, 8, 7, True], [[[0, 1, 2, 3, 4, 5, 6, 7, 8], '<vv<^>>^<<'], 27, 16, 10, True], [[[0, 1, 2, 3, 4, 5, 6, 7, 8], '<^<v>>^^<<'], 39, 23, 10, True], [[[0, 1, 2, 3, 4, 5, 6, 7, 8], 'v<<^'], 9, 5, 4, True], [[[0, 1, 2, 3, 4, 5, 6, 7, 8], '<^>^<'], 11, 6, 5, True], [[[0, 1, 2, 3, 4, 5, 6, 7, 8], '^<<'], 6, 4, 3, True], [[[0, 1, 2, 3, 4, 5, 6, 7, 8], '<<'], 4, 3, 2, True], [[[0, 1, 2, 3, 4, 5, 6, 7, 8], 'vv<^>>v<<^^'], 41, 24, 11, True], [[[0, 1, 2, 3, 4, 5, 6, 7, 8], '<^^'], 6, 4, 3, True], [[[0, 1, 2, 3, 4, 5, 6, 7, 8], '>v<^<^'], 17, 9, 6, True], [[[0, 1, 2, 3, 4, 5, 6, 7, 8], '<v>^^<'], 17, 9, 6, True], [[[0, 1, 2, 3, 4, 5, 6, 7, 8], 'vv<^<v>^^<'], 23, 13, 10, True], [[[0, 1, 2, 3, 4, 5, 6, 7, 8], '<^<'], 8, 4, 3, True], [[[0, 1, 2, 3, 4, 5, 6, 7, 8], '<<'], 4, 3, 2, True], [[[0, 1, 2, 3, 4, 5, 6, 7, 8], '<^^>v<<^'], 20, 11, 8, True], [[[0, 1, 2, 3, 4, 5, 6, 7, 8], '<<'], 4, 3, 2, True], [[[0, 1, 2, 3, 4, 5, 6, 7, 8], '>>vv<^<^'], 15, 9, 8, True], [[[0, 1, 2, 3, 4, 5, 6, 7, 8], '<^'], 6, 3, 2, True], [[[0, 1, 2, 3, 4, 5, 6, 7, 8], '>vv<^>^<'], 24, 13, 8, True], [[[0, 1, 2, 3, 4, 5, 6, 7, 8], '<^>v<<^^'], 19, 12, 8, True], [[[0, 1, 2, 3, 4, 5, 6, 7, 8], '^>v>^<<^'], 25, 14, 8, True], [[[0, 1, 2, 3, 4, 5, 6, 7, 8], '^>^<v<^'], 19, 10, 7, True], [[[0, 1, 2, 3, 4, 5, 6, 7, 8], '<^^<v>^>v<^<'], 40, 22, 12, True], [[[0, 1, 2, 3, 4, 5, 6, 7, 8], 'v>^<'], 9, 5, 4, True], [[[0, 1, 2, 3, 4, 5, 6, 7, 8], '^<<^'], 9, 5, 4, True], [[[0, 1, 2, 3, 4, 5, 6, 7, 8], '^<<v>^<^'], 18, 10, 8, True], [[[0, 1, 2, 3, 4, 5, 6, 7, 8], '^<^<'], 9, 5, 4, True], [[[0, 1, 2, 3, 4, 5, 6, 7, 8], 'v<<^'], 9, 5, 4, True], [[[0, 1, 2, 3, 4, 5, 6, 7, 8], 'v<v<^^'], 12, 7, 6, True], [[[0, 1, 2, 3, 4, 5, 6, 7, 8], '^<^<'], 9, 5, 4, True], [[[0, 1, 2, 3, 4, 5, 6, 7, 8], 'v>^<<^'], 17, 9, 6, True], [[[0, 1, 2, 3, 4, 5, 6, 7, 8], '^<v>^>v<^<^'], 44, 25, 11, True], [[[0, 1, 2, 3, 4, 5, 6, 7, 8], '^^<<'], 7, 5, 4, True], [[[0, 1, 2, 3, 4, 5, 6, 7, 8], '>v<v>^^<'], 30, 16, 8, True], [[[0, 1, 2, 3, 4, 5, 6, 7, 8], '>>v<^<^'], 20, 11, 7, True], [[[0, 1, 2, 3, 4, 5, 6, 7, 8], '^<^<'], 9, 5, 4, True], [[[0, 1, 2, 3, 4, 5, 6, 7, 8], '<^<'], 8, 4, 3, True], [[[0, 1, 2, 3, 4, 5, 6, 7, 8], '^<<^'], 9, 5, 4, True], [[[0, 1, 2, 3, 4, 5, 6, 7, 8], '<^^'], 6, 4, 3, True], [[[0, 1, 2, 3, 4, 5, 6, 7, 8], 'vv<<^^'], 10, 7, 6, True], [[[0, 1, 2, 3, 4, 5, 6, 7, 8], 'v<^>>v<<^'], 34, 19, 9, True], [[[0, 1, 2, 3, 4, 5, 6, 7, 8], 'v>v<^^'], 14, 8, 6, True], [[[0, 1, 2, 3, 4, 5, 6, 7, 8], '<v>^>v<^^<'], 31, 17, 10, True], [[[0, 1, 2, 3, 4, 5, 6, 7, 8], '<<^^>v<^'], 15, 9, 8, True], [[[0, 1, 2, 3, 4, 5, 6, 7, 8], '^>>^<v<^'], 22, 12, 8, True], [[[0, 1, 2, 3, 4, 5, 6, 7, 8], 'v>^<v<^'], 19, 10, 7, True], [[[0, 1, 2, 3, 4, 5, 6, 7, 8], '>>v<<^'], 12, 7, 6, True], [[[0, 1, 2, 3, 4, 5, 6, 7, 8], 'v>>^<<'], 12, 7, 6, True], [[[0, 1, 2, 3, 4, 5, 6, 7, 8], '<^'], 6, 3, 2, True], [[[0, 1, 2, 3, 4, 5, 6, 7, 8], 'v<^<'], 9, 5, 4, True], [[[0, 1, 2, 3, 4, 5, 6, 7, 8], '^'], 3, 2, 1, True], [[[0, 1, 2, 3, 4, 5, 6, 7, 8], '>>^<<'], 11, 6, 5, True], [[[0, 1, 2, 3, 4, 5, 6, 7, 8], '>v<^^'], 12, 7, 5, True], [[[0, 1, 2, 3, 4, 5, 6, 7, 8], '<<'], 4, 3, 2, True], [[[0, 1, 2, 3, 4, 5, 6, 7, 8], 'vv>^<<^'], 19, 10, 7, True], [[[0, 1, 2, 3, 4, 5, 6, 7, 8], 'vv<<^^>v<^'], 18, 11, 10, True], [[[0, 1, 2, 3, 4, 5, 6, 7, 8], '^^'], 4, 3, 2, True], [[[0, 1, 2, 3, 4, 5, 6, 7, 8], '^<v<^'], 11, 6, 5, True], [[[0, 1, 2, 3, 4, 5, 6, 7, 8], 'vv<^>^<<'], 23, 13, 8, True], [[[0, 1, 2, 3, 4, 5, 6, 7, 8], '^^'], 4, 3, 2, True], [[[0, 1, 2, 3, 4, 5, 6, 7, 8], 'v<^<'], 9, 5, 4, True], [[[0, 1, 2, 3, 4, 5, 6, 7, 8], '^'], 3, 2, 1, True], [[[0, 1, 2, 3, 4, 5, 6, 7, 8], 'v>^<^<'], 17, 9, 6, True], [[[0, 1, 2, 3, 4, 5, 6, 7, 8], 'v<^^'], 9, 5, 4, True], [[[0, 1, 2, 3, 4, 5, 6, 7, 8], '^>vv<^<^'], 17, 9, 8, True], [[[0, 1, 2, 3, 4, 5, 6, 7, 8], 'v<^'], 8, 4, 3, True], [[[0, 1, 2, 3, 4, 5, 6, 7, 8], '^<<^>v<^'], 27, 14, 8, True], [[[0, 1, 2, 3, 4, 5, 6, 7, 8], '^<^'], 8, 4, 3, True], [[[0, 1, 2, 3, 4, 5, 6, 7, 8], '^>vv>^<<^'], 22, 12, 9, True], [[[0, 1, 2, 3, 4, 5, 6, 7, 8], '^>>v<^<'], 18, 10, 7, True], [[[0, 1, 2, 3, 4, 5, 6, 7, 8], '<<vv>^^<'], 15, 9, 8, True], [[[0, 1, 2, 3, 4, 5, 6, 7, 8], '<^'], 6, 3, 2, True], [[[0, 1, 2, 3, 4, 5, 6, 7, 8], '^<<'], 6, 4, 3, True], [[[0, 1, 2, 3, 4, 5, 6, 7, 8], '<vv>^<^<'], 22, 12, 8, True], [[[0, 1, 2, 3, 4, 5, 6, 7, 8], '<v>^^<'], 17, 9, 6, True], [[[0, 1, 2, 3, 4, 5, 6, 7, 8], '^<<^>>v<v<^^'], 23, 13, 12, True], [[[0, 1, 2, 3, 4, 5, 6, 7, 8], 'vv>^<^'], 14, 8, 6, True], [[[0, 1, 2, 3, 4, 5, 6, 7, 8], '^<^<'], 9, 5, 4, True], [[[0, 1, 2, 3, 4, 5, 6, 7, 8], 'v<^>>v<<^'], 34, 19, 9, True], [[[0, 1, 2, 3, 4, 5, 6, 7, 8], '>v>^<v<^^'], 24, 14, 9, True], [[[0, 1, 2, 3, 4, 5, 6, 7, 8], '^<^<'], 9, 5, 4, True], [[[0, 1, 2, 3, 4, 5, 6, 7, 8], '^<v>^^<vv>^<^'], 80, 45, 13, True], [[[0, 1, 2, 3, 4, 5, 6, 7, 8], 'v<^'], 8, 4, 3, True], [[[0, 1, 2, 3, 4, 5, 6, 7, 8], '^^<'], 8, 4, 3, True], [[[0, 1, 2, 3, 4, 5, 6, 7, 8], '^^<v<^'], 12, 7, 6, True], [[[0, 1, 2, 3, 4, 5, 6, 7, 8], '<v<^'], 9, 5, 4, True], [[[0, 1, 2, 3, 4, 5, 6, 7, 8], '<v<^'], 9, 5, 4, True], [[[0, 1, 2, 3, 4, 5, 6, 7, 8], '<v>^<^>v<^'], 38, 20, 10, True], [[[0, 1, 2, 3, 4, 5, 6, 7, 8], '<^<^>>v<<^'], 20, 11, 10, True], [[[0, 1, 2, 3, 4, 5, 6, 7, 8], 'v<v>^^<<'], 26, 15, 8, True], [[[0, 1, 2, 3, 4, 5, 6, 7, 8], '<^<^>v<^'], 27, 14, 8, True], [[[0, 1, 2, 3, 4, 5, 6, 7, 8], '^<^<vv>^<^'], 28, 16, 10, True], [[[0, 1, 2, 3, 4, 5, 6, 7, 8], '<^>^<'], 11, 6, 5, True], [[[0, 1, 2, 3, 4, 5, 6, 7, 8], '^>^>vv<^<^'], 29, 17, 10, True], [[[0, 1, 2, 3, 4, 5, 6, 7, 8], '<^^<'], 9, 5, 4, True], [[[0, 1, 2, 3, 4, 5, 6, 7, 8], '<v>^>^<<'], 23, 13, 8, True], [[[0, 1, 2, 3, 4, 5, 6, 7, 8], '<v<v>>^<^<'], 29, 17, 10, True], [[[0, 1, 2, 3, 4, 5, 6, 7, 8], '^'], 3, 2, 1, True], [[[0, 1, 2, 3, 4, 5, 6, 7, 8], '^^>>vv<<^>^<'], 26, 15, 12, True]]